GROUP,CODE,NAME,YEAR,DISEASE,DISEASE_DESCRIPTION,CASES
WHO_REGIONS,AFR,African Region,2023.0,CRS,Congenital rubella syndrome,124.0
WHO_REGIONS,AFR,African Region,2023.0,DIPHTHERIA,Diphtheria,18684.0
WHO_REGIONS,AFR,African Region,2023.0,INVASIVE_MENING,Invasive meningococcal disease,828.0
WHO_REGIONS,AFR,African Region,2023.0,JAPENC,Japanese encephalitis,2.0
WHO_REGIONS,AFR,African Region,2023.0,MEASLES,Measles,424433.0
WHO_REGIONS,AFR,African Region,2023.0,MUMPS,Mumps,317304.0
WHO_REGIONS,AFR,African Region,2023.0,NTETANUS,Neonatal tetanus,3654.0
WHO_REGIONS,AFR,African Region,2023.0,PERTUSSIS,Pertussis,5207.0
WHO_REGIONS,AFR,African Region,2023.0,POLIO,Poliomyelitis,503.0
WHO_REGIONS,AFR,African Region,2023.0,RUBELLA,Rubella,26295.0
WHO_REGIONS,AFR,African Region,2023.0,TTETANUS,Total tetanus,16324.0
WHO_REGIONS,AFR,African Region,2023.0,TYPHOID,Typhoid,3635591.0
WHO_REGIONS,AFR,African Region,2023.0,YFEVER,Yellow fever,435.0
WHO_REGIONS,AFR,African Region,2022.0,CRS,Congenital rubella syndrome,5.0
WHO_REGIONS,AFR,African Region,2022.0,DIPHTHERIA,Diphtheria,4856.0
WHO_REGIONS,AFR,African Region,2022.0,INVASIVE_MENING,Invasive meningococcal disease,11874.0
WHO_REGIONS,AFR,African Region,2022.0,JAPENC,Japanese encephalitis,0.0
WHO_REGIONS,AFR,African Region,2022.0,MEASLES,Measles,97230.0
WHO_REGIONS,AFR,African Region,2022.0,MUMPS,Mumps,231965.0
WHO_REGIONS,AFR,African Region,2022.0,NTETANUS,Neonatal tetanus,1149.0
WHO_REGIONS,AFR,African Region,2022.0,PERTUSSIS,Pertussis,4643.0
WHO_REGIONS,AFR,African Region,2022.0,POLIO,Poliomyelitis,694.0
WHO_REGIONS,AFR,African Region,2022.0,RUBELLA,Rubella,10297.0
WHO_REGIONS,AFR,African Region,2022.0,TTETANUS,Total tetanus,3477.0
WHO_REGIONS,AFR,African Region,2022.0,TYPHOID,Typhoid,2478436.0
WHO_REGIONS,AFR,African Region,2022.0,YFEVER,Yellow fever,203.0
WHO_REGIONS,AFR,African Region,2021.0,CRS,Congenital rubella syndrome,100.0
WHO_REGIONS,AFR,African Region,2021.0,DIPHTHERIA,Diphtheria,4724.0
WHO_REGIONS,AFR,African Region,2021.0,INVASIVE_MENING,Invasive meningococcal disease,23295.0
WHO_REGIONS,AFR,African Region,2021.0,JAPENC,Japanese encephalitis,0.0
WHO_REGIONS,AFR,African Region,2021.0,MEASLES,Measles,88760.0
WHO_REGIONS,AFR,African Region,2021.0,MUMPS,Mumps,84787.0
WHO_REGIONS,AFR,African Region,2021.0,NTETANUS,Neonatal tetanus,712.0
WHO_REGIONS,AFR,African Region,2021.0,PERTUSSIS,Pertussis,3326.0
WHO_REGIONS,AFR,African Region,2021.0,POLIO,Poliomyelitis,543.0
WHO_REGIONS,AFR,African Region,2021.0,RUBELLA,Rubella,3863.0
WHO_REGIONS,AFR,African Region,2021.0,TTETANUS,Total tetanus,2926.0
WHO_REGIONS,AFR,African Region,2021.0,TYPHOID,Typhoid,1853103.0
WHO_REGIONS,AFR,African Region,2021.0,YFEVER,Yellow fever,256.0
WHO_REGIONS,AFR,African Region,2020.0,CRS,Congenital rubella syndrome,28.0
WHO_REGIONS,AFR,African Region,2020.0,DIPHTHERIA,Diphtheria,5387.0
WHO_REGIONS,AFR,African Region,2020.0,INVASIVE_MENING,Invasive meningococcal disease,16243.0
WHO_REGIONS,AFR,African Region,2020.0,JAPENC,Japanese encephalitis,0.0
WHO_REGIONS,AFR,African Region,2020.0,MEASLES,Measles,115368.0
WHO_REGIONS,AFR,African Region,2020.0,MUMPS,Mumps,94491.0
WHO_REGIONS,AFR,African Region,2020.0,NTETANUS,Neonatal tetanus,1218.0
WHO_REGIONS,AFR,African Region,2020.0,PERTUSSIS,Pertussis,2266.0
WHO_REGIONS,AFR,African Region,2020.0,POLIO,Poliomyelitis,563.0
WHO_REGIONS,AFR,African Region,2020.0,RUBELLA,Rubella,4840.0
WHO_REGIONS,AFR,African Region,2020.0,TTETANUS,Total tetanus,7737.0
WHO_REGIONS,AFR,African Region,2020.0,TYPHOID,Typhoid,882433.0
WHO_REGIONS,AFR,African Region,2020.0,YFEVER,Yellow fever,1110.0
WHO_REGIONS,AFR,African Region,2019.0,CRS,Congenital rubella syndrome,9.0
WHO_REGIONS,AFR,African Region,2019.0,DIPHTHERIA,Diphtheria,11400.0
WHO_REGIONS,AFR,African Region,2019.0,JAPENC,Japanese encephalitis,0.0
WHO_REGIONS,AFR,African Region,2019.0,MEASLES,Measles,618595.0
WHO_REGIONS,AFR,African Region,2019.0,MUMPS,Mumps,38795.0
WHO_REGIONS,AFR,African Region,2019.0,NTETANUS,Neonatal tetanus,1151.0
WHO_REGIONS,AFR,African Region,2019.0,PERTUSSIS,Pertussis,4121.0
WHO_REGIONS,AFR,African Region,2019.0,POLIO,Poliomyelitis,328.0
WHO_REGIONS,AFR,African Region,2019.0,RUBELLA,Rubella,6026.0
WHO_REGIONS,AFR,African Region,2019.0,TTETANUS,Total tetanus,3606.0
WHO_REGIONS,AFR,African Region,2019.0,TYPHOID,Typhoid,141612.0
WHO_REGIONS,AFR,African Region,2019.0,YFEVER,Yellow fever,360.0
WHO_REGIONS,AFR,African Region,2018.0,CRS,Congenital rubella syndrome,18.0
WHO_REGIONS,AFR,African Region,2018.0,DIPHTHERIA,Diphtheria,1971.0
WHO_REGIONS,AFR,African Region,2018.0,JAPENC,Japanese encephalitis,0.0
WHO_REGIONS,AFR,African Region,2018.0,MEASLES,Measles,125426.0
WHO_REGIONS,AFR,African Region,2018.0,MUMPS,Mumps,54482.0
WHO_REGIONS,AFR,African Region,2018.0,NTETANUS,Neonatal tetanus,1130.0
WHO_REGIONS,AFR,African Region,2018.0,PERTUSSIS,Pertussis,14001.0
WHO_REGIONS,AFR,African Region,2018.0,POLIO,Poliomyelitis,65.0
WHO_REGIONS,AFR,African Region,2018.0,RUBELLA,Rubella,11787.0
WHO_REGIONS,AFR,African Region,2018.0,TTETANUS,Total tetanus,5235.0
WHO_REGIONS,AFR,African Region,2018.0,TYPHOID,Typhoid,1894.0
WHO_REGIONS,AFR,African Region,2018.0,YFEVER,Yellow fever,734.0
WHO_REGIONS,AFR,African Region,2017.0,CRS,Congenital rubella syndrome,24.0
WHO_REGIONS,AFR,African Region,2017.0,DIPHTHERIA,Diphtheria,118.0
WHO_REGIONS,AFR,African Region,2017.0,JAPENC,Japanese encephalitis,0.0
WHO_REGIONS,AFR,African Region,2017.0,MEASLES,Measles,72603.0
WHO_REGIONS,AFR,African Region,2017.0,MUMPS,Mumps,41490.0
WHO_REGIONS,AFR,African Region,2017.0,NTETANUS,Neonatal tetanus,979.0
WHO_REGIONS,AFR,African Region,2017.0,PERTUSSIS,Pertussis,7082.0
WHO_REGIONS,AFR,African Region,2017.0,POLIO,Poliomyelitis,22.0
WHO_REGIONS,AFR,African Region,2017.0,RUBELLA,Rubella,6166.0
WHO_REGIONS,AFR,African Region,2017.0,TTETANUS,Total tetanus,2791.0
WHO_REGIONS,AFR,African Region,2017.0,YFEVER,Yellow fever,53.0
WHO_REGIONS,AFR,African Region,2016.0,CRS,Congenital rubella syndrome,14.0
WHO_REGIONS,AFR,African Region,2016.0,DIPHTHERIA,Diphtheria,2870.0
WHO_REGIONS,AFR,African Region,2016.0,JAPENC,Japanese encephalitis,0.0
WHO_REGIONS,AFR,African Region,2016.0,MEASLES,Measles,36269.0
WHO_REGIONS,AFR,African Region,2016.0,MUMPS,Mumps,100576.0
WHO_REGIONS,AFR,African Region,2016.0,NTETANUS,Neonatal tetanus,1183.0
WHO_REGIONS,AFR,African Region,2016.0,PERTUSSIS,Pertussis,1435.0
WHO_REGIONS,AFR,African Region,2016.0,POLIO,Poliomyelitis,5.0
WHO_REGIONS,AFR,African Region,2016.0,RUBELLA,Rubella,4157.0
WHO_REGIONS,AFR,African Region,2016.0,TTETANUS,Total tetanus,5787.0
WHO_REGIONS,AFR,African Region,2016.0,YFEVER,Yellow fever,1040.0
WHO_REGIONS,AFR,African Region,2015.0,CRS,Congenital rubella syndrome,78.0
WHO_REGIONS,AFR,African Region,2015.0,DIPHTHERIA,Diphtheria,1654.0
WHO_REGIONS,AFR,African Region,2015.0,JAPENC,Japanese encephalitis,0.0
WHO_REGIONS,AFR,African Region,2015.0,MEASLES,Measles,52758.0
WHO_REGIONS,AFR,African Region,2015.0,MUMPS,Mumps,28492.0
WHO_REGIONS,AFR,African Region,2015.0,NTETANUS,Neonatal tetanus,1289.0
WHO_REGIONS,AFR,African Region,2015.0,PERTUSSIS,Pertussis,7565.0
WHO_REGIONS,AFR,African Region,2015.0,POLIO,Poliomyelitis,18.0
WHO_REGIONS,AFR,African Region,2015.0,RUBELLA,Rubella,5302.0
WHO_REGIONS,AFR,African Region,2015.0,TTETANUS,Total tetanus,3529.0
WHO_REGIONS,AFR,African Region,2015.0,YFEVER,Yellow fever,35.0
WHO_REGIONS,AFR,African Region,2014.0,CRS,Congenital rubella syndrome,14.0
WHO_REGIONS,AFR,African Region,2014.0,DIPHTHERIA,Diphtheria,1.0
WHO_REGIONS,AFR,African Region,2014.0,JAPENC,Japanese encephalitis,0.0
WHO_REGIONS,AFR,African Region,2014.0,MEASLES,Measles,73914.0
WHO_REGIONS,AFR,African Region,2014.0,MUMPS,Mumps,7.0
WHO_REGIONS,AFR,African Region,2014.0,NTETANUS,Neonatal tetanus,835.0
WHO_REGIONS,AFR,African Region,2014.0,PERTUSSIS,Pertussis,10098.0
WHO_REGIONS,AFR,African Region,2014.0,POLIO,Poliomyelitis,19.0
WHO_REGIONS,AFR,African Region,2014.0,RUBELLA,Rubella,7402.0
WHO_REGIONS,AFR,African Region,2014.0,TTETANUS,Total tetanus,2900.0
WHO_REGIONS,AFR,African Region,2014.0,YFEVER,Yellow fever,31.0
WHO_REGIONS,AFR,African Region,2013.0,CRS,Congenital rubella syndrome,3.0
WHO_REGIONS,AFR,African Region,2013.0,DIPHTHERIA,Diphtheria,128.0
WHO_REGIONS,AFR,African Region,2013.0,JAPENC,Japanese encephalitis,0.0
WHO_REGIONS,AFR,African Region,2013.0,MEASLES,Measles,171178.0
WHO_REGIONS,AFR,African Region,2013.0,MUMPS,Mumps,8147.0
WHO_REGIONS,AFR,African Region,2013.0,NTETANUS,Neonatal tetanus,1449.0
WHO_REGIONS,AFR,African Region,2013.0,PERTUSSIS,Pertussis,9930.0
WHO_REGIONS,AFR,African Region,2013.0,POLIO,Poliomyelitis,93.0
WHO_REGIONS,AFR,African Region,2013.0,RUBELLA,Rubella,13739.0
WHO_REGIONS,AFR,African Region,2013.0,TTETANUS,Total tetanus,5149.0
WHO_REGIONS,AFR,African Region,2013.0,YFEVER,Yellow fever,268.0
WHO_REGIONS,AFR,African Region,2012.0,CRS,Congenital rubella syndrome,69.0
WHO_REGIONS,AFR,African Region,2012.0,DIPHTHERIA,Diphtheria,27.0
WHO_REGIONS,AFR,African Region,2012.0,JAPENC,Japanese encephalitis,0.0
WHO_REGIONS,AFR,African Region,2012.0,MEASLES,Measles,108004.0
WHO_REGIONS,AFR,African Region,2012.0,MUMPS,Mumps,2401.0
WHO_REGIONS,AFR,African Region,2012.0,NTETANUS,Neonatal tetanus,2049.0
WHO_REGIONS,AFR,African Region,2012.0,PERTUSSIS,Pertussis,16839.0
WHO_REGIONS,AFR,African Region,2012.0,POLIO,Poliomyelitis,168.0
WHO_REGIONS,AFR,African Region,2012.0,RUBELLA,Rubella,10850.0
WHO_REGIONS,AFR,African Region,2012.0,TTETANUS,Total tetanus,4737.0
WHO_REGIONS,AFR,African Region,2012.0,YFEVER,Yellow fever,246.0
WHO_REGIONS,AFR,African Region,2011.0,CRS,Congenital rubella syndrome,0.0
WHO_REGIONS,AFR,African Region,2011.0,DIPHTHERIA,Diphtheria,13.0
WHO_REGIONS,AFR,African Region,2011.0,JAPENC,Japanese encephalitis,0.0
WHO_REGIONS,AFR,African Region,2011.0,MEASLES,Measles,195620.0
WHO_REGIONS,AFR,African Region,2011.0,MUMPS,Mumps,10808.0
WHO_REGIONS,AFR,African Region,2011.0,NTETANUS,Neonatal tetanus,1908.0
WHO_REGIONS,AFR,African Region,2011.0,PERTUSSIS,Pertussis,5816.0
WHO_REGIONS,AFR,African Region,2011.0,POLIO,Poliomyelitis,398.0
WHO_REGIONS,AFR,African Region,2011.0,RUBELLA,Rubella,16190.0
WHO_REGIONS,AFR,African Region,2011.0,TTETANUS,Total tetanus,4355.0
WHO_REGIONS,AFR,African Region,2011.0,YFEVER,Yellow fever,2574.0
WHO_REGIONS,AFR,African Region,2010.0,CRS,Congenital rubella syndrome,16.0
WHO_REGIONS,AFR,African Region,2010.0,DIPHTHERIA,Diphtheria,50.0
WHO_REGIONS,AFR,African Region,2010.0,JAPENC,Japanese encephalitis,0.0
WHO_REGIONS,AFR,African Region,2010.0,MEASLES,Measles,199174.0
WHO_REGIONS,AFR,African Region,2010.0,MUMPS,Mumps,13836.0
WHO_REGIONS,AFR,African Region,2010.0,NTETANUS,Neonatal tetanus,1937.0
WHO_REGIONS,AFR,African Region,2010.0,PERTUSSIS,Pertussis,4929.0
WHO_REGIONS,AFR,African Region,2010.0,POLIO,Poliomyelitis,709.0
WHO_REGIONS,AFR,African Region,2010.0,RUBELLA,Rubella,2754.0
WHO_REGIONS,AFR,African Region,2010.0,TTETANUS,Total tetanus,4311.0
WHO_REGIONS,AFR,African Region,2010.0,YFEVER,Yellow fever,714.0
WHO_REGIONS,AFR,African Region,2009.0,CRS,Congenital rubella syndrome,47.0
WHO_REGIONS,AFR,African Region,2009.0,DIPHTHERIA,Diphtheria,10.0
WHO_REGIONS,AFR,African Region,2009.0,JAPENC,Japanese encephalitis,0.0
WHO_REGIONS,AFR,African Region,2009.0,MEASLES,Measles,83479.0
WHO_REGIONS,AFR,African Region,2009.0,MUMPS,Mumps,1698.0
WHO_REGIONS,AFR,African Region,2009.0,NTETANUS,Neonatal tetanus,1517.0
WHO_REGIONS,AFR,African Region,2009.0,PERTUSSIS,Pertussis,15768.0
WHO_REGIONS,AFR,African Region,2009.0,POLIO,Poliomyelitis,855.0
WHO_REGIONS,AFR,African Region,2009.0,RUBELLA,Rubella,17422.0
WHO_REGIONS,AFR,African Region,2009.0,TTETANUS,Total tetanus,4607.0
WHO_REGIONS,AFR,African Region,2009.0,YFEVER,Yellow fever,76.0
WHO_REGIONS,AFR,African Region,2008.0,CRS,Congenital rubella syndrome,0.0
WHO_REGIONS,AFR,African Region,2008.0,DIPHTHERIA,Diphtheria,72.0
WHO_REGIONS,AFR,African Region,2008.0,JAPENC,Japanese encephalitis,0.0
WHO_REGIONS,AFR,African Region,2008.0,MEASLES,Measles,37012.0
WHO_REGIONS,AFR,African Region,2008.0,MUMPS,Mumps,16944.0
WHO_REGIONS,AFR,African Region,2008.0,NTETANUS,Neonatal tetanus,2182.0
WHO_REGIONS,AFR,African Region,2008.0,PERTUSSIS,Pertussis,19429.0
WHO_REGIONS,AFR,African Region,2008.0,POLIO,Poliomyelitis,996.0
WHO_REGIONS,AFR,African Region,2008.0,RUBELLA,Rubella,16297.0
WHO_REGIONS,AFR,African Region,2008.0,TTETANUS,Total tetanus,5505.0
WHO_REGIONS,AFR,African Region,2008.0,YFEVER,Yellow fever,270.0
WHO_REGIONS,AFR,African Region,2007.0,CRS,Congenital rubella syndrome,1.0
WHO_REGIONS,AFR,African Region,2007.0,DIPHTHERIA,Diphtheria,17.0
WHO_REGIONS,AFR,African Region,2007.0,JAPENC,Japanese encephalitis,0.0
WHO_REGIONS,AFR,African Region,2007.0,MEASLES,Measles,76410.0
WHO_REGIONS,AFR,African Region,2007.0,MUMPS,Mumps,9097.0
WHO_REGIONS,AFR,African Region,2007.0,NTETANUS,Neonatal tetanus,1346.0
WHO_REGIONS,AFR,African Region,2007.0,PERTUSSIS,Pertussis,21197.0
WHO_REGIONS,AFR,African Region,2007.0,POLIO,Poliomyelitis,438.0
WHO_REGIONS,AFR,African Region,2007.0,RUBELLA,Rubella,3993.0
WHO_REGIONS,AFR,African Region,2007.0,TTETANUS,Total tetanus,5157.0
WHO_REGIONS,AFR,African Region,2007.0,YFEVER,Yellow fever,212.0
WHO_REGIONS,AFR,African Region,2006.0,CRS,Congenital rubella syndrome,8.0
WHO_REGIONS,AFR,African Region,2006.0,DIPHTHERIA,Diphtheria,351.0
WHO_REGIONS,AFR,African Region,2006.0,JAPENC,Japanese encephalitis,7.0
WHO_REGIONS,AFR,African Region,2006.0,MEASLES,Measles,99420.0
WHO_REGIONS,AFR,African Region,2006.0,MUMPS,Mumps,9303.0
WHO_REGIONS,AFR,African Region,2006.0,NTETANUS,Neonatal tetanus,3468.0
WHO_REGIONS,AFR,African Region,2006.0,PERTUSSIS,Pertussis,18399.0
WHO_REGIONS,AFR,African Region,2006.0,POLIO,Poliomyelitis,1213.0
WHO_REGIONS,AFR,African Region,2006.0,RUBELLA,Rubella,2457.0
WHO_REGIONS,AFR,African Region,2006.0,TTETANUS,Total tetanus,5825.0
WHO_REGIONS,AFR,African Region,2006.0,YFEVER,Yellow fever,272.0
WHO_REGIONS,AFR,African Region,2005.0,CRS,Congenital rubella syndrome,3.0
WHO_REGIONS,AFR,African Region,2005.0,DIPHTHERIA,Diphtheria,54.0
WHO_REGIONS,AFR,African Region,2005.0,MEASLES,Measles,316219.0
WHO_REGIONS,AFR,African Region,2005.0,MUMPS,Mumps,18215.0
WHO_REGIONS,AFR,African Region,2005.0,NTETANUS,Neonatal tetanus,4415.0
WHO_REGIONS,AFR,African Region,2005.0,PERTUSSIS,Pertussis,22139.0
WHO_REGIONS,AFR,African Region,2005.0,POLIO,Poliomyelitis,885.0
WHO_REGIONS,AFR,African Region,2005.0,RUBELLA,Rubella,2868.0
WHO_REGIONS,AFR,African Region,2005.0,TTETANUS,Total tetanus,2861.0
WHO_REGIONS,AFR,African Region,2005.0,YFEVER,Yellow fever,474.0
WHO_REGIONS,AFR,African Region,2004.0,CRS,Congenital rubella syndrome,4.0
WHO_REGIONS,AFR,African Region,2004.0,DIPHTHERIA,Diphtheria,23.0
WHO_REGIONS,AFR,African Region,2004.0,MEASLES,Measles,220180.0
WHO_REGIONS,AFR,African Region,2004.0,MUMPS,Mumps,19266.0
WHO_REGIONS,AFR,African Region,2004.0,NTETANUS,Neonatal tetanus,2693.0
WHO_REGIONS,AFR,African Region,2004.0,PERTUSSIS,Pertussis,26335.0
WHO_REGIONS,AFR,African Region,2004.0,POLIO,Poliomyelitis,934.0
WHO_REGIONS,AFR,African Region,2004.0,RUBELLA,Rubella,4452.0
WHO_REGIONS,AFR,African Region,2004.0,TTETANUS,Total tetanus,2417.0
WHO_REGIONS,AFR,African Region,2004.0,YFEVER,Yellow fever,1253.0
WHO_REGIONS,AFR,African Region,2003.0,CRS,Congenital rubella syndrome,9.0
WHO_REGIONS,AFR,African Region,2003.0,DIPHTHERIA,Diphtheria,216.0
WHO_REGIONS,AFR,African Region,2003.0,MEASLES,Measles,403016.0
WHO_REGIONS,AFR,African Region,2003.0,MUMPS,Mumps,11550.0
WHO_REGIONS,AFR,African Region,2003.0,NTETANUS,Neonatal tetanus,2364.0
WHO_REGIONS,AFR,African Region,2003.0,PERTUSSIS,Pertussis,16418.0
WHO_REGIONS,AFR,African Region,2003.0,POLIO,Poliomyelitis,446.0
WHO_REGIONS,AFR,African Region,2003.0,RUBELLA,Rubella,4835.0
WHO_REGIONS,AFR,African Region,2003.0,TTETANUS,Total tetanus,2017.0
WHO_REGIONS,AFR,African Region,2003.0,YFEVER,Yellow fever,498.0
WHO_REGIONS,AFR,African Region,2002.0,CRS,Congenital rubella syndrome,0.0
WHO_REGIONS,AFR,African Region,2002.0,DIPHTHERIA,Diphtheria,941.0
WHO_REGIONS,AFR,African Region,2002.0,MEASLES,Measles,288340.0
WHO_REGIONS,AFR,African Region,2002.0,MUMPS,Mumps,18023.0
WHO_REGIONS,AFR,African Region,2002.0,NTETANUS,Neonatal tetanus,4693.0
WHO_REGIONS,AFR,African Region,2002.0,PERTUSSIS,Pertussis,19452.0
WHO_REGIONS,AFR,African Region,2002.0,POLIO,Poliomyelitis,212.0
WHO_REGIONS,AFR,African Region,2002.0,RUBELLA,Rubella,2265.0
WHO_REGIONS,AFR,African Region,2002.0,TTETANUS,Total tetanus,10872.0
WHO_REGIONS,AFR,African Region,2002.0,YFEVER,Yellow fever,610.0
WHO_REGIONS,AFR,African Region,2001.0,CRS,Congenital rubella syndrome,0.0
WHO_REGIONS,AFR,African Region,2001.0,DIPHTHERIA,Diphtheria,2587.0
WHO_REGIONS,AFR,African Region,2001.0,MEASLES,Measles,491989.0
WHO_REGIONS,AFR,African Region,2001.0,MUMPS,Mumps,15731.0
WHO_REGIONS,AFR,African Region,2001.0,NTETANUS,Neonatal tetanus,5160.0
WHO_REGIONS,AFR,African Region,2001.0,PERTUSSIS,Pertussis,50386.0
WHO_REGIONS,AFR,African Region,2001.0,POLIO,Poliomyelitis,70.0
WHO_REGIONS,AFR,African Region,2001.0,RUBELLA,Rubella,1572.0
WHO_REGIONS,AFR,African Region,2001.0,TTETANUS,Total tetanus,6482.0
WHO_REGIONS,AFR,African Region,2001.0,YFEVER,Yellow fever,572.0
WHO_REGIONS,AFR,African Region,2000.0,CRS,Congenital rubella syndrome,0.0
WHO_REGIONS,AFR,African Region,2000.0,DIPHTHERIA,Diphtheria,4038.0
WHO_REGIONS,AFR,African Region,2000.0,MEASLES,Measles,520102.0
WHO_REGIONS,AFR,African Region,2000.0,MUMPS,Mumps,38713.0
WHO_REGIONS,AFR,African Region,2000.0,NTETANUS,Neonatal tetanus,5175.0
WHO_REGIONS,AFR,African Region,2000.0,PERTUSSIS,Pertussis,52008.0
WHO_REGIONS,AFR,African Region,2000.0,POLIO,Poliomyelitis,1863.0
WHO_REGIONS,AFR,African Region,2000.0,RUBELLA,Rubella,865.0
WHO_REGIONS,AFR,African Region,2000.0,TTETANUS,Total tetanus,5835.0
WHO_REGIONS,AFR,African Region,2000.0,YFEVER,Yellow fever,593.0
WHO_REGIONS,AFR,African Region,1999.0,CRS,Congenital rubella syndrome,0.0
WHO_REGIONS,AFR,African Region,1999.0,DIPHTHERIA,Diphtheria,226.0
WHO_REGIONS,AFR,African Region,1999.0,MEASLES,Measles,486660.0
WHO_REGIONS,AFR,African Region,1999.0,MUMPS,Mumps,13327.0
WHO_REGIONS,AFR,African Region,1999.0,NTETANUS,Neonatal tetanus,2696.0
WHO_REGIONS,AFR,African Region,1999.0,PERTUSSIS,Pertussis,11066.0
WHO_REGIONS,AFR,African Region,1999.0,POLIO,Poliomyelitis,2861.0
WHO_REGIONS,AFR,African Region,1999.0,RUBELLA,Rubella,51.0
WHO_REGIONS,AFR,African Region,1999.0,TTETANUS,Total tetanus,2463.0
WHO_REGIONS,AFR,African Region,1999.0,YFEVER,Yellow fever,8.0
WHO_REGIONS,AFR,African Region,1998.0,DIPHTHERIA,Diphtheria,931.0
WHO_REGIONS,AFR,African Region,1998.0,MEASLES,Measles,373149.0
WHO_REGIONS,AFR,African Region,1998.0,NTETANUS,Neonatal tetanus,4855.0
WHO_REGIONS,AFR,African Region,1998.0,PERTUSSIS,Pertussis,38961.0
WHO_REGIONS,AFR,African Region,1998.0,POLIO,Poliomyelitis,991.0
WHO_REGIONS,AFR,African Region,1998.0,TTETANUS,Total tetanus,2874.0
WHO_REGIONS,AFR,African Region,1998.0,YFEVER,Yellow fever,33.0
WHO_REGIONS,AFR,African Region,1997.0,DIPHTHERIA,Diphtheria,117.0
WHO_REGIONS,AFR,African Region,1997.0,MEASLES,Measles,299623.0
WHO_REGIONS,AFR,African Region,1997.0,NTETANUS,Neonatal tetanus,3207.0
WHO_REGIONS,AFR,African Region,1997.0,PERTUSSIS,Pertussis,12101.0
WHO_REGIONS,AFR,African Region,1997.0,POLIO,Poliomyelitis,1088.0
WHO_REGIONS,AFR,African Region,1997.0,TTETANUS,Total tetanus,2496.0
WHO_REGIONS,AFR,African Region,1997.0,YFEVER,Yellow fever,47.0
WHO_REGIONS,AFR,African Region,1996.0,DIPHTHERIA,Diphtheria,2282.0
WHO_REGIONS,AFR,African Region,1996.0,MEASLES,Measles,484914.0
WHO_REGIONS,AFR,African Region,1996.0,NTETANUS,Neonatal tetanus,3633.0
WHO_REGIONS,AFR,African Region,1996.0,PERTUSSIS,Pertussis,35382.0
WHO_REGIONS,AFR,African Region,1996.0,POLIO,Poliomyelitis,1949.0
WHO_REGIONS,AFR,African Region,1996.0,TTETANUS,Total tetanus,4634.0
WHO_REGIONS,AFR,African Region,1996.0,YFEVER,Yellow fever,292.0
WHO_REGIONS,AFR,African Region,1995.0,DIPHTHERIA,Diphtheria,229.0
WHO_REGIONS,AFR,African Region,1995.0,MEASLES,Measles,362925.0
WHO_REGIONS,AFR,African Region,1995.0,NTETANUS,Neonatal tetanus,2603.0
WHO_REGIONS,AFR,African Region,1995.0,PERTUSSIS,Pertussis,16274.0
WHO_REGIONS,AFR,African Region,1995.0,POLIO,Poliomyelitis,2198.0
WHO_REGIONS,AFR,African Region,1995.0,TTETANUS,Total tetanus,1322.0
WHO_REGIONS,AFR,African Region,1995.0,YFEVER,Yellow fever,695.0
WHO_REGIONS,AFR,African Region,1994.0,DIPHTHERIA,Diphtheria,1439.0
WHO_REGIONS,AFR,African Region,1994.0,MEASLES,Measles,420193.0
WHO_REGIONS,AFR,African Region,1994.0,NTETANUS,Neonatal tetanus,3977.0
WHO_REGIONS,AFR,African Region,1994.0,PERTUSSIS,Pertussis,25402.0
WHO_REGIONS,AFR,African Region,1994.0,POLIO,Poliomyelitis,1594.0
WHO_REGIONS,AFR,African Region,1994.0,TTETANUS,Total tetanus,1707.0
WHO_REGIONS,AFR,African Region,1994.0,YFEVER,Yellow fever,1351.0
WHO_REGIONS,AFR,African Region,1993.0,DIPHTHERIA,Diphtheria,2357.0
WHO_REGIONS,AFR,African Region,1993.0,MEASLES,Measles,395025.0
WHO_REGIONS,AFR,African Region,1993.0,NTETANUS,Neonatal tetanus,4751.0
WHO_REGIONS,AFR,African Region,1993.0,PERTUSSIS,Pertussis,32602.0
WHO_REGIONS,AFR,African Region,1993.0,POLIO,Poliomyelitis,2015.0
WHO_REGIONS,AFR,African Region,1993.0,TTETANUS,Total tetanus,6817.0
WHO_REGIONS,AFR,African Region,1993.0,YFEVER,Yellow fever,218.0
WHO_REGIONS,AFR,African Region,1992.0,DIPHTHERIA,Diphtheria,2869.0
WHO_REGIONS,AFR,African Region,1992.0,MEASLES,Measles,581125.0
WHO_REGIONS,AFR,African Region,1992.0,NTETANUS,Neonatal tetanus,4461.0
WHO_REGIONS,AFR,African Region,1992.0,PERTUSSIS,Pertussis,39531.0
WHO_REGIONS,AFR,African Region,1992.0,POLIO,Poliomyelitis,1555.0
WHO_REGIONS,AFR,African Region,1992.0,TTETANUS,Total tetanus,7170.0
WHO_REGIONS,AFR,African Region,1992.0,YFEVER,Yellow fever,176.0
WHO_REGIONS,AFR,African Region,1991.0,DIPHTHERIA,Diphtheria,2995.0
WHO_REGIONS,AFR,African Region,1991.0,MEASLES,Measles,446517.0
WHO_REGIONS,AFR,African Region,1991.0,NTETANUS,Neonatal tetanus,4801.0
WHO_REGIONS,AFR,African Region,1991.0,PERTUSSIS,Pertussis,180857.0
WHO_REGIONS,AFR,African Region,1991.0,POLIO,Poliomyelitis,1728.0
WHO_REGIONS,AFR,African Region,1991.0,TTETANUS,Total tetanus,8887.0
WHO_REGIONS,AFR,African Region,1991.0,YFEVER,Yellow fever,2561.0
WHO_REGIONS,AFR,African Region,1990.0,DIPHTHERIA,Diphtheria,2588.0
WHO_REGIONS,AFR,African Region,1990.0,MEASLES,Measles,481204.0
WHO_REGIONS,AFR,African Region,1990.0,NTETANUS,Neonatal tetanus,7029.0
WHO_REGIONS,AFR,African Region,1990.0,PERTUSSIS,Pertussis,89515.0
WHO_REGIONS,AFR,African Region,1990.0,POLIO,Poliomyelitis,4228.0
WHO_REGIONS,AFR,African Region,1990.0,TTETANUS,Total tetanus,12281.0
WHO_REGIONS,AFR,African Region,1990.0,YFEVER,Yellow fever,4248.0
WHO_REGIONS,AFR,African Region,1989.0,DIPHTHERIA,Diphtheria,6009.0
WHO_REGIONS,AFR,African Region,1989.0,MEASLES,Measles,561896.0
WHO_REGIONS,AFR,African Region,1989.0,NTETANUS,Neonatal tetanus,6918.0
WHO_REGIONS,AFR,African Region,1989.0,PERTUSSIS,Pertussis,118505.0
WHO_REGIONS,AFR,African Region,1989.0,POLIO,Poliomyelitis,3096.0
WHO_REGIONS,AFR,African Region,1989.0,TTETANUS,Total tetanus,13634.0
WHO_REGIONS,AFR,African Region,1989.0,YFEVER,Yellow fever,3270.0
WHO_REGIONS,AFR,African Region,1988.0,DIPHTHERIA,Diphtheria,2925.0
WHO_REGIONS,AFR,African Region,1988.0,MEASLES,Measles,604244.0
WHO_REGIONS,AFR,African Region,1988.0,NTETANUS,Neonatal tetanus,5419.0
WHO_REGIONS,AFR,African Region,1988.0,PERTUSSIS,Pertussis,101350.0
WHO_REGIONS,AFR,African Region,1988.0,POLIO,Poliomyelitis,4543.0
WHO_REGIONS,AFR,African Region,1988.0,TTETANUS,Total tetanus,14425.0
WHO_REGIONS,AFR,African Region,1988.0,YFEVER,Yellow fever,5104.0
WHO_REGIONS,AFR,African Region,1987.0,DIPHTHERIA,Diphtheria,1558.0
WHO_REGIONS,AFR,African Region,1987.0,MEASLES,Measles,641057.0
WHO_REGIONS,AFR,African Region,1987.0,NTETANUS,Neonatal tetanus,5749.0
WHO_REGIONS,AFR,African Region,1987.0,PERTUSSIS,Pertussis,167035.0
WHO_REGIONS,AFR,African Region,1987.0,POLIO,Poliomyelitis,2782.0
WHO_REGIONS,AFR,African Region,1987.0,TTETANUS,Total tetanus,15648.0
WHO_REGIONS,AFR,African Region,1987.0,YFEVER,Yellow fever,3012.0
WHO_REGIONS,AFR,African Region,1986.0,DIPHTHERIA,Diphtheria,2625.0
WHO_REGIONS,AFR,African Region,1986.0,MEASLES,Measles,676757.0
WHO_REGIONS,AFR,African Region,1986.0,NTETANUS,Neonatal tetanus,5361.0
WHO_REGIONS,AFR,African Region,1986.0,PERTUSSIS,Pertussis,179607.0
WHO_REGIONS,AFR,African Region,1986.0,POLIO,Poliomyelitis,3425.0
WHO_REGIONS,AFR,African Region,1986.0,TTETANUS,Total tetanus,11896.0
WHO_REGIONS,AFR,African Region,1986.0,YFEVER,Yellow fever,1318.0
WHO_REGIONS,AFR,African Region,1985.0,DIPHTHERIA,Diphtheria,5060.0
WHO_REGIONS,AFR,African Region,1985.0,MEASLES,Measles,1142002.0
WHO_REGIONS,AFR,African Region,1985.0,NTETANUS,Neonatal tetanus,4819.0
WHO_REGIONS,AFR,African Region,1985.0,PERTUSSIS,Pertussis,240247.0
WHO_REGIONS,AFR,African Region,1985.0,POLIO,Poliomyelitis,3935.0
WHO_REGIONS,AFR,African Region,1985.0,TTETANUS,Total tetanus,14449.0
WHO_REGIONS,AFR,African Region,1985.0,YFEVER,Yellow fever,13.0
WHO_REGIONS,AFR,African Region,1984.0,DIPHTHERIA,Diphtheria,5135.0
WHO_REGIONS,AFR,African Region,1984.0,MEASLES,Measles,1076106.0
WHO_REGIONS,AFR,African Region,1984.0,NTETANUS,Neonatal tetanus,4741.0
WHO_REGIONS,AFR,African Region,1984.0,PERTUSSIS,Pertussis,238446.0
WHO_REGIONS,AFR,African Region,1984.0,POLIO,Poliomyelitis,2968.0
WHO_REGIONS,AFR,African Region,1984.0,TTETANUS,Total tetanus,16104.0
WHO_REGIONS,AFR,African Region,1984.0,YFEVER,Yellow fever,917.0
WHO_REGIONS,AFR,African Region,1983.0,DIPHTHERIA,Diphtheria,4099.0
WHO_REGIONS,AFR,African Region,1983.0,MEASLES,Measles,1346883.0
WHO_REGIONS,AFR,African Region,1983.0,NTETANUS,Neonatal tetanus,3400.0
WHO_REGIONS,AFR,African Region,1983.0,PERTUSSIS,Pertussis,321059.0
WHO_REGIONS,AFR,African Region,1983.0,POLIO,Poliomyelitis,3066.0
WHO_REGIONS,AFR,African Region,1983.0,TTETANUS,Total tetanus,18054.0
WHO_REGIONS,AFR,African Region,1983.0,YFEVER,Yellow fever,743.0
WHO_REGIONS,AFR,African Region,1982.0,DIPHTHERIA,Diphtheria,4618.0
WHO_REGIONS,AFR,African Region,1982.0,MEASLES,Measles,1342685.0
WHO_REGIONS,AFR,African Region,1982.0,NTETANUS,Neonatal tetanus,5343.0
WHO_REGIONS,AFR,African Region,1982.0,PERTUSSIS,Pertussis,397841.0
WHO_REGIONS,AFR,African Region,1982.0,POLIO,Poliomyelitis,3897.0
WHO_REGIONS,AFR,African Region,1982.0,TTETANUS,Total tetanus,21571.0
WHO_REGIONS,AFR,African Region,1982.0,YFEVER,Yellow fever,31.0
WHO_REGIONS,AFR,African Region,1981.0,DIPHTHERIA,Diphtheria,2764.0
WHO_REGIONS,AFR,African Region,1981.0,MEASLES,Measles,1413184.0
WHO_REGIONS,AFR,African Region,1981.0,NTETANUS,Neonatal tetanus,3312.0
WHO_REGIONS,AFR,African Region,1981.0,PERTUSSIS,Pertussis,347776.0
WHO_REGIONS,AFR,African Region,1981.0,POLIO,Poliomyelitis,4191.0
WHO_REGIONS,AFR,African Region,1981.0,TTETANUS,Total tetanus,19925.0
WHO_REGIONS,AFR,African Region,1981.0,YFEVER,Yellow fever,7.0
WHO_REGIONS,AFR,African Region,1980.0,DIPHTHERIA,Diphtheria,8771.0
WHO_REGIONS,AFR,African Region,1980.0,MEASLES,Measles,1240993.0
WHO_REGIONS,AFR,African Region,1980.0,NTETANUS,Neonatal tetanus,2265.0
WHO_REGIONS,AFR,African Region,1980.0,PERTUSSIS,Pertussis,367961.0
WHO_REGIONS,AFR,African Region,1980.0,POLIO,Poliomyelitis,5126.0
WHO_REGIONS,AFR,African Region,1980.0,TTETANUS,Total tetanus,17241.0
WHO_REGIONS,AFR,African Region,1980.0,YFEVER,Yellow fever,24.0
WHO_REGIONS,AMR,Region of the Americas,2023.0,CRS,Congenital rubella syndrome,2.0
WHO_REGIONS,AMR,Region of the Americas,2023.0,DIPHTHERIA,Diphtheria,17.0
WHO_REGIONS,AMR,Region of the Americas,2023.0,INVASIVE_MENING,Invasive meningococcal disease,1291.0
WHO_REGIONS,AMR,Region of the Americas,2023.0,MEASLES,Measles,14.0
WHO_REGIONS,AMR,Region of the Americas,2023.0,MUMPS,Mumps,15552.0
WHO_REGIONS,AMR,Region of the Americas,2023.0,NTETANUS,Neonatal tetanus,11.0
WHO_REGIONS,AMR,Region of the Americas,2023.0,PERTUSSIS,Pertussis,4139.0
WHO_REGIONS,AMR,Region of the Americas,2023.0,POLIO,Poliomyelitis,0.0
WHO_REGIONS,AMR,Region of the Americas,2023.0,RUBELLA,Rubella,1.0
WHO_REGIONS,AMR,Region of the Americas,2023.0,TTETANUS,Total tetanus,444.0
WHO_REGIONS,AMR,Region of the Americas,2023.0,TYPHOID,Typhoid,1524.0
WHO_REGIONS,AMR,Region of the Americas,2023.0,YFEVER,Yellow fever,41.0
WHO_REGIONS,AMR,Region of the Americas,2022.0,CRS,Congenital rubella syndrome,0.0
WHO_REGIONS,AMR,Region of the Americas,2022.0,DIPHTHERIA,Diphtheria,54.0
WHO_REGIONS,AMR,Region of the Americas,2022.0,INVASIVE_MENING,Invasive meningococcal disease,932.0
WHO_REGIONS,AMR,Region of the Americas,2022.0,MEASLES,Measles,47.0
WHO_REGIONS,AMR,Region of the Americas,2022.0,MUMPS,Mumps,18047.0
WHO_REGIONS,AMR,Region of the Americas,2022.0,NTETANUS,Neonatal tetanus,8.0
WHO_REGIONS,AMR,Region of the Americas,2022.0,PERTUSSIS,Pertussis,3284.0
WHO_REGIONS,AMR,Region of the Americas,2022.0,POLIO,Poliomyelitis,1.0
WHO_REGIONS,AMR,Region of the Americas,2022.0,RUBELLA,Rubella,0.0
WHO_REGIONS,AMR,Region of the Americas,2022.0,TTETANUS,Total tetanus,412.0
WHO_REGIONS,AMR,Region of the Americas,2022.0,TYPHOID,Typhoid,2281.0
WHO_REGIONS,AMR,Region of the Americas,2022.0,YFEVER,Yellow fever,14.0
WHO_REGIONS,AMR,Region of the Americas,2021.0,CRS,Congenital rubella syndrome,0.0
WHO_REGIONS,AMR,Region of the Americas,2021.0,DIPHTHERIA,Diphtheria,66.0
WHO_REGIONS,AMR,Region of the Americas,2021.0,INVASIVE_MENING,Invasive meningococcal disease,607.0
WHO_REGIONS,AMR,Region of the Americas,2021.0,MEASLES,Measles,682.0
WHO_REGIONS,AMR,Region of the Americas,2021.0,MUMPS,Mumps,14398.0
WHO_REGIONS,AMR,Region of the Americas,2021.0,NTETANUS,Neonatal tetanus,16.0
WHO_REGIONS,AMR,Region of the Americas,2021.0,PERTUSSIS,Pertussis,6709.0
WHO_REGIONS,AMR,Region of the Americas,2021.0,POLIO,Poliomyelitis,0.0
WHO_REGIONS,AMR,Region of the Americas,2021.0,RUBELLA,Rubella,7.0
WHO_REGIONS,AMR,Region of the Americas,2021.0,TTETANUS,Total tetanus,409.0
WHO_REGIONS,AMR,Region of the Americas,2021.0,TYPHOID,Typhoid,649.0
WHO_REGIONS,AMR,Region of the Americas,2021.0,YFEVER,Yellow fever,25.0
WHO_REGIONS,AMR,Region of the Americas,2020.0,CRS,Congenital rubella syndrome,2.0
WHO_REGIONS,AMR,Region of the Americas,2020.0,DIPHTHERIA,Diphtheria,83.0
WHO_REGIONS,AMR,Region of the Americas,2020.0,INVASIVE_MENING,Invasive meningococcal disease,903.0
WHO_REGIONS,AMR,Region of the Americas,2020.0,MEASLES,Measles,9996.0
WHO_REGIONS,AMR,Region of the Americas,2020.0,MUMPS,Mumps,22202.0
WHO_REGIONS,AMR,Region of the Americas,2020.0,NTETANUS,Neonatal tetanus,13.0
WHO_REGIONS,AMR,Region of the Americas,2020.0,PERTUSSIS,Pertussis,20496.0
WHO_REGIONS,AMR,Region of the Americas,2020.0,POLIO,Poliomyelitis,0.0
WHO_REGIONS,AMR,Region of the Americas,2020.0,RUBELLA,Rubella,7.0
WHO_REGIONS,AMR,Region of the Americas,2020.0,TTETANUS,Total tetanus,381.0
WHO_REGIONS,AMR,Region of the Americas,2020.0,TYPHOID,Typhoid,1109.0
WHO_REGIONS,AMR,Region of the Americas,2020.0,YFEVER,Yellow fever,27.0
WHO_REGIONS,AMR,Region of the Americas,2019.0,CRS,Congenital rubella syndrome,0.0
WHO_REGIONS,AMR,Region of the Americas,2019.0,DIPHTHERIA,Diphtheria,234.0
WHO_REGIONS,AMR,Region of the Americas,2019.0,JAPENC,Japanese encephalitis,0.0
WHO_REGIONS,AMR,Region of the Americas,2019.0,MEASLES,Measles,21971.0
WHO_REGIONS,AMR,Region of the Americas,2019.0,MUMPS,Mumps,60294.0
WHO_REGIONS,AMR,Region of the Americas,2019.0,NTETANUS,Neonatal tetanus,14.0
WHO_REGIONS,AMR,Region of the Americas,2019.0,PERTUSSIS,Pertussis,7761.0
WHO_REGIONS,AMR,Region of the Americas,2019.0,POLIO,Poliomyelitis,0.0
WHO_REGIONS,AMR,Region of the Americas,2019.0,RUBELLA,Rubella,25.0
WHO_REGIONS,AMR,Region of the Americas,2019.0,TTETANUS,Total tetanus,483.0
WHO_REGIONS,AMR,Region of the Americas,2019.0,TYPHOID,Typhoid,1882.0
WHO_REGIONS,AMR,Region of the Americas,2019.0,YFEVER,Yellow fever,99.0
WHO_REGIONS,AMR,Region of the Americas,2018.0,CRS,Congenital rubella syndrome,0.0
WHO_REGIONS,AMR,Region of the Americas,2018.0,DIPHTHERIA,Diphtheria,894.0
WHO_REGIONS,AMR,Region of the Americas,2018.0,JAPENC,Japanese encephalitis,0.0
WHO_REGIONS,AMR,Region of the Americas,2018.0,MEASLES,Measles,16714.0
WHO_REGIONS,AMR,Region of the Americas,2018.0,MUMPS,Mumps,68290.0
WHO_REGIONS,AMR,Region of the Americas,2018.0,NTETANUS,Neonatal tetanus,10.0
WHO_REGIONS,AMR,Region of the Americas,2018.0,PERTUSSIS,Pertussis,23638.0
WHO_REGIONS,AMR,Region of the Americas,2018.0,POLIO,Poliomyelitis,0.0
WHO_REGIONS,AMR,Region of the Americas,2018.0,RUBELLA,Rubella,6.0
WHO_REGIONS,AMR,Region of the Americas,2018.0,TTETANUS,Total tetanus,236.0
WHO_REGIONS,AMR,Region of the Americas,2018.0,TYPHOID,Typhoid,2974.0
WHO_REGIONS,AMR,Region of the Americas,2018.0,YFEVER,Yellow fever,1326.0
WHO_REGIONS,AMR,Region of the Americas,2017.0,CRS,Congenital rubella syndrome,5.0
WHO_REGIONS,AMR,Region of the Americas,2017.0,DIPHTHERIA,Diphtheria,872.0
WHO_REGIONS,AMR,Region of the Americas,2017.0,MEASLES,Measles,895.0
WHO_REGIONS,AMR,Region of the Americas,2017.0,MUMPS,Mumps,52839.0
WHO_REGIONS,AMR,Region of the Americas,2017.0,NTETANUS,Neonatal tetanus,13.0
WHO_REGIONS,AMR,Region of the Americas,2017.0,PERTUSSIS,Pertussis,29207.0
WHO_REGIONS,AMR,Region of the Americas,2017.0,POLIO,Poliomyelitis,0.0
WHO_REGIONS,AMR,Region of the Americas,2017.0,RUBELLA,Rubella,7.0
WHO_REGIONS,AMR,Region of the Americas,2017.0,TTETANUS,Total tetanus,545.0
WHO_REGIONS,AMR,Region of the Americas,2017.0,YFEVER,Yellow fever,823.0
WHO_REGIONS,AMR,Region of the Americas,2016.0,CRS,Congenital rubella syndrome,2.0
WHO_REGIONS,AMR,Region of the Americas,2016.0,DIPHTHERIA,Diphtheria,45.0
WHO_REGIONS,AMR,Region of the Americas,2016.0,MEASLES,Measles,97.0
WHO_REGIONS,AMR,Region of the Americas,2016.0,MUMPS,Mumps,27511.0
WHO_REGIONS,AMR,Region of the Americas,2016.0,NTETANUS,Neonatal tetanus,11.0
WHO_REGIONS,AMR,Region of the Americas,2016.0,PERTUSSIS,Pertussis,28132.0
WHO_REGIONS,AMR,Region of the Americas,2016.0,POLIO,Poliomyelitis,4.0
WHO_REGIONS,AMR,Region of the Americas,2016.0,RUBELLA,Rubella,2.0
WHO_REGIONS,AMR,Region of the Americas,2016.0,TTETANUS,Total tetanus,533.0
WHO_REGIONS,AMR,Region of the Americas,2016.0,YFEVER,Yellow fever,113.0
WHO_REGIONS,AMR,Region of the Americas,2015.0,CRS,Congenital rubella syndrome,2.0
WHO_REGIONS,AMR,Region of the Americas,2015.0,DIPHTHERIA,Diphtheria,49.0
WHO_REGIONS,AMR,Region of the Americas,2015.0,MEASLES,Measles,611.0
WHO_REGIONS,AMR,Region of the Americas,2015.0,MUMPS,Mumps,19115.0
WHO_REGIONS,AMR,Region of the Americas,2015.0,NTETANUS,Neonatal tetanus,22.0
WHO_REGIONS,AMR,Region of the Americas,2015.0,PERTUSSIS,Pertussis,32116.0
WHO_REGIONS,AMR,Region of the Americas,2015.0,POLIO,Poliomyelitis,0.0
WHO_REGIONS,AMR,Region of the Americas,2015.0,RUBELLA,Rubella,5.0
WHO_REGIONS,AMR,Region of the Americas,2015.0,TTETANUS,Total tetanus,568.0
WHO_REGIONS,AMR,Region of the Americas,2015.0,YFEVER,Yellow fever,37.0
WHO_REGIONS,AMR,Region of the Americas,2014.0,CRS,Congenital rubella syndrome,0.0
WHO_REGIONS,AMR,Region of the Americas,2014.0,DIPHTHERIA,Diphtheria,10.0
WHO_REGIONS,AMR,Region of the Americas,2014.0,MEASLES,Measles,1966.0
WHO_REGIONS,AMR,Region of the Americas,2014.0,MUMPS,Mumps,18377.0
WHO_REGIONS,AMR,Region of the Americas,2014.0,NTETANUS,Neonatal tetanus,10.0
WHO_REGIONS,AMR,Region of the Americas,2014.0,PERTUSSIS,Pertussis,46865.0
WHO_REGIONS,AMR,Region of the Americas,2014.0,POLIO,Poliomyelitis,1.0
WHO_REGIONS,AMR,Region of the Americas,2014.0,RUBELLA,Rubella,10.0
WHO_REGIONS,AMR,Region of the Americas,2014.0,TTETANUS,Total tetanus,517.0
WHO_REGIONS,AMR,Region of the Americas,2014.0,YFEVER,Yellow fever,23.0
WHO_REGIONS,AMR,Region of the Americas,2013.0,CRS,Congenital rubella syndrome,1.0
WHO_REGIONS,AMR,Region of the Americas,2013.0,DIPHTHERIA,Diphtheria,5.0
WHO_REGIONS,AMR,Region of the Americas,2013.0,MEASLES,Measles,491.0
WHO_REGIONS,AMR,Region of the Americas,2013.0,MUMPS,Mumps,16747.0
WHO_REGIONS,AMR,Region of the Americas,2013.0,NTETANUS,Neonatal tetanus,20.0
WHO_REGIONS,AMR,Region of the Americas,2013.0,PERTUSSIS,Pertussis,54873.0
WHO_REGIONS,AMR,Region of the Americas,2013.0,POLIO,Poliomyelitis,0.0
WHO_REGIONS,AMR,Region of the Americas,2013.0,RUBELLA,Rubella,11.0
WHO_REGIONS,AMR,Region of the Americas,2013.0,TTETANUS,Total tetanus,485.0
WHO_REGIONS,AMR,Region of the Americas,2013.0,YFEVER,Yellow fever,26.0
WHO_REGIONS,AMR,Region of the Americas,2012.0,CRS,Congenital rubella syndrome,3.0
WHO_REGIONS,AMR,Region of the Americas,2012.0,DIPHTHERIA,Diphtheria,2.0
WHO_REGIONS,AMR,Region of the Americas,2012.0,MEASLES,Measles,143.0
WHO_REGIONS,AMR,Region of the Americas,2012.0,MUMPS,Mumps,22801.0
WHO_REGIONS,AMR,Region of the Americas,2012.0,NTETANUS,Neonatal tetanus,11.0
WHO_REGIONS,AMR,Region of the Americas,2012.0,PERTUSSIS,Pertussis,72328.0
WHO_REGIONS,AMR,Region of the Americas,2012.0,POLIO,Poliomyelitis,0.0
WHO_REGIONS,AMR,Region of the Americas,2012.0,RUBELLA,Rubella,15.0
WHO_REGIONS,AMR,Region of the Americas,2012.0,TTETANUS,Total tetanus,570.0
WHO_REGIONS,AMR,Region of the Americas,2012.0,YFEVER,Yellow fever,16.0
WHO_REGIONS,AMR,Region of the Americas,2011.0,CRS,Congenital rubella syndrome,1.0
WHO_REGIONS,AMR,Region of the Americas,2011.0,DIPHTHERIA,Diphtheria,12.0
WHO_REGIONS,AMR,Region of the Americas,2011.0,MEASLES,Measles,1348.0
WHO_REGIONS,AMR,Region of the Americas,2011.0,MUMPS,Mumps,31586.0
WHO_REGIONS,AMR,Region of the Americas,2011.0,NTETANUS,Neonatal tetanus,22.0
WHO_REGIONS,AMR,Region of the Americas,2011.0,PERTUSSIS,Pertussis,29719.0
WHO_REGIONS,AMR,Region of the Americas,2011.0,POLIO,Poliomyelitis,0.0
WHO_REGIONS,AMR,Region of the Americas,2011.0,RUBELLA,Rubella,8.0
WHO_REGIONS,AMR,Region of the Americas,2011.0,TTETANUS,Total tetanus,598.0
WHO_REGIONS,AMR,Region of the Americas,2011.0,YFEVER,Yellow fever,17.0
WHO_REGIONS,AMR,Region of the Americas,2010.0,CRS,Congenital rubella syndrome,0.0
WHO_REGIONS,AMR,Region of the Americas,2010.0,DIPHTHERIA,Diphtheria,87.0
WHO_REGIONS,AMR,Region of the Americas,2010.0,MEASLES,Measles,247.0
WHO_REGIONS,AMR,Region of the Americas,2010.0,MUMPS,Mumps,37942.0
WHO_REGIONS,AMR,Region of the Americas,2010.0,NTETANUS,Neonatal tetanus,25.0
WHO_REGIONS,AMR,Region of the Americas,2010.0,PERTUSSIS,Pertussis,31504.0
WHO_REGIONS,AMR,Region of the Americas,2010.0,POLIO,Poliomyelitis,0.0
WHO_REGIONS,AMR,Region of the Americas,2010.0,RUBELLA,Rubella,17.0
WHO_REGIONS,AMR,Region of the Americas,2010.0,TTETANUS,Total tetanus,618.0
WHO_REGIONS,AMR,Region of the Americas,2010.0,YFEVER,Yellow fever,23.0
WHO_REGIONS,AMR,Region of the Americas,2009.0,CRS,Congenital rubella syndrome,17.0
WHO_REGIONS,AMR,Region of the Americas,2009.0,DIPHTHERIA,Diphtheria,11.0
WHO_REGIONS,AMR,Region of the Americas,2009.0,MEASLES,Measles,89.0
WHO_REGIONS,AMR,Region of the Americas,2009.0,MUMPS,Mumps,31384.0
WHO_REGIONS,AMR,Region of the Americas,2009.0,NTETANUS,Neonatal tetanus,20.0
WHO_REGIONS,AMR,Region of the Americas,2009.0,PERTUSSIS,Pertussis,7338.0
WHO_REGIONS,AMR,Region of the Americas,2009.0,POLIO,Poliomyelitis,0.0
WHO_REGIONS,AMR,Region of the Americas,2009.0,RUBELLA,Rubella,18.0
WHO_REGIONS,AMR,Region of the Americas,2009.0,TTETANUS,Total tetanus,578.0
WHO_REGIONS,AMR,Region of the Americas,2009.0,YFEVER,Yellow fever,59.0
WHO_REGIONS,AMR,Region of the Americas,2008.0,CRS,Congenital rubella syndrome,230.0
WHO_REGIONS,AMR,Region of the Americas,2008.0,DIPHTHERIA,Diphtheria,95.0
WHO_REGIONS,AMR,Region of the Americas,2008.0,MEASLES,Measles,206.0
WHO_REGIONS,AMR,Region of the Americas,2008.0,MUMPS,Mumps,42344.0
WHO_REGIONS,AMR,Region of the Americas,2008.0,NTETANUS,Neonatal tetanus,35.0
WHO_REGIONS,AMR,Region of the Americas,2008.0,PERTUSSIS,Pertussis,24547.0
WHO_REGIONS,AMR,Region of the Americas,2008.0,POLIO,Poliomyelitis,0.0
WHO_REGIONS,AMR,Region of the Americas,2008.0,RUBELLA,Rubella,4534.0
WHO_REGIONS,AMR,Region of the Americas,2008.0,TTETANUS,Total tetanus,660.0
WHO_REGIONS,AMR,Region of the Americas,2008.0,YFEVER,Yellow fever,102.0
WHO_REGIONS,AMR,Region of the Americas,2007.0,CRS,Congenital rubella syndrome,19.0
WHO_REGIONS,AMR,Region of the Americas,2007.0,DIPHTHERIA,Diphtheria,14.0
WHO_REGIONS,AMR,Region of the Americas,2007.0,JAPENC,Japanese encephalitis,0.0
WHO_REGIONS,AMR,Region of the Americas,2007.0,MEASLES,Measles,176.0
WHO_REGIONS,AMR,Region of the Americas,2007.0,MUMPS,Mumps,47561.0
WHO_REGIONS,AMR,Region of the Americas,2007.0,NTETANUS,Neonatal tetanus,63.0
WHO_REGIONS,AMR,Region of the Americas,2007.0,PERTUSSIS,Pertussis,19753.0
WHO_REGIONS,AMR,Region of the Americas,2007.0,POLIO,Poliomyelitis,0.0
WHO_REGIONS,AMR,Region of the Americas,2007.0,RUBELLA,Rubella,13243.0
WHO_REGIONS,AMR,Region of the Americas,2007.0,TTETANUS,Total tetanus,723.0
WHO_REGIONS,AMR,Region of the Americas,2007.0,YFEVER,Yellow fever,53.0
WHO_REGIONS,AMR,Region of the Americas,2006.0,CRS,Congenital rubella syndrome,15.0
WHO_REGIONS,AMR,Region of the Americas,2006.0,DIPHTHERIA,Diphtheria,30.0
WHO_REGIONS,AMR,Region of the Americas,2006.0,JAPENC,Japanese encephalitis,0.0
WHO_REGIONS,AMR,Region of the Americas,2006.0,MEASLES,Measles,226.0
WHO_REGIONS,AMR,Region of the Americas,2006.0,MUMPS,Mumps,37427.0
WHO_REGIONS,AMR,Region of the Americas,2006.0,NTETANUS,Neonatal tetanus,93.0
WHO_REGIONS,AMR,Region of the Americas,2006.0,PERTUSSIS,Pertussis,24516.0
WHO_REGIONS,AMR,Region of the Americas,2006.0,POLIO,Poliomyelitis,0.0
WHO_REGIONS,AMR,Region of the Americas,2006.0,RUBELLA,Rubella,2990.0
WHO_REGIONS,AMR,Region of the Americas,2006.0,TTETANUS,Total tetanus,917.0
WHO_REGIONS,AMR,Region of the Americas,2006.0,YFEVER,Yellow fever,86.0
WHO_REGIONS,AMR,Region of the Americas,2005.0,CRS,Congenital rubella syndrome,20.0
WHO_REGIONS,AMR,Region of the Americas,2005.0,DIPHTHERIA,Diphtheria,71.0
WHO_REGIONS,AMR,Region of the Americas,2005.0,MEASLES,Measles,85.0
WHO_REGIONS,AMR,Region of the Americas,2005.0,MUMPS,Mumps,34031.0
WHO_REGIONS,AMR,Region of the Americas,2005.0,NTETANUS,Neonatal tetanus,114.0
WHO_REGIONS,AMR,Region of the Americas,2005.0,PERTUSSIS,Pertussis,34654.0
WHO_REGIONS,AMR,Region of the Americas,2005.0,POLIO,Poliomyelitis,0.0
WHO_REGIONS,AMR,Region of the Americas,2005.0,RUBELLA,Rubella,5296.0
WHO_REGIONS,AMR,Region of the Americas,2005.0,TTETANUS,Total tetanus,969.0
WHO_REGIONS,AMR,Region of the Americas,2005.0,YFEVER,Yellow fever,117.0
WHO_REGIONS,AMR,Region of the Americas,2004.0,CRS,Congenital rubella syndrome,27.0
WHO_REGIONS,AMR,Region of the Americas,2004.0,DIPHTHERIA,Diphtheria,181.0
WHO_REGIONS,AMR,Region of the Americas,2004.0,MEASLES,Measles,108.0
WHO_REGIONS,AMR,Region of the Americas,2004.0,MUMPS,Mumps,29947.0
WHO_REGIONS,AMR,Region of the Americas,2004.0,NTETANUS,Neonatal tetanus,93.0
WHO_REGIONS,AMR,Region of the Americas,2004.0,PERTUSSIS,Pertussis,33452.0
WHO_REGIONS,AMR,Region of the Americas,2004.0,POLIO,Poliomyelitis,0.0
WHO_REGIONS,AMR,Region of the Americas,2004.0,RUBELLA,Rubella,3101.0
WHO_REGIONS,AMR,Region of the Americas,2004.0,TTETANUS,Total tetanus,854.0
WHO_REGIONS,AMR,Region of the Americas,2004.0,YFEVER,Yellow fever,122.0
WHO_REGIONS,AMR,Region of the Americas,2003.0,CRS,Congenital rubella syndrome,30.0
WHO_REGIONS,AMR,Region of the Americas,2003.0,DIPHTHERIA,Diphtheria,99.0
WHO_REGIONS,AMR,Region of the Americas,2003.0,MEASLES,Measles,119.0
WHO_REGIONS,AMR,Region of the Americas,2003.0,MUMPS,Mumps,20712.0
WHO_REGIONS,AMR,Region of the Americas,2003.0,NTETANUS,Neonatal tetanus,65.0
WHO_REGIONS,AMR,Region of the Americas,2003.0,PERTUSSIS,Pertussis,17803.0
WHO_REGIONS,AMR,Region of the Americas,2003.0,POLIO,Poliomyelitis,0.0
WHO_REGIONS,AMR,Region of the Americas,2003.0,RUBELLA,Rubella,1203.0
WHO_REGIONS,AMR,Region of the Americas,2003.0,TTETANUS,Total tetanus,902.0
WHO_REGIONS,AMR,Region of the Americas,2003.0,YFEVER,Yellow fever,241.0
WHO_REGIONS,AMR,Region of the Americas,2002.0,CRS,Congenital rubella syndrome,23.0
WHO_REGIONS,AMR,Region of the Americas,2002.0,DIPHTHERIA,Diphtheria,128.0
WHO_REGIONS,AMR,Region of the Americas,2002.0,MEASLES,Measles,2579.0
WHO_REGIONS,AMR,Region of the Americas,2002.0,MUMPS,Mumps,9477.0
WHO_REGIONS,AMR,Region of the Americas,2002.0,NTETANUS,Neonatal tetanus,111.0
WHO_REGIONS,AMR,Region of the Americas,2002.0,PERTUSSIS,Pertussis,16133.0
WHO_REGIONS,AMR,Region of the Americas,2002.0,POLIO,Poliomyelitis,0.0
WHO_REGIONS,AMR,Region of the Americas,2002.0,RUBELLA,Rubella,14644.0
WHO_REGIONS,AMR,Region of the Americas,2002.0,TTETANUS,Total tetanus,704.0
WHO_REGIONS,AMR,Region of the Americas,2002.0,YFEVER,Yellow fever,105.0
WHO_REGIONS,AMR,Region of the Americas,2001.0,CRS,Congenital rubella syndrome,41.0
WHO_REGIONS,AMR,Region of the Americas,2001.0,DIPHTHERIA,Diphtheria,68.0
WHO_REGIONS,AMR,Region of the Americas,2001.0,MEASLES,Measles,548.0
WHO_REGIONS,AMR,Region of the Americas,2001.0,MUMPS,Mumps,46894.0
WHO_REGIONS,AMR,Region of the Americas,2001.0,NTETANUS,Neonatal tetanus,1171.0
WHO_REGIONS,AMR,Region of the Americas,2001.0,PERTUSSIS,Pertussis,15075.0
WHO_REGIONS,AMR,Region of the Americas,2001.0,POLIO,Poliomyelitis,9.0
WHO_REGIONS,AMR,Region of the Americas,2001.0,RUBELLA,Rubella,24614.0
WHO_REGIONS,AMR,Region of the Americas,2001.0,TTETANUS,Total tetanus,1551.0
WHO_REGIONS,AMR,Region of the Americas,2001.0,YFEVER,Yellow fever,82.0
WHO_REGIONS,AMR,Region of the Americas,2000.0,CRS,Congenital rubella syndrome,80.0
WHO_REGIONS,AMR,Region of the Americas,2000.0,DIPHTHERIA,Diphtheria,113.0
WHO_REGIONS,AMR,Region of the Americas,2000.0,MEASLES,Measles,1754.0
WHO_REGIONS,AMR,Region of the Americas,2000.0,MUMPS,Mumps,43840.0
WHO_REGIONS,AMR,Region of the Americas,2000.0,NTETANUS,Neonatal tetanus,1144.0
WHO_REGIONS,AMR,Region of the Americas,2000.0,PERTUSSIS,Pertussis,18888.0
WHO_REGIONS,AMR,Region of the Americas,2000.0,POLIO,Poliomyelitis,12.0
WHO_REGIONS,AMR,Region of the Americas,2000.0,RUBELLA,Rubella,39228.0
WHO_REGIONS,AMR,Region of the Americas,2000.0,TTETANUS,Total tetanus,1756.0
WHO_REGIONS,AMR,Region of the Americas,2000.0,YFEVER,Yellow fever,106.0
WHO_REGIONS,AMR,Region of the Americas,1999.0,CRS,Congenital rubella syndrome,28.0
WHO_REGIONS,AMR,Region of the Americas,1999.0,DIPHTHERIA,Diphtheria,122.0
WHO_REGIONS,AMR,Region of the Americas,1999.0,MEASLES,Measles,3209.0
WHO_REGIONS,AMR,Region of the Americas,1999.0,MUMPS,Mumps,35825.0
WHO_REGIONS,AMR,Region of the Americas,1999.0,NTETANUS,Neonatal tetanus,188.0
WHO_REGIONS,AMR,Region of the Americas,1999.0,PERTUSSIS,Pertussis,22771.0
WHO_REGIONS,AMR,Region of the Americas,1999.0,POLIO,Poliomyelitis,0.0
WHO_REGIONS,AMR,Region of the Americas,1999.0,RUBELLA,Rubella,58755.0
WHO_REGIONS,AMR,Region of the Americas,1999.0,TTETANUS,Total tetanus,1078.0
WHO_REGIONS,AMR,Region of the Americas,1999.0,YFEVER,Yellow fever,208.0
WHO_REGIONS,AMR,Region of the Americas,1998.0,CRS,Congenital rubella syndrome,14.0
WHO_REGIONS,AMR,Region of the Americas,1998.0,DIPHTHERIA,Diphtheria,278.0
WHO_REGIONS,AMR,Region of the Americas,1998.0,MEASLES,Measles,14330.0
WHO_REGIONS,AMR,Region of the Americas,1998.0,NTETANUS,Neonatal tetanus,1209.0
WHO_REGIONS,AMR,Region of the Americas,1998.0,PERTUSSIS,Pertussis,26789.0
WHO_REGIONS,AMR,Region of the Americas,1998.0,POLIO,Poliomyelitis,0.0
WHO_REGIONS,AMR,Region of the Americas,1998.0,RUBELLA,Rubella,130569.0
WHO_REGIONS,AMR,Region of the Americas,1998.0,TTETANUS,Total tetanus,2268.0
WHO_REGIONS,AMR,Region of the Americas,1998.0,YFEVER,Yellow fever,276.0
WHO_REGIONS,AMR,Region of the Americas,1997.0,CRS,Congenital rubella syndrome,33.0
WHO_REGIONS,AMR,Region of the Americas,1997.0,DIPHTHERIA,Diphtheria,94.0
WHO_REGIONS,AMR,Region of the Americas,1997.0,MEASLES,Measles,53567.0
WHO_REGIONS,AMR,Region of the Americas,1997.0,NTETANUS,Neonatal tetanus,294.0
WHO_REGIONS,AMR,Region of the Americas,1997.0,PERTUSSIS,Pertussis,17600.0
WHO_REGIONS,AMR,Region of the Americas,1997.0,POLIO,Poliomyelitis,0.0
WHO_REGIONS,AMR,Region of the Americas,1997.0,RUBELLA,Rubella,125056.0
WHO_REGIONS,AMR,Region of the Americas,1997.0,TTETANUS,Total tetanus,705.0
WHO_REGIONS,AMR,Region of the Americas,1997.0,YFEVER,Yellow fever,146.0
WHO_REGIONS,AMR,Region of the Americas,1996.0,DIPHTHERIA,Diphtheria,224.0
WHO_REGIONS,AMR,Region of the Americas,1996.0,MEASLES,Measles,1910.0
WHO_REGIONS,AMR,Region of the Americas,1996.0,NTETANUS,Neonatal tetanus,323.0
WHO_REGIONS,AMR,Region of the Americas,1996.0,PERTUSSIS,Pertussis,17901.0
WHO_REGIONS,AMR,Region of the Americas,1996.0,POLIO,Poliomyelitis,0.0
WHO_REGIONS,AMR,Region of the Americas,1996.0,TTETANUS,Total tetanus,1491.0
WHO_REGIONS,AMR,Region of the Americas,1996.0,YFEVER,Yellow fever,147.0
WHO_REGIONS,AMR,Region of the Americas,1995.0,DIPHTHERIA,Diphtheria,367.0
WHO_REGIONS,AMR,Region of the Americas,1995.0,MEASLES,Measles,6478.0
WHO_REGIONS,AMR,Region of the Americas,1995.0,NTETANUS,Neonatal tetanus,532.0
WHO_REGIONS,AMR,Region of the Americas,1995.0,PERTUSSIS,Pertussis,23298.0
WHO_REGIONS,AMR,Region of the Americas,1995.0,POLIO,Poliomyelitis,0.0
WHO_REGIONS,AMR,Region of the Americas,1995.0,TTETANUS,Total tetanus,1787.0
WHO_REGIONS,AMR,Region of the Americas,1995.0,YFEVER,Yellow fever,524.0
WHO_REGIONS,AMR,Region of the Americas,1994.0,DIPHTHERIA,Diphtheria,877.0
WHO_REGIONS,AMR,Region of the Americas,1994.0,MEASLES,Measles,23784.0
WHO_REGIONS,AMR,Region of the Americas,1994.0,NTETANUS,Neonatal tetanus,630.0
WHO_REGIONS,AMR,Region of the Americas,1994.0,PERTUSSIS,Pertussis,27658.0
WHO_REGIONS,AMR,Region of the Americas,1994.0,POLIO,Poliomyelitis,0.0
WHO_REGIONS,AMR,Region of the Americas,1994.0,TTETANUS,Total tetanus,2020.0
WHO_REGIONS,AMR,Region of the Americas,1994.0,YFEVER,Yellow fever,89.0
WHO_REGIONS,AMR,Region of the Americas,1993.0,DIPHTHERIA,Diphtheria,350.0
WHO_REGIONS,AMR,Region of the Americas,1993.0,MEASLES,Measles,57400.0
WHO_REGIONS,AMR,Region of the Americas,1993.0,NTETANUS,Neonatal tetanus,732.0
WHO_REGIONS,AMR,Region of the Americas,1993.0,PERTUSSIS,Pertussis,25442.0
WHO_REGIONS,AMR,Region of the Americas,1993.0,POLIO,Poliomyelitis,0.0
WHO_REGIONS,AMR,Region of the Americas,1993.0,TTETANUS,Total tetanus,2190.0
WHO_REGIONS,AMR,Region of the Americas,1993.0,YFEVER,Yellow fever,192.0
WHO_REGIONS,AMR,Region of the Americas,1992.0,DIPHTHERIA,Diphtheria,451.0
WHO_REGIONS,AMR,Region of the Americas,1992.0,MEASLES,Measles,100741.0
WHO_REGIONS,AMR,Region of the Americas,1992.0,NTETANUS,Neonatal tetanus,844.0
WHO_REGIONS,AMR,Region of the Americas,1992.0,PERTUSSIS,Pertussis,19258.0
WHO_REGIONS,AMR,Region of the Americas,1992.0,POLIO,Poliomyelitis,0.0
WHO_REGIONS,AMR,Region of the Americas,1992.0,TTETANUS,Total tetanus,2317.0
WHO_REGIONS,AMR,Region of the Americas,1992.0,YFEVER,Yellow fever,119.0
WHO_REGIONS,AMR,Region of the Americas,1991.0,DIPHTHERIA,Diphtheria,600.0
WHO_REGIONS,AMR,Region of the Americas,1991.0,MEASLES,Measles,157602.0
WHO_REGIONS,AMR,Region of the Americas,1991.0,NTETANUS,Neonatal tetanus,907.0
WHO_REGIONS,AMR,Region of the Americas,1991.0,PERTUSSIS,Pertussis,19705.0
WHO_REGIONS,AMR,Region of the Americas,1991.0,POLIO,Poliomyelitis,9.0
WHO_REGIONS,AMR,Region of the Americas,1991.0,TTETANUS,Total tetanus,2647.0
WHO_REGIONS,AMR,Region of the Americas,1991.0,YFEVER,Yellow fever,151.0
WHO_REGIONS,AMR,Region of the Americas,1990.0,DIPHTHERIA,Diphtheria,826.0
WHO_REGIONS,AMR,Region of the Americas,1990.0,MEASLES,Measles,218579.0
WHO_REGIONS,AMR,Region of the Americas,1990.0,NTETANUS,Neonatal tetanus,1176.0
WHO_REGIONS,AMR,Region of the Americas,1990.0,PERTUSSIS,Pertussis,38006.0
WHO_REGIONS,AMR,Region of the Americas,1990.0,POLIO,Poliomyelitis,18.0
WHO_REGIONS,AMR,Region of the Americas,1990.0,TTETANUS,Total tetanus,3142.0
WHO_REGIONS,AMR,Region of the Americas,1990.0,YFEVER,Yellow fever,91.0
WHO_REGIONS,AMR,Region of the Americas,1989.0,DIPHTHERIA,Diphtheria,1077.0
WHO_REGIONS,AMR,Region of the Americas,1989.0,MEASLES,Measles,137417.0
WHO_REGIONS,AMR,Region of the Americas,1989.0,NTETANUS,Neonatal tetanus,1404.0
WHO_REGIONS,AMR,Region of the Americas,1989.0,PERTUSSIS,Pertussis,34030.0
WHO_REGIONS,AMR,Region of the Americas,1989.0,POLIO,Poliomyelitis,110.0
WHO_REGIONS,AMR,Region of the Americas,1989.0,TTETANUS,Total tetanus,3501.0
WHO_REGIONS,AMR,Region of the Americas,1989.0,YFEVER,Yellow fever,237.0
WHO_REGIONS,AMR,Region of the Americas,1988.0,DIPHTHERIA,Diphtheria,1394.0
WHO_REGIONS,AMR,Region of the Americas,1988.0,MEASLES,Measles,133244.0
WHO_REGIONS,AMR,Region of the Americas,1988.0,NTETANUS,Neonatal tetanus,1514.0
WHO_REGIONS,AMR,Region of the Americas,1988.0,PERTUSSIS,Pertussis,25496.0
WHO_REGIONS,AMR,Region of the Americas,1988.0,POLIO,Poliomyelitis,314.0
WHO_REGIONS,AMR,Region of the Americas,1988.0,TTETANUS,Total tetanus,3901.0
WHO_REGIONS,AMR,Region of the Americas,1988.0,YFEVER,Yellow fever,240.0
WHO_REGIONS,AMR,Region of the Americas,1987.0,DIPHTHERIA,Diphtheria,1778.0
WHO_REGIONS,AMR,Region of the Americas,1987.0,MEASLES,Measles,151396.0
WHO_REGIONS,AMR,Region of the Americas,1987.0,NTETANUS,Neonatal tetanus,1498.0
WHO_REGIONS,AMR,Region of the Americas,1987.0,PERTUSSIS,Pertussis,34214.0
WHO_REGIONS,AMR,Region of the Americas,1987.0,POLIO,Poliomyelitis,599.0
WHO_REGIONS,AMR,Region of the Americas,1987.0,TTETANUS,Total tetanus,4447.0
WHO_REGIONS,AMR,Region of the Americas,1987.0,YFEVER,Yellow fever,235.0
WHO_REGIONS,AMR,Region of the Americas,1986.0,DIPHTHERIA,Diphtheria,2408.0
WHO_REGIONS,AMR,Region of the Americas,1986.0,MEASLES,Measles,227452.0
WHO_REGIONS,AMR,Region of the Americas,1986.0,NTETANUS,Neonatal tetanus,1312.0
WHO_REGIONS,AMR,Region of the Americas,1986.0,PERTUSSIS,Pertussis,47380.0
WHO_REGIONS,AMR,Region of the Americas,1986.0,POLIO,Poliomyelitis,905.0
WHO_REGIONS,AMR,Region of the Americas,1986.0,TTETANUS,Total tetanus,4823.0
WHO_REGIONS,AMR,Region of the Americas,1986.0,YFEVER,Yellow fever,159.0
WHO_REGIONS,AMR,Region of the Americas,1985.0,DIPHTHERIA,Diphtheria,3263.0
WHO_REGIONS,AMR,Region of the Americas,1985.0,MEASLES,Measles,199744.0
WHO_REGIONS,AMR,Region of the Americas,1985.0,NTETANUS,Neonatal tetanus,1477.0
WHO_REGIONS,AMR,Region of the Americas,1985.0,PERTUSSIS,Pertussis,55976.0
WHO_REGIONS,AMR,Region of the Americas,1985.0,POLIO,Poliomyelitis,715.0
WHO_REGIONS,AMR,Region of the Americas,1985.0,TTETANUS,Total tetanus,5572.0
WHO_REGIONS,AMR,Region of the Americas,1985.0,YFEVER,Yellow fever,125.0
WHO_REGIONS,AMR,Region of the Americas,1984.0,DIPHTHERIA,Diphtheria,3546.0
WHO_REGIONS,AMR,Region of the Americas,1984.0,MEASLES,Measles,202758.0
WHO_REGIONS,AMR,Region of the Americas,1984.0,NTETANUS,Neonatal tetanus,1624.0
WHO_REGIONS,AMR,Region of the Americas,1984.0,PERTUSSIS,Pertussis,62423.0
WHO_REGIONS,AMR,Region of the Americas,1984.0,POLIO,Poliomyelitis,579.0
WHO_REGIONS,AMR,Region of the Americas,1984.0,TTETANUS,Total tetanus,6118.0
WHO_REGIONS,AMR,Region of the Americas,1984.0,YFEVER,Yellow fever,95.0
WHO_REGIONS,AMR,Region of the Americas,1983.0,DIPHTHERIA,Diphtheria,4023.0
WHO_REGIONS,AMR,Region of the Americas,1983.0,MEASLES,Measles,137410.0
WHO_REGIONS,AMR,Region of the Americas,1983.0,NTETANUS,Neonatal tetanus,1807.0
WHO_REGIONS,AMR,Region of the Americas,1983.0,PERTUSSIS,Pertussis,61366.0
WHO_REGIONS,AMR,Region of the Americas,1983.0,POLIO,Poliomyelitis,1073.0
WHO_REGIONS,AMR,Region of the Americas,1983.0,TTETANUS,Total tetanus,6062.0
WHO_REGIONS,AMR,Region of the Americas,1983.0,YFEVER,Yellow fever,50.0
WHO_REGIONS,AMR,Region of the Americas,1982.0,DIPHTHERIA,Diphtheria,4087.0
WHO_REGIONS,AMR,Region of the Americas,1982.0,MEASLES,Measles,153746.0
WHO_REGIONS,AMR,Region of the Americas,1982.0,NTETANUS,Neonatal tetanus,1515.0
WHO_REGIONS,AMR,Region of the Americas,1982.0,PERTUSSIS,Pertussis,99065.0
WHO_REGIONS,AMR,Region of the Americas,1982.0,POLIO,Poliomyelitis,996.0
WHO_REGIONS,AMR,Region of the Americas,1982.0,TTETANUS,Total tetanus,6305.0
WHO_REGIONS,AMR,Region of the Americas,1982.0,YFEVER,Yellow fever,140.0
WHO_REGIONS,AMR,Region of the Americas,1981.0,DIPHTHERIA,Diphtheria,4748.0
WHO_REGIONS,AMR,Region of the Americas,1981.0,MEASLES,Measles,252378.0
WHO_REGIONS,AMR,Region of the Americas,1981.0,NTETANUS,Neonatal tetanus,783.0
WHO_REGIONS,AMR,Region of the Americas,1981.0,PERTUSSIS,Pertussis,113003.0
WHO_REGIONS,AMR,Region of the Americas,1981.0,POLIO,Poliomyelitis,1442.0
WHO_REGIONS,AMR,Region of the Americas,1981.0,TTETANUS,Total tetanus,6246.0
WHO_REGIONS,AMR,Region of the Americas,1981.0,YFEVER,Yellow fever,231.0
WHO_REGIONS,AMR,Region of the Americas,1980.0,DIPHTHERIA,Diphtheria,5570.0
WHO_REGIONS,AMR,Region of the Americas,1980.0,MEASLES,Measles,257790.0
WHO_REGIONS,AMR,Region of the Americas,1980.0,NTETANUS,Neonatal tetanus,803.0
WHO_REGIONS,AMR,Region of the Americas,1980.0,PERTUSSIS,Pertussis,123734.0
WHO_REGIONS,AMR,Region of the Americas,1980.0,POLIO,Poliomyelitis,2989.0
WHO_REGIONS,AMR,Region of the Americas,1980.0,TTETANUS,Total tetanus,7055.0
WHO_REGIONS,AMR,Region of the Americas,1980.0,YFEVER,Yellow fever,120.0
WHO_REGIONS,EMR,Eastern Mediterranean Region,2023.0,CRS,Congenital rubella syndrome,836.0
WHO_REGIONS,EMR,Eastern Mediterranean Region,2023.0,DIPHTHERIA,Diphtheria,502.0
WHO_REGIONS,EMR,Eastern Mediterranean Region,2023.0,INVASIVE_MENING,Invasive meningococcal disease,143.0
WHO_REGIONS,EMR,Eastern Mediterranean Region,2023.0,JAPENC,Japanese encephalitis,0.0
WHO_REGIONS,EMR,Eastern Mediterranean Region,2023.0,MEASLES,Measles,92761.0
WHO_REGIONS,EMR,Eastern Mediterranean Region,2023.0,MUMPS,Mumps,7251.0
WHO_REGIONS,EMR,Eastern Mediterranean Region,2023.0,NTETANUS,Neonatal tetanus,569.0
WHO_REGIONS,EMR,Eastern Mediterranean Region,2023.0,PERTUSSIS,Pertussis,4089.0
WHO_REGIONS,EMR,Eastern Mediterranean Region,2023.0,POLIO,Poliomyelitis,28.0
WHO_REGIONS,EMR,Eastern Mediterranean Region,2023.0,RUBELLA,Rubella,4495.0
WHO_REGIONS,EMR,Eastern Mediterranean Region,2023.0,TTETANUS,Total tetanus,669.0
WHO_REGIONS,EMR,Eastern Mediterranean Region,2023.0,TYPHOID,Typhoid,24754.0
WHO_REGIONS,EMR,Eastern Mediterranean Region,2023.0,YFEVER,Yellow fever,0.0
WHO_REGIONS,EMR,Eastern Mediterranean Region,2022.0,CRS,Congenital rubella syndrome,933.0
WHO_REGIONS,EMR,Eastern Mediterranean Region,2022.0,DIPHTHERIA,Diphtheria,440.0
WHO_REGIONS,EMR,Eastern Mediterranean Region,2022.0,INVASIVE_MENING,Invasive meningococcal disease,854.0
WHO_REGIONS,EMR,Eastern Mediterranean Region,2022.0,JAPENC,Japanese encephalitis,0.0
WHO_REGIONS,EMR,Eastern Mediterranean Region,2022.0,MEASLES,Measles,56401.0
WHO_REGIONS,EMR,Eastern Mediterranean Region,2022.0,MUMPS,Mumps,4515.0
WHO_REGIONS,EMR,Eastern Mediterranean Region,2022.0,NTETANUS,Neonatal tetanus,666.0
WHO_REGIONS,EMR,Eastern Mediterranean Region,2022.0,PERTUSSIS,Pertussis,1449.0
WHO_REGIONS,EMR,Eastern Mediterranean Region,2022.0,POLIO,Poliomyelitis,168.0
WHO_REGIONS,EMR,Eastern Mediterranean Region,2022.0,RUBELLA,Rubella,2678.0
WHO_REGIONS,EMR,Eastern Mediterranean Region,2022.0,TTETANUS,Total tetanus,710.0
WHO_REGIONS,EMR,Eastern Mediterranean Region,2022.0,TYPHOID,Typhoid,10444.0
WHO_REGIONS,EMR,Eastern Mediterranean Region,2022.0,YFEVER,Yellow fever,0.0
WHO_REGIONS,EMR,Eastern Mediterranean Region,2021.0,CRS,Congenital rubella syndrome,200.0
WHO_REGIONS,EMR,Eastern Mediterranean Region,2021.0,DIPHTHERIA,Diphtheria,1746.0
WHO_REGIONS,EMR,Eastern Mediterranean Region,2021.0,INVASIVE_MENING,Invasive meningococcal disease,422.0
WHO_REGIONS,EMR,Eastern Mediterranean Region,2021.0,JAPENC,Japanese encephalitis,0.0
WHO_REGIONS,EMR,Eastern Mediterranean Region,2021.0,MEASLES,Measles,26089.0
WHO_REGIONS,EMR,Eastern Mediterranean Region,2021.0,MUMPS,Mumps,1567.0
WHO_REGIONS,EMR,Eastern Mediterranean Region,2021.0,NTETANUS,Neonatal tetanus,3171.0
WHO_REGIONS,EMR,Eastern Mediterranean Region,2021.0,PERTUSSIS,Pertussis,5695.0
WHO_REGIONS,EMR,Eastern Mediterranean Region,2021.0,POLIO,Poliomyelitis,120.0
WHO_REGIONS,EMR,Eastern Mediterranean Region,2021.0,RUBELLA,Rubella,2919.0
WHO_REGIONS,EMR,Eastern Mediterranean Region,2021.0,TTETANUS,Total tetanus,3215.0
WHO_REGIONS,EMR,Eastern Mediterranean Region,2021.0,TYPHOID,Typhoid,3927.0
WHO_REGIONS,EMR,Eastern Mediterranean Region,2021.0,YFEVER,Yellow fever,0.0
WHO_REGIONS,EMR,Eastern Mediterranean Region,2020.0,CRS,Congenital rubella syndrome,958.0
WHO_REGIONS,EMR,Eastern Mediterranean Region,2020.0,DIPHTHERIA,Diphtheria,295.0
WHO_REGIONS,EMR,Eastern Mediterranean Region,2020.0,INVASIVE_MENING,Invasive meningococcal disease,945.0
WHO_REGIONS,EMR,Eastern Mediterranean Region,2020.0,JAPENC,Japanese encephalitis,0.0
WHO_REGIONS,EMR,Eastern Mediterranean Region,2020.0,MEASLES,Measles,6769.0
WHO_REGIONS,EMR,Eastern Mediterranean Region,2020.0,MUMPS,Mumps,1978.0
WHO_REGIONS,EMR,Eastern Mediterranean Region,2020.0,NTETANUS,Neonatal tetanus,704.0
WHO_REGIONS,EMR,Eastern Mediterranean Region,2020.0,PERTUSSIS,Pertussis,665.0
WHO_REGIONS,EMR,Eastern Mediterranean Region,2020.0,POLIO,Poliomyelitis,547.0
WHO_REGIONS,EMR,Eastern Mediterranean Region,2020.0,RUBELLA,Rubella,755.0
WHO_REGIONS,EMR,Eastern Mediterranean Region,2020.0,TTETANUS,Total tetanus,716.0
WHO_REGIONS,EMR,Eastern Mediterranean Region,2020.0,TYPHOID,Typhoid,4135.0
WHO_REGIONS,EMR,Eastern Mediterranean Region,2020.0,YFEVER,Yellow fever,0.0
WHO_REGIONS,EMR,Eastern Mediterranean Region,2019.0,CRS,Congenital rubella syndrome,26.0
WHO_REGIONS,EMR,Eastern Mediterranean Region,2019.0,DIPHTHERIA,Diphtheria,705.0
WHO_REGIONS,EMR,Eastern Mediterranean Region,2019.0,JAPENC,Japanese encephalitis,0.0
WHO_REGIONS,EMR,Eastern Mediterranean Region,2019.0,MEASLES,Measles,18458.0
WHO_REGIONS,EMR,Eastern Mediterranean Region,2019.0,MUMPS,Mumps,9663.0
WHO_REGIONS,EMR,Eastern Mediterranean Region,2019.0,NTETANUS,Neonatal tetanus,634.0
WHO_REGIONS,EMR,Eastern Mediterranean Region,2019.0,PERTUSSIS,Pertussis,2021.0
WHO_REGIONS,EMR,Eastern Mediterranean Region,2019.0,POLIO,Poliomyelitis,26.0
WHO_REGIONS,EMR,Eastern Mediterranean Region,2019.0,RUBELLA,Rubella,2603.0
WHO_REGIONS,EMR,Eastern Mediterranean Region,2019.0,TTETANUS,Total tetanus,685.0
WHO_REGIONS,EMR,Eastern Mediterranean Region,2019.0,TYPHOID,Typhoid,2245.0
WHO_REGIONS,EMR,Eastern Mediterranean Region,2019.0,YFEVER,Yellow fever,0.0
WHO_REGIONS,EMR,Eastern Mediterranean Region,2018.0,CRS,Congenital rubella syndrome,39.0
WHO_REGIONS,EMR,Eastern Mediterranean Region,2018.0,DIPHTHERIA,Diphtheria,3448.0
WHO_REGIONS,EMR,Eastern Mediterranean Region,2018.0,JAPENC,Japanese encephalitis,0.0
WHO_REGIONS,EMR,Eastern Mediterranean Region,2018.0,MEASLES,Measles,64764.0
WHO_REGIONS,EMR,Eastern Mediterranean Region,2018.0,MUMPS,Mumps,23145.0
WHO_REGIONS,EMR,Eastern Mediterranean Region,2018.0,NTETANUS,Neonatal tetanus,181.0
WHO_REGIONS,EMR,Eastern Mediterranean Region,2018.0,PERTUSSIS,Pertussis,3528.0
WHO_REGIONS,EMR,Eastern Mediterranean Region,2018.0,POLIO,Poliomyelitis,45.0
WHO_REGIONS,EMR,Eastern Mediterranean Region,2018.0,RUBELLA,Rubella,1622.0
WHO_REGIONS,EMR,Eastern Mediterranean Region,2018.0,TTETANUS,Total tetanus,228.0
WHO_REGIONS,EMR,Eastern Mediterranean Region,2018.0,TYPHOID,Typhoid,815.0
WHO_REGIONS,EMR,Eastern Mediterranean Region,2018.0,YFEVER,Yellow fever,0.0
WHO_REGIONS,EMR,Eastern Mediterranean Region,2017.0,CRS,Congenital rubella syndrome,13.0
WHO_REGIONS,EMR,Eastern Mediterranean Region,2017.0,DIPHTHERIA,Diphtheria,600.0
WHO_REGIONS,EMR,Eastern Mediterranean Region,2017.0,JAPENC,Japanese encephalitis,0.0
WHO_REGIONS,EMR,Eastern Mediterranean Region,2017.0,MEASLES,Measles,36434.0
WHO_REGIONS,EMR,Eastern Mediterranean Region,2017.0,MUMPS,Mumps,43053.0
WHO_REGIONS,EMR,Eastern Mediterranean Region,2017.0,NTETANUS,Neonatal tetanus,557.0
WHO_REGIONS,EMR,Eastern Mediterranean Region,2017.0,PERTUSSIS,Pertussis,2012.0
WHO_REGIONS,EMR,Eastern Mediterranean Region,2017.0,POLIO,Poliomyelitis,96.0
WHO_REGIONS,EMR,Eastern Mediterranean Region,2017.0,RUBELLA,Rubella,931.0
WHO_REGIONS,EMR,Eastern Mediterranean Region,2017.0,TTETANUS,Total tetanus,505.0
WHO_REGIONS,EMR,Eastern Mediterranean Region,2017.0,YFEVER,Yellow fever,0.0
WHO_REGIONS,EMR,Eastern Mediterranean Region,2016.0,CRS,Congenital rubella syndrome,9.0
WHO_REGIONS,EMR,Eastern Mediterranean Region,2016.0,DIPHTHERIA,Diphtheria,25.0
WHO_REGIONS,EMR,Eastern Mediterranean Region,2016.0,JAPENC,Japanese encephalitis,0.0
WHO_REGIONS,EMR,Eastern Mediterranean Region,2016.0,MEASLES,Measles,6275.0
WHO_REGIONS,EMR,Eastern Mediterranean Region,2016.0,MUMPS,Mumps,75680.0
WHO_REGIONS,EMR,Eastern Mediterranean Region,2016.0,NTETANUS,Neonatal tetanus,78.0
WHO_REGIONS,EMR,Eastern Mediterranean Region,2016.0,PERTUSSIS,Pertussis,1493.0
WHO_REGIONS,EMR,Eastern Mediterranean Region,2016.0,POLIO,Poliomyelitis,33.0
WHO_REGIONS,EMR,Eastern Mediterranean Region,2016.0,RUBELLA,Rubella,1981.0
WHO_REGIONS,EMR,Eastern Mediterranean Region,2016.0,TTETANUS,Total tetanus,52.0
WHO_REGIONS,EMR,Eastern Mediterranean Region,2016.0,YFEVER,Yellow fever,0.0
WHO_REGIONS,EMR,Eastern Mediterranean Region,2015.0,CRS,Congenital rubella syndrome,0.0
WHO_REGIONS,EMR,Eastern Mediterranean Region,2015.0,DIPHTHERIA,Diphtheria,43.0
WHO_REGIONS,EMR,Eastern Mediterranean Region,2015.0,JAPENC,Japanese encephalitis,0.0
WHO_REGIONS,EMR,Eastern Mediterranean Region,2015.0,MEASLES,Measles,21418.0
WHO_REGIONS,EMR,Eastern Mediterranean Region,2015.0,MUMPS,Mumps,20391.0
WHO_REGIONS,EMR,Eastern Mediterranean Region,2015.0,NTETANUS,Neonatal tetanus,815.0
WHO_REGIONS,EMR,Eastern Mediterranean Region,2015.0,PERTUSSIS,Pertussis,1358.0
WHO_REGIONS,EMR,Eastern Mediterranean Region,2015.0,POLIO,Poliomyelitis,76.0
WHO_REGIONS,EMR,Eastern Mediterranean Region,2015.0,RUBELLA,Rubella,1885.0
WHO_REGIONS,EMR,Eastern Mediterranean Region,2015.0,TTETANUS,Total tetanus,885.0
WHO_REGIONS,EMR,Eastern Mediterranean Region,2015.0,YFEVER,Yellow fever,0.0
WHO_REGIONS,EMR,Eastern Mediterranean Region,2014.0,CRS,Congenital rubella syndrome,2.0
WHO_REGIONS,EMR,Eastern Mediterranean Region,2014.0,DIPHTHERIA,Diphtheria,40.0
WHO_REGIONS,EMR,Eastern Mediterranean Region,2014.0,JAPENC,Japanese encephalitis,0.0
WHO_REGIONS,EMR,Eastern Mediterranean Region,2014.0,MEASLES,Measles,18080.0
WHO_REGIONS,EMR,Eastern Mediterranean Region,2014.0,MUMPS,Mumps,9608.0
WHO_REGIONS,EMR,Eastern Mediterranean Region,2014.0,NTETANUS,Neonatal tetanus,156.0
WHO_REGIONS,EMR,Eastern Mediterranean Region,2014.0,PERTUSSIS,Pertussis,2224.0
WHO_REGIONS,EMR,Eastern Mediterranean Region,2014.0,POLIO,Poliomyelitis,342.0
WHO_REGIONS,EMR,Eastern Mediterranean Region,2014.0,RUBELLA,Rubella,2945.0
WHO_REGIONS,EMR,Eastern Mediterranean Region,2014.0,TTETANUS,Total tetanus,243.0
WHO_REGIONS,EMR,Eastern Mediterranean Region,2014.0,YFEVER,Yellow fever,0.0
WHO_REGIONS,EMR,Eastern Mediterranean Region,2013.0,CRS,Congenital rubella syndrome,13.0
WHO_REGIONS,EMR,Eastern Mediterranean Region,2013.0,DIPHTHERIA,Diphtheria,392.0
WHO_REGIONS,EMR,Eastern Mediterranean Region,2013.0,JAPENC,Japanese encephalitis,0.0
WHO_REGIONS,EMR,Eastern Mediterranean Region,2013.0,MEASLES,Measles,20884.0
WHO_REGIONS,EMR,Eastern Mediterranean Region,2013.0,MUMPS,Mumps,27958.0
WHO_REGIONS,EMR,Eastern Mediterranean Region,2013.0,NTETANUS,Neonatal tetanus,1280.0
WHO_REGIONS,EMR,Eastern Mediterranean Region,2013.0,PERTUSSIS,Pertussis,8751.0
WHO_REGIONS,EMR,Eastern Mediterranean Region,2013.0,POLIO,Poliomyelitis,389.0
WHO_REGIONS,EMR,Eastern Mediterranean Region,2013.0,RUBELLA,Rubella,3904.0
WHO_REGIONS,EMR,Eastern Mediterranean Region,2013.0,TTETANUS,Total tetanus,1513.0
WHO_REGIONS,EMR,Eastern Mediterranean Region,2013.0,YFEVER,Yellow fever,0.0
WHO_REGIONS,EMR,Eastern Mediterranean Region,2012.0,CRS,Congenital rubella syndrome,20.0
WHO_REGIONS,EMR,Eastern Mediterranean Region,2012.0,DIPHTHERIA,Diphtheria,334.0
WHO_REGIONS,EMR,Eastern Mediterranean Region,2012.0,JAPENC,Japanese encephalitis,0.0
WHO_REGIONS,EMR,Eastern Mediterranean Region,2012.0,MEASLES,Measles,34504.0
WHO_REGIONS,EMR,Eastern Mediterranean Region,2012.0,MUMPS,Mumps,8524.0
WHO_REGIONS,EMR,Eastern Mediterranean Region,2012.0,NTETANUS,Neonatal tetanus,811.0
WHO_REGIONS,EMR,Eastern Mediterranean Region,2012.0,PERTUSSIS,Pertussis,14540.0
WHO_REGIONS,EMR,Eastern Mediterranean Region,2012.0,POLIO,Poliomyelitis,124.0
WHO_REGIONS,EMR,Eastern Mediterranean Region,2012.0,RUBELLA,Rubella,1681.0
WHO_REGIONS,EMR,Eastern Mediterranean Region,2012.0,TTETANUS,Total tetanus,767.0
WHO_REGIONS,EMR,Eastern Mediterranean Region,2012.0,YFEVER,Yellow fever,0.0
WHO_REGIONS,EMR,Eastern Mediterranean Region,2011.0,CRS,Congenital rubella syndrome,2.0
WHO_REGIONS,EMR,Eastern Mediterranean Region,2011.0,DIPHTHERIA,Diphtheria,352.0
WHO_REGIONS,EMR,Eastern Mediterranean Region,2011.0,JAPENC,Japanese encephalitis,0.0
WHO_REGIONS,EMR,Eastern Mediterranean Region,2011.0,MEASLES,Measles,34667.0
WHO_REGIONS,EMR,Eastern Mediterranean Region,2011.0,MUMPS,Mumps,6658.0
WHO_REGIONS,EMR,Eastern Mediterranean Region,2011.0,NTETANUS,Neonatal tetanus,1017.0
WHO_REGIONS,EMR,Eastern Mediterranean Region,2011.0,PERTUSSIS,Pertussis,8514.0
WHO_REGIONS,EMR,Eastern Mediterranean Region,2011.0,POLIO,Poliomyelitis,297.0
WHO_REGIONS,EMR,Eastern Mediterranean Region,2011.0,RUBELLA,Rubella,2749.0
WHO_REGIONS,EMR,Eastern Mediterranean Region,2011.0,TTETANUS,Total tetanus,1350.0
WHO_REGIONS,EMR,Eastern Mediterranean Region,2011.0,YFEVER,Yellow fever,0.0
WHO_REGIONS,EMR,Eastern Mediterranean Region,2010.0,CRS,Congenital rubella syndrome,5.0
WHO_REGIONS,EMR,Eastern Mediterranean Region,2010.0,DIPHTHERIA,Diphtheria,154.0
WHO_REGIONS,EMR,Eastern Mediterranean Region,2010.0,JAPENC,Japanese encephalitis,0.0
WHO_REGIONS,EMR,Eastern Mediterranean Region,2010.0,MEASLES,Measles,10072.0
WHO_REGIONS,EMR,Eastern Mediterranean Region,2010.0,MUMPS,Mumps,8777.0
WHO_REGIONS,EMR,Eastern Mediterranean Region,2010.0,NTETANUS,Neonatal tetanus,1007.0
WHO_REGIONS,EMR,Eastern Mediterranean Region,2010.0,PERTUSSIS,Pertussis,6286.0
WHO_REGIONS,EMR,Eastern Mediterranean Region,2010.0,POLIO,Poliomyelitis,175.0
WHO_REGIONS,EMR,Eastern Mediterranean Region,2010.0,RUBELLA,Rubella,1398.0
WHO_REGIONS,EMR,Eastern Mediterranean Region,2010.0,TTETANUS,Total tetanus,1108.0
WHO_REGIONS,EMR,Eastern Mediterranean Region,2010.0,YFEVER,Yellow fever,0.0
WHO_REGIONS,EMR,Eastern Mediterranean Region,2009.0,CRS,Congenital rubella syndrome,67.0
WHO_REGIONS,EMR,Eastern Mediterranean Region,2009.0,DIPHTHERIA,Diphtheria,109.0
WHO_REGIONS,EMR,Eastern Mediterranean Region,2009.0,JAPENC,Japanese encephalitis,0.0
WHO_REGIONS,EMR,Eastern Mediterranean Region,2009.0,MEASLES,Measles,36605.0
WHO_REGIONS,EMR,Eastern Mediterranean Region,2009.0,MUMPS,Mumps,9912.0
WHO_REGIONS,EMR,Eastern Mediterranean Region,2009.0,NTETANUS,Neonatal tetanus,1059.0
WHO_REGIONS,EMR,Eastern Mediterranean Region,2009.0,PERTUSSIS,Pertussis,9790.0
WHO_REGIONS,EMR,Eastern Mediterranean Region,2009.0,POLIO,Poliomyelitis,178.0
WHO_REGIONS,EMR,Eastern Mediterranean Region,2009.0,RUBELLA,Rubella,2030.0
WHO_REGIONS,EMR,Eastern Mediterranean Region,2009.0,TTETANUS,Total tetanus,1194.0
WHO_REGIONS,EMR,Eastern Mediterranean Region,2009.0,YFEVER,Yellow fever,0.0
WHO_REGIONS,EMR,Eastern Mediterranean Region,2008.0,CRS,Congenital rubella syndrome,1.0
WHO_REGIONS,EMR,Eastern Mediterranean Region,2008.0,DIPHTHERIA,Diphtheria,133.0
WHO_REGIONS,EMR,Eastern Mediterranean Region,2008.0,JAPENC,Japanese encephalitis,0.0
WHO_REGIONS,EMR,Eastern Mediterranean Region,2008.0,MEASLES,Measles,12120.0
WHO_REGIONS,EMR,Eastern Mediterranean Region,2008.0,MUMPS,Mumps,10144.0
WHO_REGIONS,EMR,Eastern Mediterranean Region,2008.0,NTETANUS,Neonatal tetanus,1113.0
WHO_REGIONS,EMR,Eastern Mediterranean Region,2008.0,PERTUSSIS,Pertussis,7152.0
WHO_REGIONS,EMR,Eastern Mediterranean Region,2008.0,POLIO,Poliomyelitis,175.0
WHO_REGIONS,EMR,Eastern Mediterranean Region,2008.0,RUBELLA,Rubella,2363.0
WHO_REGIONS,EMR,Eastern Mediterranean Region,2008.0,TTETANUS,Total tetanus,1541.0
WHO_REGIONS,EMR,Eastern Mediterranean Region,2008.0,YFEVER,Yellow fever,0.0
WHO_REGIONS,EMR,Eastern Mediterranean Region,2007.0,CRS,Congenital rubella syndrome,0.0
WHO_REGIONS,EMR,Eastern Mediterranean Region,2007.0,DIPHTHERIA,Diphtheria,170.0
WHO_REGIONS,EMR,Eastern Mediterranean Region,2007.0,JAPENC,Japanese encephalitis,0.0
WHO_REGIONS,EMR,Eastern Mediterranean Region,2007.0,MEASLES,Measles,15670.0
WHO_REGIONS,EMR,Eastern Mediterranean Region,2007.0,MUMPS,Mumps,8176.0
WHO_REGIONS,EMR,Eastern Mediterranean Region,2007.0,NTETANUS,Neonatal tetanus,951.0
WHO_REGIONS,EMR,Eastern Mediterranean Region,2007.0,PERTUSSIS,Pertussis,14213.0
WHO_REGIONS,EMR,Eastern Mediterranean Region,2007.0,POLIO,Poliomyelitis,58.0
WHO_REGIONS,EMR,Eastern Mediterranean Region,2007.0,RUBELLA,Rubella,12071.0
WHO_REGIONS,EMR,Eastern Mediterranean Region,2007.0,TTETANUS,Total tetanus,1220.0
WHO_REGIONS,EMR,Eastern Mediterranean Region,2007.0,YFEVER,Yellow fever,0.0
WHO_REGIONS,EMR,Eastern Mediterranean Region,2006.0,CRS,Congenital rubella syndrome,23.0
WHO_REGIONS,EMR,Eastern Mediterranean Region,2006.0,DIPHTHERIA,Diphtheria,180.0
WHO_REGIONS,EMR,Eastern Mediterranean Region,2006.0,JAPENC,Japanese encephalitis,0.0
WHO_REGIONS,EMR,Eastern Mediterranean Region,2006.0,MEASLES,Measles,23303.0
WHO_REGIONS,EMR,Eastern Mediterranean Region,2006.0,MUMPS,Mumps,10965.0
WHO_REGIONS,EMR,Eastern Mediterranean Region,2006.0,NTETANUS,Neonatal tetanus,886.0
WHO_REGIONS,EMR,Eastern Mediterranean Region,2006.0,PERTUSSIS,Pertussis,10060.0
WHO_REGIONS,EMR,Eastern Mediterranean Region,2006.0,POLIO,Poliomyelitis,107.0
WHO_REGIONS,EMR,Eastern Mediterranean Region,2006.0,RUBELLA,Rubella,3685.0
WHO_REGIONS,EMR,Eastern Mediterranean Region,2006.0,TTETANUS,Total tetanus,1023.0
WHO_REGIONS,EMR,Eastern Mediterranean Region,2006.0,YFEVER,Yellow fever,0.0
WHO_REGIONS,EMR,Eastern Mediterranean Region,2005.0,CRS,Congenital rubella syndrome,1.0
WHO_REGIONS,EMR,Eastern Mediterranean Region,2005.0,DIPHTHERIA,Diphtheria,251.0
WHO_REGIONS,EMR,Eastern Mediterranean Region,2005.0,MEASLES,Measles,15069.0
WHO_REGIONS,EMR,Eastern Mediterranean Region,2005.0,MUMPS,Mumps,14241.0
WHO_REGIONS,EMR,Eastern Mediterranean Region,2005.0,NTETANUS,Neonatal tetanus,802.0
WHO_REGIONS,EMR,Eastern Mediterranean Region,2005.0,PERTUSSIS,Pertussis,5164.0
WHO_REGIONS,EMR,Eastern Mediterranean Region,2005.0,POLIO,Poliomyelitis,728.0
WHO_REGIONS,EMR,Eastern Mediterranean Region,2005.0,RUBELLA,Rubella,14967.0
WHO_REGIONS,EMR,Eastern Mediterranean Region,2005.0,TTETANUS,Total tetanus,914.0
WHO_REGIONS,EMR,Eastern Mediterranean Region,2005.0,YFEVER,Yellow fever,0.0
WHO_REGIONS,EMR,Eastern Mediterranean Region,2004.0,CRS,Congenital rubella syndrome,3.0
WHO_REGIONS,EMR,Eastern Mediterranean Region,2004.0,DIPHTHERIA,Diphtheria,145.0
WHO_REGIONS,EMR,Eastern Mediterranean Region,2004.0,MEASLES,Measles,59804.0
WHO_REGIONS,EMR,Eastern Mediterranean Region,2004.0,MUMPS,Mumps,26492.0
WHO_REGIONS,EMR,Eastern Mediterranean Region,2004.0,NTETANUS,Neonatal tetanus,910.0
WHO_REGIONS,EMR,Eastern Mediterranean Region,2004.0,PERTUSSIS,Pertussis,81987.0
WHO_REGIONS,EMR,Eastern Mediterranean Region,2004.0,POLIO,Poliomyelitis,186.0
WHO_REGIONS,EMR,Eastern Mediterranean Region,2004.0,RUBELLA,Rubella,8368.0
WHO_REGIONS,EMR,Eastern Mediterranean Region,2004.0,TTETANUS,Total tetanus,847.0
WHO_REGIONS,EMR,Eastern Mediterranean Region,2004.0,YFEVER,Yellow fever,0.0
WHO_REGIONS,EMR,Eastern Mediterranean Region,2003.0,CRS,Congenital rubella syndrome,1.0
WHO_REGIONS,EMR,Eastern Mediterranean Region,2003.0,DIPHTHERIA,Diphtheria,287.0
WHO_REGIONS,EMR,Eastern Mediterranean Region,2003.0,MEASLES,Measles,52110.0
WHO_REGIONS,EMR,Eastern Mediterranean Region,2003.0,MUMPS,Mumps,12351.0
WHO_REGIONS,EMR,Eastern Mediterranean Region,2003.0,NTETANUS,Neonatal tetanus,1299.0
WHO_REGIONS,EMR,Eastern Mediterranean Region,2003.0,PERTUSSIS,Pertussis,1161.0
WHO_REGIONS,EMR,Eastern Mediterranean Region,2003.0,POLIO,Poliomyelitis,113.0
WHO_REGIONS,EMR,Eastern Mediterranean Region,2003.0,RUBELLA,Rubella,510.0
WHO_REGIONS,EMR,Eastern Mediterranean Region,2003.0,TTETANUS,Total tetanus,1623.0
WHO_REGIONS,EMR,Eastern Mediterranean Region,2003.0,YFEVER,Yellow fever,0.0
WHO_REGIONS,EMR,Eastern Mediterranean Region,2002.0,CRS,Congenital rubella syndrome,0.0
WHO_REGIONS,EMR,Eastern Mediterranean Region,2002.0,DIPHTHERIA,Diphtheria,924.0
WHO_REGIONS,EMR,Eastern Mediterranean Region,2002.0,MEASLES,Measles,42616.0
WHO_REGIONS,EMR,Eastern Mediterranean Region,2002.0,MUMPS,Mumps,19861.0
WHO_REGIONS,EMR,Eastern Mediterranean Region,2002.0,NTETANUS,Neonatal tetanus,1986.0
WHO_REGIONS,EMR,Eastern Mediterranean Region,2002.0,PERTUSSIS,Pertussis,2650.0
WHO_REGIONS,EMR,Eastern Mediterranean Region,2002.0,POLIO,Poliomyelitis,110.0
WHO_REGIONS,EMR,Eastern Mediterranean Region,2002.0,RUBELLA,Rubella,569.0
WHO_REGIONS,EMR,Eastern Mediterranean Region,2002.0,TTETANUS,Total tetanus,2900.0
WHO_REGIONS,EMR,Eastern Mediterranean Region,2002.0,YFEVER,Yellow fever,0.0
WHO_REGIONS,EMR,Eastern Mediterranean Region,2001.0,CRS,Congenital rubella syndrome,2.0
WHO_REGIONS,EMR,Eastern Mediterranean Region,2001.0,DIPHTHERIA,Diphtheria,96.0
WHO_REGIONS,EMR,Eastern Mediterranean Region,2001.0,MEASLES,Measles,41103.0
WHO_REGIONS,EMR,Eastern Mediterranean Region,2001.0,MUMPS,Mumps,35431.0
WHO_REGIONS,EMR,Eastern Mediterranean Region,2001.0,NTETANUS,Neonatal tetanus,1815.0
WHO_REGIONS,EMR,Eastern Mediterranean Region,2001.0,PERTUSSIS,Pertussis,4257.0
WHO_REGIONS,EMR,Eastern Mediterranean Region,2001.0,POLIO,Poliomyelitis,143.0
WHO_REGIONS,EMR,Eastern Mediterranean Region,2001.0,RUBELLA,Rubella,1328.0
WHO_REGIONS,EMR,Eastern Mediterranean Region,2001.0,TTETANUS,Total tetanus,2038.0
WHO_REGIONS,EMR,Eastern Mediterranean Region,2001.0,YFEVER,Yellow fever,0.0
WHO_REGIONS,EMR,Eastern Mediterranean Region,2000.0,CRS,Congenital rubella syndrome,0.0
WHO_REGIONS,EMR,Eastern Mediterranean Region,2000.0,DIPHTHERIA,Diphtheria,175.0
WHO_REGIONS,EMR,Eastern Mediterranean Region,2000.0,MEASLES,Measles,38592.0
WHO_REGIONS,EMR,Eastern Mediterranean Region,2000.0,MUMPS,Mumps,65935.0
WHO_REGIONS,EMR,Eastern Mediterranean Region,2000.0,NTETANUS,Neonatal tetanus,3140.0
WHO_REGIONS,EMR,Eastern Mediterranean Region,2000.0,PERTUSSIS,Pertussis,2112.0
WHO_REGIONS,EMR,Eastern Mediterranean Region,2000.0,POLIO,Poliomyelitis,505.0
WHO_REGIONS,EMR,Eastern Mediterranean Region,2000.0,RUBELLA,Rubella,3122.0
WHO_REGIONS,EMR,Eastern Mediterranean Region,2000.0,TTETANUS,Total tetanus,2134.0
WHO_REGIONS,EMR,Eastern Mediterranean Region,2000.0,YFEVER,Yellow fever,0.0
WHO_REGIONS,EMR,Eastern Mediterranean Region,1999.0,CRS,Congenital rubella syndrome,0.0
WHO_REGIONS,EMR,Eastern Mediterranean Region,1999.0,DIPHTHERIA,Diphtheria,494.0
WHO_REGIONS,EMR,Eastern Mediterranean Region,1999.0,MEASLES,Measles,71562.0
WHO_REGIONS,EMR,Eastern Mediterranean Region,1999.0,MUMPS,Mumps,64361.0
WHO_REGIONS,EMR,Eastern Mediterranean Region,1999.0,NTETANUS,Neonatal tetanus,2321.0
WHO_REGIONS,EMR,Eastern Mediterranean Region,1999.0,PERTUSSIS,Pertussis,2840.0
WHO_REGIONS,EMR,Eastern Mediterranean Region,1999.0,POLIO,Poliomyelitis,914.0
WHO_REGIONS,EMR,Eastern Mediterranean Region,1999.0,RUBELLA,Rubella,5775.0
WHO_REGIONS,EMR,Eastern Mediterranean Region,1999.0,TTETANUS,Total tetanus,3063.0
WHO_REGIONS,EMR,Eastern Mediterranean Region,1999.0,YFEVER,Yellow fever,0.0
WHO_REGIONS,EMR,Eastern Mediterranean Region,1998.0,DIPHTHERIA,Diphtheria,399.0
WHO_REGIONS,EMR,Eastern Mediterranean Region,1998.0,MEASLES,Measles,89478.0
WHO_REGIONS,EMR,Eastern Mediterranean Region,1998.0,NTETANUS,Neonatal tetanus,2956.0
WHO_REGIONS,EMR,Eastern Mediterranean Region,1998.0,PERTUSSIS,Pertussis,4367.0
WHO_REGIONS,EMR,Eastern Mediterranean Region,1998.0,POLIO,Poliomyelitis,555.0
WHO_REGIONS,EMR,Eastern Mediterranean Region,1998.0,TTETANUS,Total tetanus,3832.0
WHO_REGIONS,EMR,Eastern Mediterranean Region,1998.0,YFEVER,Yellow fever,0.0
WHO_REGIONS,EMR,Eastern Mediterranean Region,1997.0,DIPHTHERIA,Diphtheria,423.0
WHO_REGIONS,EMR,Eastern Mediterranean Region,1997.0,MEASLES,Measles,33085.0
WHO_REGIONS,EMR,Eastern Mediterranean Region,1997.0,NTETANUS,Neonatal tetanus,2799.0
WHO_REGIONS,EMR,Eastern Mediterranean Region,1997.0,PERTUSSIS,Pertussis,3210.0
WHO_REGIONS,EMR,Eastern Mediterranean Region,1997.0,POLIO,Poliomyelitis,1255.0
WHO_REGIONS,EMR,Eastern Mediterranean Region,1997.0,TTETANUS,Total tetanus,3986.0
WHO_REGIONS,EMR,Eastern Mediterranean Region,1996.0,DIPHTHERIA,Diphtheria,522.0
WHO_REGIONS,EMR,Eastern Mediterranean Region,1996.0,MEASLES,Measles,20249.0
WHO_REGIONS,EMR,Eastern Mediterranean Region,1996.0,NTETANUS,Neonatal tetanus,3008.0
WHO_REGIONS,EMR,Eastern Mediterranean Region,1996.0,PERTUSSIS,Pertussis,2823.0
WHO_REGIONS,EMR,Eastern Mediterranean Region,1996.0,POLIO,Poliomyelitis,532.0
WHO_REGIONS,EMR,Eastern Mediterranean Region,1996.0,TTETANUS,Total tetanus,4089.0
WHO_REGIONS,EMR,Eastern Mediterranean Region,1995.0,DIPHTHERIA,Diphtheria,295.0
WHO_REGIONS,EMR,Eastern Mediterranean Region,1995.0,MEASLES,Measles,20607.0
WHO_REGIONS,EMR,Eastern Mediterranean Region,1995.0,NTETANUS,Neonatal tetanus,2638.0
WHO_REGIONS,EMR,Eastern Mediterranean Region,1995.0,PERTUSSIS,Pertussis,3616.0
WHO_REGIONS,EMR,Eastern Mediterranean Region,1995.0,POLIO,Poliomyelitis,789.0
WHO_REGIONS,EMR,Eastern Mediterranean Region,1995.0,TTETANUS,Total tetanus,3316.0
WHO_REGIONS,EMR,Eastern Mediterranean Region,1994.0,DIPHTHERIA,Diphtheria,312.0
WHO_REGIONS,EMR,Eastern Mediterranean Region,1994.0,MEASLES,Measles,24578.0
WHO_REGIONS,EMR,Eastern Mediterranean Region,1994.0,NTETANUS,Neonatal tetanus,3149.0
WHO_REGIONS,EMR,Eastern Mediterranean Region,1994.0,PERTUSSIS,Pertussis,1707.0
WHO_REGIONS,EMR,Eastern Mediterranean Region,1994.0,POLIO,Poliomyelitis,1015.0
WHO_REGIONS,EMR,Eastern Mediterranean Region,1994.0,TTETANUS,Total tetanus,4183.0
WHO_REGIONS,EMR,Eastern Mediterranean Region,1993.0,DIPHTHERIA,Diphtheria,405.0
WHO_REGIONS,EMR,Eastern Mediterranean Region,1993.0,MEASLES,Measles,50758.0
WHO_REGIONS,EMR,Eastern Mediterranean Region,1993.0,NTETANUS,Neonatal tetanus,3351.0
WHO_REGIONS,EMR,Eastern Mediterranean Region,1993.0,PERTUSSIS,Pertussis,2065.0
WHO_REGIONS,EMR,Eastern Mediterranean Region,1993.0,POLIO,Poliomyelitis,2451.0
WHO_REGIONS,EMR,Eastern Mediterranean Region,1993.0,TTETANUS,Total tetanus,4858.0
WHO_REGIONS,EMR,Eastern Mediterranean Region,1992.0,DIPHTHERIA,Diphtheria,1066.0
WHO_REGIONS,EMR,Eastern Mediterranean Region,1992.0,MEASLES,Measles,89758.0
WHO_REGIONS,EMR,Eastern Mediterranean Region,1992.0,NTETANUS,Neonatal tetanus,4125.0
WHO_REGIONS,EMR,Eastern Mediterranean Region,1992.0,PERTUSSIS,Pertussis,4633.0
WHO_REGIONS,EMR,Eastern Mediterranean Region,1992.0,POLIO,Poliomyelitis,1900.0
WHO_REGIONS,EMR,Eastern Mediterranean Region,1992.0,TTETANUS,Total tetanus,5602.0
WHO_REGIONS,EMR,Eastern Mediterranean Region,1991.0,DIPHTHERIA,Diphtheria,1215.0
WHO_REGIONS,EMR,Eastern Mediterranean Region,1991.0,MEASLES,Measles,64177.0
WHO_REGIONS,EMR,Eastern Mediterranean Region,1991.0,NTETANUS,Neonatal tetanus,4374.0
WHO_REGIONS,EMR,Eastern Mediterranean Region,1991.0,PERTUSSIS,Pertussis,4428.0
WHO_REGIONS,EMR,Eastern Mediterranean Region,1991.0,POLIO,Poliomyelitis,2126.0
WHO_REGIONS,EMR,Eastern Mediterranean Region,1991.0,TTETANUS,Total tetanus,7113.0
WHO_REGIONS,EMR,Eastern Mediterranean Region,1990.0,DIPHTHERIA,Diphtheria,3604.0
WHO_REGIONS,EMR,Eastern Mediterranean Region,1990.0,MEASLES,Measles,59058.0
WHO_REGIONS,EMR,Eastern Mediterranean Region,1990.0,NTETANUS,Neonatal tetanus,4666.0
WHO_REGIONS,EMR,Eastern Mediterranean Region,1990.0,PERTUSSIS,Pertussis,27437.0
WHO_REGIONS,EMR,Eastern Mediterranean Region,1990.0,POLIO,Poliomyelitis,1498.0
WHO_REGIONS,EMR,Eastern Mediterranean Region,1990.0,TTETANUS,Total tetanus,9815.0
WHO_REGIONS,EMR,Eastern Mediterranean Region,1989.0,DIPHTHERIA,Diphtheria,6285.0
WHO_REGIONS,EMR,Eastern Mediterranean Region,1989.0,MEASLES,Measles,83776.0
WHO_REGIONS,EMR,Eastern Mediterranean Region,1989.0,NTETANUS,Neonatal tetanus,6312.0
WHO_REGIONS,EMR,Eastern Mediterranean Region,1989.0,PERTUSSIS,Pertussis,40126.0
WHO_REGIONS,EMR,Eastern Mediterranean Region,1989.0,POLIO,Poliomyelitis,2307.0
WHO_REGIONS,EMR,Eastern Mediterranean Region,1989.0,TTETANUS,Total tetanus,13297.0
WHO_REGIONS,EMR,Eastern Mediterranean Region,1988.0,DIPHTHERIA,Diphtheria,4955.0
WHO_REGIONS,EMR,Eastern Mediterranean Region,1988.0,MEASLES,Measles,126977.0
WHO_REGIONS,EMR,Eastern Mediterranean Region,1988.0,NTETANUS,Neonatal tetanus,9361.0
WHO_REGIONS,EMR,Eastern Mediterranean Region,1988.0,PERTUSSIS,Pertussis,78496.0
WHO_REGIONS,EMR,Eastern Mediterranean Region,1988.0,POLIO,Poliomyelitis,2339.0
WHO_REGIONS,EMR,Eastern Mediterranean Region,1988.0,TTETANUS,Total tetanus,13886.0
WHO_REGIONS,EMR,Eastern Mediterranean Region,1987.0,DIPHTHERIA,Diphtheria,6203.0
WHO_REGIONS,EMR,Eastern Mediterranean Region,1987.0,MEASLES,Measles,171164.0
WHO_REGIONS,EMR,Eastern Mediterranean Region,1987.0,NTETANUS,Neonatal tetanus,9907.0
WHO_REGIONS,EMR,Eastern Mediterranean Region,1987.0,PERTUSSIS,Pertussis,68596.0
WHO_REGIONS,EMR,Eastern Mediterranean Region,1987.0,POLIO,Poliomyelitis,2988.0
WHO_REGIONS,EMR,Eastern Mediterranean Region,1987.0,TTETANUS,Total tetanus,14613.0
WHO_REGIONS,EMR,Eastern Mediterranean Region,1986.0,DIPHTHERIA,Diphtheria,6926.0
WHO_REGIONS,EMR,Eastern Mediterranean Region,1986.0,MEASLES,Measles,171208.0
WHO_REGIONS,EMR,Eastern Mediterranean Region,1986.0,NTETANUS,Neonatal tetanus,11130.0
WHO_REGIONS,EMR,Eastern Mediterranean Region,1986.0,PERTUSSIS,Pertussis,102277.0
WHO_REGIONS,EMR,Eastern Mediterranean Region,1986.0,POLIO,Poliomyelitis,3935.0
WHO_REGIONS,EMR,Eastern Mediterranean Region,1986.0,TTETANUS,Total tetanus,22205.0
WHO_REGIONS,EMR,Eastern Mediterranean Region,1985.0,DIPHTHERIA,Diphtheria,8622.0
WHO_REGIONS,EMR,Eastern Mediterranean Region,1985.0,MEASLES,Measles,229781.0
WHO_REGIONS,EMR,Eastern Mediterranean Region,1985.0,NTETANUS,Neonatal tetanus,8312.0
WHO_REGIONS,EMR,Eastern Mediterranean Region,1985.0,PERTUSSIS,Pertussis,111552.0
WHO_REGIONS,EMR,Eastern Mediterranean Region,1985.0,POLIO,Poliomyelitis,5604.0
WHO_REGIONS,EMR,Eastern Mediterranean Region,1985.0,TTETANUS,Total tetanus,30060.0
WHO_REGIONS,EMR,Eastern Mediterranean Region,1984.0,DIPHTHERIA,Diphtheria,5303.0
WHO_REGIONS,EMR,Eastern Mediterranean Region,1984.0,MEASLES,Measles,218335.0
WHO_REGIONS,EMR,Eastern Mediterranean Region,1984.0,NTETANUS,Neonatal tetanus,7666.0
WHO_REGIONS,EMR,Eastern Mediterranean Region,1984.0,PERTUSSIS,Pertussis,99726.0
WHO_REGIONS,EMR,Eastern Mediterranean Region,1984.0,POLIO,Poliomyelitis,3467.0
WHO_REGIONS,EMR,Eastern Mediterranean Region,1984.0,TTETANUS,Total tetanus,17654.0
WHO_REGIONS,EMR,Eastern Mediterranean Region,1983.0,DIPHTHERIA,Diphtheria,7635.0
WHO_REGIONS,EMR,Eastern Mediterranean Region,1983.0,MEASLES,Measles,302254.0
WHO_REGIONS,EMR,Eastern Mediterranean Region,1983.0,NTETANUS,Neonatal tetanus,8144.0
WHO_REGIONS,EMR,Eastern Mediterranean Region,1983.0,PERTUSSIS,Pertussis,124910.0
WHO_REGIONS,EMR,Eastern Mediterranean Region,1983.0,POLIO,Poliomyelitis,5307.0
WHO_REGIONS,EMR,Eastern Mediterranean Region,1983.0,TTETANUS,Total tetanus,18788.0
WHO_REGIONS,EMR,Eastern Mediterranean Region,1982.0,DIPHTHERIA,Diphtheria,12800.0
WHO_REGIONS,EMR,Eastern Mediterranean Region,1982.0,MEASLES,Measles,331721.0
WHO_REGIONS,EMR,Eastern Mediterranean Region,1982.0,NTETANUS,Neonatal tetanus,7671.0
WHO_REGIONS,EMR,Eastern Mediterranean Region,1982.0,PERTUSSIS,Pertussis,181909.0
WHO_REGIONS,EMR,Eastern Mediterranean Region,1982.0,POLIO,Poliomyelitis,8797.0
WHO_REGIONS,EMR,Eastern Mediterranean Region,1982.0,TTETANUS,Total tetanus,21610.0
WHO_REGIONS,EMR,Eastern Mediterranean Region,1981.0,DIPHTHERIA,Diphtheria,19983.0
WHO_REGIONS,EMR,Eastern Mediterranean Region,1981.0,MEASLES,Measles,453409.0
WHO_REGIONS,EMR,Eastern Mediterranean Region,1981.0,NTETANUS,Neonatal tetanus,5568.0
WHO_REGIONS,EMR,Eastern Mediterranean Region,1981.0,PERTUSSIS,Pertussis,173430.0
WHO_REGIONS,EMR,Eastern Mediterranean Region,1981.0,POLIO,Poliomyelitis,8688.0
WHO_REGIONS,EMR,Eastern Mediterranean Region,1981.0,TTETANUS,Total tetanus,18267.0
WHO_REGIONS,EMR,Eastern Mediterranean Region,1980.0,DIPHTHERIA,Diphtheria,19970.0
WHO_REGIONS,EMR,Eastern Mediterranean Region,1980.0,MEASLES,Measles,341624.0
WHO_REGIONS,EMR,Eastern Mediterranean Region,1980.0,NTETANUS,Neonatal tetanus,5190.0
WHO_REGIONS,EMR,Eastern Mediterranean Region,1980.0,PERTUSSIS,Pertussis,171631.0
WHO_REGIONS,EMR,Eastern Mediterranean Region,1980.0,POLIO,Poliomyelitis,12622.0
WHO_REGIONS,EMR,Eastern Mediterranean Region,1980.0,TTETANUS,Total tetanus,17721.0
WHO_REGIONS,EUR,European Region,2023.0,CRS,Congenital rubella syndrome,5.0
WHO_REGIONS,EUR,European Region,2023.0,DIPHTHERIA,Diphtheria,262.0
WHO_REGIONS,EUR,European Region,2023.0,INVASIVE_MENING,Invasive meningococcal disease,3063.0
WHO_REGIONS,EUR,European Region,2023.0,MEASLES,Measles,55624.0
WHO_REGIONS,EUR,European Region,2023.0,MUMPS,Mumps,7230.0
WHO_REGIONS,EUR,European Region,2023.0,NTETANUS,Neonatal tetanus,1.0
WHO_REGIONS,EUR,European Region,2023.0,PERTUSSIS,Pertussis,87046.0
WHO_REGIONS,EUR,European Region,2023.0,POLIO,Poliomyelitis,1.0
WHO_REGIONS,EUR,European Region,2023.0,RUBELLA,Rubella,297.0
WHO_REGIONS,EUR,European Region,2023.0,TTETANUS,Total tetanus,53.0
WHO_REGIONS,EUR,European Region,2023.0,TYPHOID,Typhoid,1218.0
WHO_REGIONS,EUR,European Region,2023.0,YFEVER,Yellow fever,0.0
WHO_REGIONS,EUR,European Region,2022.0,CRS,Congenital rubella syndrome,2.0
WHO_REGIONS,EUR,European Region,2022.0,DIPHTHERIA,Diphtheria,578.0
WHO_REGIONS,EUR,European Region,2022.0,INVASIVE_MENING,Invasive meningococcal disease,2390.0
WHO_REGIONS,EUR,European Region,2022.0,MEASLES,Measles,879.0
WHO_REGIONS,EUR,European Region,2022.0,MUMPS,Mumps,7042.0
WHO_REGIONS,EUR,European Region,2022.0,NTETANUS,Neonatal tetanus,0.0
WHO_REGIONS,EUR,European Region,2022.0,PERTUSSIS,Pertussis,6345.0
WHO_REGIONS,EUR,European Region,2022.0,POLIO,Poliomyelitis,1.0
WHO_REGIONS,EUR,European Region,2022.0,RUBELLA,Rubella,218.0
WHO_REGIONS,EUR,European Region,2022.0,TTETANUS,Total tetanus,79.0
WHO_REGIONS,EUR,European Region,2022.0,TYPHOID,Typhoid,409.0
WHO_REGIONS,EUR,European Region,2022.0,YFEVER,Yellow fever,0.0
WHO_REGIONS,EUR,European Region,2021.0,CRS,Congenital rubella syndrome,2.0
WHO_REGIONS,EUR,European Region,2021.0,DIPHTHERIA,Diphtheria,62.0
WHO_REGIONS,EUR,European Region,2021.0,INVASIVE_MENING,Invasive meningococcal disease,1295.0
WHO_REGIONS,EUR,European Region,2021.0,JAPENC,Japanese encephalitis,0.0
WHO_REGIONS,EUR,European Region,2021.0,MEASLES,Measles,109.0
WHO_REGIONS,EUR,European Region,2021.0,MUMPS,Mumps,3751.0
WHO_REGIONS,EUR,European Region,2021.0,NTETANUS,Neonatal tetanus,0.0
WHO_REGIONS,EUR,European Region,2021.0,PERTUSSIS,Pertussis,2939.0
WHO_REGIONS,EUR,European Region,2021.0,POLIO,Poliomyelitis,37.0
WHO_REGIONS,EUR,European Region,2021.0,RUBELLA,Rubella,86.0
WHO_REGIONS,EUR,European Region,2021.0,TTETANUS,Total tetanus,70.0
WHO_REGIONS,EUR,European Region,2021.0,TYPHOID,Typhoid,132.0
WHO_REGIONS,EUR,European Region,2021.0,YFEVER,Yellow fever,0.0
WHO_REGIONS,EUR,European Region,2020.0,CRS,Congenital rubella syndrome,2.0
WHO_REGIONS,EUR,European Region,2020.0,DIPHTHERIA,Diphtheria,32.0
WHO_REGIONS,EUR,European Region,2020.0,INVASIVE_MENING,Invasive meningococcal disease,2104.0
WHO_REGIONS,EUR,European Region,2020.0,JAPENC,Japanese encephalitis,0.0
WHO_REGIONS,EUR,European Region,2020.0,MEASLES,Measles,11113.0
WHO_REGIONS,EUR,European Region,2020.0,MUMPS,Mumps,12765.0
WHO_REGIONS,EUR,European Region,2020.0,NTETANUS,Neonatal tetanus,1.0
WHO_REGIONS,EUR,European Region,2020.0,PERTUSSIS,Pertussis,21903.0
WHO_REGIONS,EUR,European Region,2020.0,POLIO,Poliomyelitis,1.0
WHO_REGIONS,EUR,European Region,2020.0,RUBELLA,Rubella,212.0
WHO_REGIONS,EUR,European Region,2020.0,TTETANUS,Total tetanus,60.0
WHO_REGIONS,EUR,European Region,2020.0,TYPHOID,Typhoid,282.0
WHO_REGIONS,EUR,European Region,2020.0,YFEVER,Yellow fever,2.0
WHO_REGIONS,EUR,European Region,2019.0,CRS,Congenital rubella syndrome,9.0
WHO_REGIONS,EUR,European Region,2019.0,DIPHTHERIA,Diphtheria,52.0
WHO_REGIONS,EUR,European Region,2019.0,JAPENC,Japanese encephalitis,0.0
WHO_REGIONS,EUR,European Region,2019.0,MEASLES,Measles,106481.0
WHO_REGIONS,EUR,European Region,2019.0,MUMPS,Mumps,24462.0
WHO_REGIONS,EUR,European Region,2019.0,NTETANUS,Neonatal tetanus,1.0
WHO_REGIONS,EUR,European Region,2019.0,PERTUSSIS,Pertussis,60402.0
WHO_REGIONS,EUR,European Region,2019.0,POLIO,Poliomyelitis,0.0
WHO_REGIONS,EUR,European Region,2019.0,RUBELLA,Rubella,672.0
WHO_REGIONS,EUR,European Region,2019.0,TTETANUS,Total tetanus,69.0
WHO_REGIONS,EUR,European Region,2019.0,TYPHOID,Typhoid,628.0
WHO_REGIONS,EUR,European Region,2019.0,YFEVER,Yellow fever,0.0
WHO_REGIONS,EUR,European Region,2018.0,CRS,Congenital rubella syndrome,14.0
WHO_REGIONS,EUR,European Region,2018.0,DIPHTHERIA,Diphtheria,73.0
WHO_REGIONS,EUR,European Region,2018.0,JAPENC,Japanese encephalitis,0.0
WHO_REGIONS,EUR,European Region,2018.0,MEASLES,Measles,89148.0
WHO_REGIONS,EUR,European Region,2018.0,MUMPS,Mumps,20114.0
WHO_REGIONS,EUR,European Region,2018.0,NTETANUS,Neonatal tetanus,0.0
WHO_REGIONS,EUR,European Region,2018.0,PERTUSSIS,Pertussis,57219.0
WHO_REGIONS,EUR,European Region,2018.0,POLIO,Poliomyelitis,0.0
WHO_REGIONS,EUR,European Region,2018.0,RUBELLA,Rubella,800.0
WHO_REGIONS,EUR,European Region,2018.0,TTETANUS,Total tetanus,81.0
WHO_REGIONS,EUR,European Region,2018.0,TYPHOID,Typhoid,298.0
WHO_REGIONS,EUR,European Region,2018.0,YFEVER,Yellow fever,4.0
WHO_REGIONS,EUR,European Region,2017.0,CRS,Congenital rubella syndrome,17.0
WHO_REGIONS,EUR,European Region,2017.0,DIPHTHERIA,Diphtheria,35.0
WHO_REGIONS,EUR,European Region,2017.0,JAPENC,Japanese encephalitis,3.0
WHO_REGIONS,EUR,European Region,2017.0,MEASLES,Measles,24356.0
WHO_REGIONS,EUR,European Region,2017.0,MUMPS,Mumps,26965.0
WHO_REGIONS,EUR,European Region,2017.0,NTETANUS,Neonatal tetanus,0.0
WHO_REGIONS,EUR,European Region,2017.0,PERTUSSIS,Pertussis,63129.0
WHO_REGIONS,EUR,European Region,2017.0,POLIO,Poliomyelitis,0.0
WHO_REGIONS,EUR,European Region,2017.0,RUBELLA,Rubella,842.0
WHO_REGIONS,EUR,European Region,2017.0,TTETANUS,Total tetanus,134.0
WHO_REGIONS,EUR,European Region,2017.0,TYPHOID,Typhoid,34.0
WHO_REGIONS,EUR,European Region,2017.0,YFEVER,Yellow fever,0.0
WHO_REGIONS,EUR,European Region,2016.0,CRS,Congenital rubella syndrome,6.0
WHO_REGIONS,EUR,European Region,2016.0,DIPHTHERIA,Diphtheria,48.0
WHO_REGIONS,EUR,European Region,2016.0,JAPENC,Japanese encephalitis,0.0
WHO_REGIONS,EUR,European Region,2016.0,MEASLES,Measles,4440.0
WHO_REGIONS,EUR,European Region,2016.0,MUMPS,Mumps,21364.0
WHO_REGIONS,EUR,European Region,2016.0,NTETANUS,Neonatal tetanus,0.0
WHO_REGIONS,EUR,European Region,2016.0,PERTUSSIS,Pertussis,69937.0
WHO_REGIONS,EUR,European Region,2016.0,POLIO,Poliomyelitis,0.0
WHO_REGIONS,EUR,European Region,2016.0,RUBELLA,Rubella,1472.0
WHO_REGIONS,EUR,European Region,2016.0,TTETANUS,Total tetanus,137.0
WHO_REGIONS,EUR,European Region,2016.0,TYPHOID,Typhoid,35.0
WHO_REGIONS,EUR,European Region,2016.0,YFEVER,Yellow fever,1.0
WHO_REGIONS,EUR,European Region,2015.0,CRS,Congenital rubella syndrome,14.0
WHO_REGIONS,EUR,European Region,2015.0,DIPHTHERIA,Diphtheria,59.0
WHO_REGIONS,EUR,European Region,2015.0,JAPENC,Japanese encephalitis,1.0
WHO_REGIONS,EUR,European Region,2015.0,MEASLES,Measles,25957.0
WHO_REGIONS,EUR,European Region,2015.0,MUMPS,Mumps,10072.0
WHO_REGIONS,EUR,European Region,2015.0,NTETANUS,Neonatal tetanus,1.0
WHO_REGIONS,EUR,European Region,2015.0,PERTUSSIS,Pertussis,50591.0
WHO_REGIONS,EUR,European Region,2015.0,POLIO,Poliomyelitis,2.0
WHO_REGIONS,EUR,European Region,2015.0,RUBELLA,Rubella,655.0
WHO_REGIONS,EUR,European Region,2015.0,TTETANUS,Total tetanus,123.0
WHO_REGIONS,EUR,European Region,2015.0,TYPHOID,Typhoid,32.0
WHO_REGIONS,EUR,European Region,2015.0,YFEVER,Yellow fever,0.0
WHO_REGIONS,EUR,European Region,2014.0,CRS,Congenital rubella syndrome,28.0
WHO_REGIONS,EUR,European Region,2014.0,DIPHTHERIA,Diphtheria,35.0
WHO_REGIONS,EUR,European Region,2014.0,JAPENC,Japanese encephalitis,1.0
WHO_REGIONS,EUR,European Region,2014.0,MEASLES,Measles,14176.0
WHO_REGIONS,EUR,European Region,2014.0,MUMPS,Mumps,10810.0
WHO_REGIONS,EUR,European Region,2014.0,NTETANUS,Neonatal tetanus,1.0
WHO_REGIONS,EUR,European Region,2014.0,PERTUSSIS,Pertussis,53213.0
WHO_REGIONS,EUR,European Region,2014.0,POLIO,Poliomyelitis,53.0
WHO_REGIONS,EUR,European Region,2014.0,RUBELLA,Rubella,655.0
WHO_REGIONS,EUR,European Region,2014.0,TTETANUS,Total tetanus,68.0
WHO_REGIONS,EUR,European Region,2014.0,TYPHOID,Typhoid,31.0
WHO_REGIONS,EUR,European Region,2014.0,YFEVER,Yellow fever,0.0
WHO_REGIONS,EUR,European Region,2013.0,CRS,Congenital rubella syndrome,49.0
WHO_REGIONS,EUR,European Region,2013.0,DIPHTHERIA,Diphtheria,33.0
WHO_REGIONS,EUR,European Region,2013.0,JAPENC,Japanese encephalitis,0.0
WHO_REGIONS,EUR,European Region,2013.0,MEASLES,Measles,26346.0
WHO_REGIONS,EUR,European Region,2013.0,MUMPS,Mumps,35303.0
WHO_REGIONS,EUR,European Region,2013.0,NTETANUS,Neonatal tetanus,0.0
WHO_REGIONS,EUR,European Region,2013.0,PERTUSSIS,Pertussis,38263.0
WHO_REGIONS,EUR,European Region,2013.0,POLIO,Poliomyelitis,0.0
WHO_REGIONS,EUR,European Region,2013.0,RUBELLA,Rubella,39391.0
WHO_REGIONS,EUR,European Region,2013.0,TTETANUS,Total tetanus,105.0
WHO_REGIONS,EUR,European Region,2013.0,TYPHOID,Typhoid,19.0
WHO_REGIONS,EUR,European Region,2013.0,YFEVER,Yellow fever,0.0
WHO_REGIONS,EUR,European Region,2012.0,CRS,Congenital rubella syndrome,62.0
WHO_REGIONS,EUR,European Region,2012.0,DIPHTHERIA,Diphtheria,32.0
WHO_REGIONS,EUR,European Region,2012.0,JAPENC,Japanese encephalitis,0.0
WHO_REGIONS,EUR,European Region,2012.0,MEASLES,Measles,27379.0
WHO_REGIONS,EUR,European Region,2012.0,MUMPS,Mumps,39072.0
WHO_REGIONS,EUR,European Region,2012.0,NTETANUS,Neonatal tetanus,0.0
WHO_REGIONS,EUR,European Region,2012.0,PERTUSSIS,Pertussis,57539.0
WHO_REGIONS,EUR,European Region,2012.0,POLIO,Poliomyelitis,0.0
WHO_REGIONS,EUR,European Region,2012.0,RUBELLA,Rubella,30579.0
WHO_REGIONS,EUR,European Region,2012.0,TTETANUS,Total tetanus,208.0
WHO_REGIONS,EUR,European Region,2012.0,YFEVER,Yellow fever,0.0
WHO_REGIONS,EUR,European Region,2011.0,CRS,Congenital rubella syndrome,7.0
WHO_REGIONS,EUR,European Region,2011.0,DIPHTHERIA,Diphtheria,33.0
WHO_REGIONS,EUR,European Region,2011.0,JAPENC,Japanese encephalitis,0.0
WHO_REGIONS,EUR,European Region,2011.0,MEASLES,Measles,37101.0
WHO_REGIONS,EUR,European Region,2011.0,MUMPS,Mumps,27487.0
WHO_REGIONS,EUR,European Region,2011.0,NTETANUS,Neonatal tetanus,0.0
WHO_REGIONS,EUR,European Region,2011.0,PERTUSSIS,Pertussis,34436.0
WHO_REGIONS,EUR,European Region,2011.0,POLIO,Poliomyelitis,0.0
WHO_REGIONS,EUR,European Region,2011.0,RUBELLA,Rubella,9677.0
WHO_REGIONS,EUR,European Region,2011.0,TTETANUS,Total tetanus,197.0
WHO_REGIONS,EUR,European Region,2011.0,YFEVER,Yellow fever,0.0
WHO_REGIONS,EUR,European Region,2010.0,CRS,Congenital rubella syndrome,2.0
WHO_REGIONS,EUR,European Region,2010.0,DIPHTHERIA,Diphtheria,39.0
WHO_REGIONS,EUR,European Region,2010.0,JAPENC,Japanese encephalitis,2.0
WHO_REGIONS,EUR,European Region,2010.0,MEASLES,Measles,30625.0
WHO_REGIONS,EUR,European Region,2010.0,MUMPS,Mumps,26313.0
WHO_REGIONS,EUR,European Region,2010.0,NTETANUS,Neonatal tetanus,2.0
WHO_REGIONS,EUR,European Region,2010.0,PERTUSSIS,Pertussis,28212.0
WHO_REGIONS,EUR,European Region,2010.0,POLIO,Poliomyelitis,478.0
WHO_REGIONS,EUR,European Region,2010.0,RUBELLA,Rubella,10551.0
WHO_REGIONS,EUR,European Region,2010.0,TTETANUS,Total tetanus,206.0
WHO_REGIONS,EUR,European Region,2010.0,YFEVER,Yellow fever,0.0
WHO_REGIONS,EUR,European Region,2009.0,CRS,Congenital rubella syndrome,16.0
WHO_REGIONS,EUR,European Region,2009.0,DIPHTHERIA,Diphtheria,41.0
WHO_REGIONS,EUR,European Region,2009.0,JAPENC,Japanese encephalitis,0.0
WHO_REGIONS,EUR,European Region,2009.0,MEASLES,Measles,7499.0
WHO_REGIONS,EUR,European Region,2009.0,MUMPS,Mumps,41448.0
WHO_REGIONS,EUR,European Region,2009.0,NTETANUS,Neonatal tetanus,1.0
WHO_REGIONS,EUR,European Region,2009.0,PERTUSSIS,Pertussis,29229.0
WHO_REGIONS,EUR,European Region,2009.0,POLIO,Poliomyelitis,0.0
WHO_REGIONS,EUR,European Region,2009.0,RUBELLA,Rubella,11623.0
WHO_REGIONS,EUR,European Region,2009.0,TTETANUS,Total tetanus,181.0
WHO_REGIONS,EUR,European Region,2009.0,YFEVER,Yellow fever,1.0
WHO_REGIONS,EUR,European Region,2008.0,CRS,Congenital rubella syndrome,9.0
WHO_REGIONS,EUR,European Region,2008.0,DIPHTHERIA,Diphtheria,184.0
WHO_REGIONS,EUR,European Region,2008.0,JAPENC,Japanese encephalitis,1.0
WHO_REGIONS,EUR,European Region,2008.0,MEASLES,Measles,8879.0
WHO_REGIONS,EUR,European Region,2008.0,MUMPS,Mumps,71139.0
WHO_REGIONS,EUR,European Region,2008.0,NTETANUS,Neonatal tetanus,7.0
WHO_REGIONS,EUR,European Region,2008.0,PERTUSSIS,Pertussis,25270.0
WHO_REGIONS,EUR,European Region,2008.0,POLIO,Poliomyelitis,0.0
WHO_REGIONS,EUR,European Region,2008.0,RUBELLA,Rubella,23912.0
WHO_REGIONS,EUR,European Region,2008.0,TTETANUS,Total tetanus,129.0
WHO_REGIONS,EUR,European Region,2008.0,YFEVER,Yellow fever,0.0
WHO_REGIONS,EUR,European Region,2007.0,CRS,Congenital rubella syndrome,31.0
WHO_REGIONS,EUR,European Region,2007.0,DIPHTHERIA,Diphtheria,228.0
WHO_REGIONS,EUR,European Region,2007.0,JAPENC,Japanese encephalitis,0.0
WHO_REGIONS,EUR,European Region,2007.0,MEASLES,Measles,6936.0
WHO_REGIONS,EUR,European Region,2007.0,MUMPS,Mumps,71154.0
WHO_REGIONS,EUR,European Region,2007.0,NTETANUS,Neonatal tetanus,5.0
WHO_REGIONS,EUR,European Region,2007.0,PERTUSSIS,Pertussis,28798.0
WHO_REGIONS,EUR,European Region,2007.0,POLIO,Poliomyelitis,0.0
WHO_REGIONS,EUR,European Region,2007.0,RUBELLA,Rubella,67927.0
WHO_REGIONS,EUR,European Region,2007.0,TTETANUS,Total tetanus,205.0
WHO_REGIONS,EUR,European Region,2007.0,YFEVER,Yellow fever,0.0
WHO_REGIONS,EUR,European Region,2006.0,CRS,Congenital rubella syndrome,16.0
WHO_REGIONS,EUR,European Region,2006.0,DIPHTHERIA,Diphtheria,320.0
WHO_REGIONS,EUR,European Region,2006.0,JAPENC,Japanese encephalitis,0.0
WHO_REGIONS,EUR,European Region,2006.0,MEASLES,Measles,53344.0
WHO_REGIONS,EUR,European Region,2006.0,MUMPS,Mumps,89270.0
WHO_REGIONS,EUR,European Region,2006.0,NTETANUS,Neonatal tetanus,18.0
WHO_REGIONS,EUR,European Region,2006.0,PERTUSSIS,Pertussis,30168.0
WHO_REGIONS,EUR,European Region,2006.0,POLIO,Poliomyelitis,0.0
WHO_REGIONS,EUR,European Region,2006.0,RUBELLA,Rubella,193923.0
WHO_REGIONS,EUR,European Region,2006.0,TTETANUS,Total tetanus,195.0
WHO_REGIONS,EUR,European Region,2006.0,YFEVER,Yellow fever,0.0
WHO_REGIONS,EUR,European Region,2005.0,CRS,Congenital rubella syndrome,16.0
WHO_REGIONS,EUR,European Region,2005.0,DIPHTHERIA,Diphtheria,500.0
WHO_REGIONS,EUR,European Region,2005.0,MEASLES,Measles,37338.0
WHO_REGIONS,EUR,European Region,2005.0,MUMPS,Mumps,242011.0
WHO_REGIONS,EUR,European Region,2005.0,NTETANUS,Neonatal tetanus,32.0
WHO_REGIONS,EUR,European Region,2005.0,PERTUSSIS,Pertussis,26425.0
WHO_REGIONS,EUR,European Region,2005.0,POLIO,Poliomyelitis,0.0
WHO_REGIONS,EUR,European Region,2005.0,RUBELLA,Rubella,206359.0
WHO_REGIONS,EUR,European Region,2005.0,TTETANUS,Total tetanus,192.0
WHO_REGIONS,EUR,European Region,2005.0,YFEVER,Yellow fever,0.0
WHO_REGIONS,EUR,European Region,2004.0,CRS,Congenital rubella syndrome,32.0
WHO_REGIONS,EUR,European Region,2004.0,DIPHTHERIA,Diphtheria,688.0
WHO_REGIONS,EUR,European Region,2004.0,MEASLES,Measles,29510.0
WHO_REGIONS,EUR,European Region,2004.0,MUMPS,Mumps,251003.0
WHO_REGIONS,EUR,European Region,2004.0,NTETANUS,Neonatal tetanus,15.0
WHO_REGIONS,EUR,European Region,2004.0,PERTUSSIS,Pertussis,42220.0
WHO_REGIONS,EUR,European Region,2004.0,POLIO,Poliomyelitis,0.0
WHO_REGIONS,EUR,European Region,2004.0,RUBELLA,Rubella,263964.0
WHO_REGIONS,EUR,European Region,2004.0,TTETANUS,Total tetanus,255.0
WHO_REGIONS,EUR,European Region,2004.0,YFEVER,Yellow fever,1.0
WHO_REGIONS,EUR,European Region,2003.0,CRS,Congenital rubella syndrome,13.0
WHO_REGIONS,EUR,European Region,2003.0,DIPHTHERIA,Diphtheria,897.0
WHO_REGIONS,EUR,European Region,2003.0,MEASLES,Measles,28203.0
WHO_REGIONS,EUR,European Region,2003.0,MUMPS,Mumps,188413.0
WHO_REGIONS,EUR,European Region,2003.0,NTETANUS,Neonatal tetanus,41.0
WHO_REGIONS,EUR,European Region,2003.0,PERTUSSIS,Pertussis,25530.0
WHO_REGIONS,EUR,European Region,2003.0,POLIO,Poliomyelitis,0.0
WHO_REGIONS,EUR,European Region,2003.0,RUBELLA,Rubella,304390.0
WHO_REGIONS,EUR,European Region,2003.0,TTETANUS,Total tetanus,359.0
WHO_REGIONS,EUR,European Region,2003.0,YFEVER,Yellow fever,0.0
WHO_REGIONS,EUR,European Region,2002.0,CRS,Congenital rubella syndrome,7.0
WHO_REGIONS,EUR,European Region,2002.0,DIPHTHERIA,Diphtheria,1189.0
WHO_REGIONS,EUR,European Region,2002.0,MEASLES,Measles,46718.0
WHO_REGIONS,EUR,European Region,2002.0,MUMPS,Mumps,169110.0
WHO_REGIONS,EUR,European Region,2002.0,NTETANUS,Neonatal tetanus,32.0
WHO_REGIONS,EUR,European Region,2002.0,PERTUSSIS,Pertussis,25176.0
WHO_REGIONS,EUR,European Region,2002.0,POLIO,Poliomyelitis,0.0
WHO_REGIONS,EUR,European Region,2002.0,RUBELLA,Rubella,617860.0
WHO_REGIONS,EUR,European Region,2002.0,TTETANUS,Total tetanus,346.0
WHO_REGIONS,EUR,European Region,2002.0,YFEVER,Yellow fever,0.0
WHO_REGIONS,EUR,European Region,2001.0,CRS,Congenital rubella syndrome,21.0
WHO_REGIONS,EUR,European Region,2001.0,DIPHTHERIA,Diphtheria,1386.0
WHO_REGIONS,EUR,European Region,2001.0,MEASLES,Measles,58364.0
WHO_REGIONS,EUR,European Region,2001.0,MUMPS,Mumps,160350.0
WHO_REGIONS,EUR,European Region,2001.0,NTETANUS,Neonatal tetanus,33.0
WHO_REGIONS,EUR,European Region,2001.0,PERTUSSIS,Pertussis,31084.0
WHO_REGIONS,EUR,European Region,2001.0,POLIO,Poliomyelitis,3.0
WHO_REGIONS,EUR,European Region,2001.0,RUBELLA,Rubella,800469.0
WHO_REGIONS,EUR,European Region,2001.0,TTETANUS,Total tetanus,270.0
WHO_REGIONS,EUR,European Region,2001.0,YFEVER,Yellow fever,2.0
WHO_REGIONS,EUR,European Region,2000.0,CRS,Congenital rubella syndrome,47.0
WHO_REGIONS,EUR,European Region,2000.0,DIPHTHERIA,Diphtheria,1585.0
WHO_REGIONS,EUR,European Region,2000.0,MEASLES,Measles,37421.0
WHO_REGIONS,EUR,European Region,2000.0,MUMPS,Mumps,243344.0
WHO_REGIONS,EUR,European Region,2000.0,NTETANUS,Neonatal tetanus,27.0
WHO_REGIONS,EUR,European Region,2000.0,PERTUSSIS,Pertussis,53675.0
WHO_REGIONS,EUR,European Region,2000.0,POLIO,Poliomyelitis,0.0
WHO_REGIONS,EUR,European Region,2000.0,RUBELLA,Rubella,621039.0
WHO_REGIONS,EUR,European Region,2000.0,TTETANUS,Total tetanus,412.0
WHO_REGIONS,EUR,European Region,2000.0,YFEVER,Yellow fever,0.0
WHO_REGIONS,EUR,European Region,1999.0,CRS,Congenital rubella syndrome,18.0
WHO_REGIONS,EUR,European Region,1999.0,DIPHTHERIA,Diphtheria,1614.0
WHO_REGIONS,EUR,European Region,1999.0,MEASLES,Measles,38811.0
WHO_REGIONS,EUR,European Region,1999.0,MUMPS,Mumps,385248.0
WHO_REGIONS,EUR,European Region,1999.0,NTETANUS,Neonatal tetanus,43.0
WHO_REGIONS,EUR,European Region,1999.0,PERTUSSIS,Pertussis,48897.0
WHO_REGIONS,EUR,European Region,1999.0,POLIO,Poliomyelitis,0.0
WHO_REGIONS,EUR,European Region,1999.0,RUBELLA,Rubella,804567.0
WHO_REGIONS,EUR,European Region,1999.0,TTETANUS,Total tetanus,229.0
WHO_REGIONS,EUR,European Region,1999.0,YFEVER,Yellow fever,0.0
WHO_REGIONS,EUR,European Region,1998.0,DIPHTHERIA,Diphtheria,2779.0
WHO_REGIONS,EUR,European Region,1998.0,MEASLES,Measles,77872.0
WHO_REGIONS,EUR,European Region,1998.0,NTETANUS,Neonatal tetanus,30.0
WHO_REGIONS,EUR,European Region,1998.0,PERTUSSIS,Pertussis,56317.0
WHO_REGIONS,EUR,European Region,1998.0,POLIO,Poliomyelitis,26.0
WHO_REGIONS,EUR,European Region,1998.0,TTETANUS,Total tetanus,351.0
WHO_REGIONS,EUR,European Region,1998.0,YFEVER,Yellow fever,0.0
WHO_REGIONS,EUR,European Region,1997.0,DIPHTHERIA,Diphtheria,7179.0
WHO_REGIONS,EUR,European Region,1997.0,MEASLES,Measles,215767.0
WHO_REGIONS,EUR,European Region,1997.0,NTETANUS,Neonatal tetanus,38.0
WHO_REGIONS,EUR,European Region,1997.0,PERTUSSIS,Pertussis,67307.0
WHO_REGIONS,EUR,European Region,1997.0,POLIO,Poliomyelitis,7.0
WHO_REGIONS,EUR,European Region,1997.0,TTETANUS,Total tetanus,513.0
WHO_REGIONS,EUR,European Region,1996.0,DIPHTHERIA,Diphtheria,20414.0
WHO_REGIONS,EUR,European Region,1996.0,MEASLES,Measles,178345.0
WHO_REGIONS,EUR,European Region,1996.0,NTETANUS,Neonatal tetanus,66.0
WHO_REGIONS,EUR,European Region,1996.0,PERTUSSIS,Pertussis,54745.0
WHO_REGIONS,EUR,European Region,1996.0,POLIO,Poliomyelitis,193.0
WHO_REGIONS,EUR,European Region,1996.0,TTETANUS,Total tetanus,630.0
WHO_REGIONS,EUR,European Region,1995.0,DIPHTHERIA,Diphtheria,50433.0
WHO_REGIONS,EUR,European Region,1995.0,MEASLES,Measles,154107.0
WHO_REGIONS,EUR,European Region,1995.0,NTETANUS,Neonatal tetanus,69.0
WHO_REGIONS,EUR,European Region,1995.0,PERTUSSIS,Pertussis,79238.0
WHO_REGIONS,EUR,European Region,1995.0,POLIO,Poliomyelitis,216.0
WHO_REGIONS,EUR,European Region,1995.0,TTETANUS,Total tetanus,688.0
WHO_REGIONS,EUR,European Region,1994.0,DIPHTHERIA,Diphtheria,47874.0
WHO_REGIONS,EUR,European Region,1994.0,MEASLES,Measles,190910.0
WHO_REGIONS,EUR,European Region,1994.0,NTETANUS,Neonatal tetanus,67.0
WHO_REGIONS,EUR,European Region,1994.0,PERTUSSIS,Pertussis,125685.0
WHO_REGIONS,EUR,European Region,1994.0,POLIO,Poliomyelitis,239.0
WHO_REGIONS,EUR,European Region,1994.0,TTETANUS,Total tetanus,732.0
WHO_REGIONS,EUR,European Region,1993.0,DIPHTHERIA,Diphtheria,19601.0
WHO_REGIONS,EUR,European Region,1993.0,MEASLES,Measles,341982.0
WHO_REGIONS,EUR,European Region,1993.0,NTETANUS,Neonatal tetanus,53.0
WHO_REGIONS,EUR,European Region,1993.0,PERTUSSIS,Pertussis,90678.0
WHO_REGIONS,EUR,European Region,1993.0,POLIO,Poliomyelitis,213.0
WHO_REGIONS,EUR,European Region,1993.0,TTETANUS,Total tetanus,768.0
WHO_REGIONS,EUR,European Region,1992.0,DIPHTHERIA,Diphtheria,5812.0
WHO_REGIONS,EUR,European Region,1992.0,MEASLES,Measles,330546.0
WHO_REGIONS,EUR,European Region,1992.0,NTETANUS,Neonatal tetanus,39.0
WHO_REGIONS,EUR,European Region,1992.0,PERTUSSIS,Pertussis,75663.0
WHO_REGIONS,EUR,European Region,1992.0,POLIO,Poliomyelitis,176.0
WHO_REGIONS,EUR,European Region,1992.0,TTETANUS,Total tetanus,801.0
WHO_REGIONS,EUR,European Region,1991.0,DIPHTHERIA,Diphtheria,3207.0
WHO_REGIONS,EUR,European Region,1991.0,MEASLES,Measles,304166.0
WHO_REGIONS,EUR,European Region,1991.0,NTETANUS,Neonatal tetanus,81.0
WHO_REGIONS,EUR,European Region,1991.0,PERTUSSIS,Pertussis,94251.0
WHO_REGIONS,EUR,European Region,1991.0,POLIO,Poliomyelitis,305.0
WHO_REGIONS,EUR,European Region,1991.0,TTETANUS,Total tetanus,775.0
WHO_REGIONS,EUR,European Region,1990.0,DIPHTHERIA,Diphtheria,1471.0
WHO_REGIONS,EUR,European Region,1990.0,MEASLES,Measles,185818.0
WHO_REGIONS,EUR,European Region,1990.0,NTETANUS,Neonatal tetanus,69.0
WHO_REGIONS,EUR,European Region,1990.0,PERTUSSIS,Pertussis,95853.0
WHO_REGIONS,EUR,European Region,1990.0,POLIO,Poliomyelitis,33.0
WHO_REGIONS,EUR,European Region,1990.0,TTETANUS,Total tetanus,633.0
WHO_REGIONS,EUR,European Region,1989.0,DIPHTHERIA,Diphtheria,41.0
WHO_REGIONS,EUR,European Region,1989.0,MEASLES,Measles,374023.0
WHO_REGIONS,EUR,European Region,1989.0,NTETANUS,Neonatal tetanus,67.0
WHO_REGIONS,EUR,European Region,1989.0,PERTUSSIS,Pertussis,71636.0
WHO_REGIONS,EUR,European Region,1989.0,POLIO,Poliomyelitis,28.0
WHO_REGIONS,EUR,European Region,1989.0,TTETANUS,Total tetanus,644.0
WHO_REGIONS,EUR,European Region,1988.0,DIPHTHERIA,Diphtheria,25.0
WHO_REGIONS,EUR,European Region,1988.0,MEASLES,Measles,289609.0
WHO_REGIONS,EUR,European Region,1988.0,NTETANUS,Neonatal tetanus,53.0
WHO_REGIONS,EUR,European Region,1988.0,PERTUSSIS,Pertussis,50706.0
WHO_REGIONS,EUR,European Region,1988.0,POLIO,Poliomyelitis,41.0
WHO_REGIONS,EUR,European Region,1988.0,TTETANUS,Total tetanus,650.0
WHO_REGIONS,EUR,European Region,1987.0,DIPHTHERIA,Diphtheria,60.0
WHO_REGIONS,EUR,European Region,1987.0,MEASLES,Measles,145003.0
WHO_REGIONS,EUR,European Region,1987.0,NTETANUS,Neonatal tetanus,48.0
WHO_REGIONS,EUR,European Region,1987.0,PERTUSSIS,Pertussis,103004.0
WHO_REGIONS,EUR,European Region,1987.0,POLIO,Poliomyelitis,22.0
WHO_REGIONS,EUR,European Region,1987.0,TTETANUS,Total tetanus,712.0
WHO_REGIONS,EUR,European Region,1986.0,DIPHTHERIA,Diphtheria,77.0
WHO_REGIONS,EUR,European Region,1986.0,MEASLES,Measles,422573.0
WHO_REGIONS,EUR,European Region,1986.0,NTETANUS,Neonatal tetanus,78.0
WHO_REGIONS,EUR,European Region,1986.0,PERTUSSIS,Pertussis,133309.0
WHO_REGIONS,EUR,European Region,1986.0,POLIO,Poliomyelitis,39.0
WHO_REGIONS,EUR,European Region,1986.0,TTETANUS,Total tetanus,778.0
WHO_REGIONS,EUR,European Region,1985.0,DIPHTHERIA,Diphtheria,230.0
WHO_REGIONS,EUR,European Region,1985.0,MEASLES,Measles,373610.0
WHO_REGIONS,EUR,European Region,1985.0,NTETANUS,Neonatal tetanus,52.0
WHO_REGIONS,EUR,European Region,1985.0,PERTUSSIS,Pertussis,130686.0
WHO_REGIONS,EUR,European Region,1985.0,POLIO,Poliomyelitis,102.0
WHO_REGIONS,EUR,European Region,1985.0,TTETANUS,Total tetanus,847.0
WHO_REGIONS,EUR,European Region,1984.0,DIPHTHERIA,Diphtheria,224.0
WHO_REGIONS,EUR,European Region,1984.0,MEASLES,Measles,336329.0
WHO_REGIONS,EUR,European Region,1984.0,NTETANUS,Neonatal tetanus,28.0
WHO_REGIONS,EUR,European Region,1984.0,PERTUSSIS,Pertussis,84639.0
WHO_REGIONS,EUR,European Region,1984.0,POLIO,Poliomyelitis,132.0
WHO_REGIONS,EUR,European Region,1984.0,TTETANUS,Total tetanus,926.0
WHO_REGIONS,EUR,European Region,1983.0,DIPHTHERIA,Diphtheria,455.0
WHO_REGIONS,EUR,European Region,1983.0,MEASLES,Measles,597455.0
WHO_REGIONS,EUR,European Region,1983.0,NTETANUS,Neonatal tetanus,27.0
WHO_REGIONS,EUR,European Region,1983.0,PERTUSSIS,Pertussis,123563.0
WHO_REGIONS,EUR,European Region,1983.0,POLIO,Poliomyelitis,251.0
WHO_REGIONS,EUR,European Region,1983.0,TTETANUS,Total tetanus,1021.0
WHO_REGIONS,EUR,European Region,1982.0,DIPHTHERIA,Diphtheria,208.0
WHO_REGIONS,EUR,European Region,1982.0,MEASLES,Measles,434521.0
WHO_REGIONS,EUR,European Region,1982.0,NTETANUS,Neonatal tetanus,29.0
WHO_REGIONS,EUR,European Region,1982.0,PERTUSSIS,Pertussis,168848.0
WHO_REGIONS,EUR,European Region,1982.0,POLIO,Poliomyelitis,332.0
WHO_REGIONS,EUR,European Region,1982.0,TTETANUS,Total tetanus,1037.0
WHO_REGIONS,EUR,European Region,1981.0,DIPHTHERIA,Diphtheria,224.0
WHO_REGIONS,EUR,European Region,1981.0,MEASLES,Measles,460966.0
WHO_REGIONS,EUR,European Region,1981.0,NTETANUS,Neonatal tetanus,18.0
WHO_REGIONS,EUR,European Region,1981.0,PERTUSSIS,Pertussis,56109.0
WHO_REGIONS,EUR,European Region,1981.0,POLIO,Poliomyelitis,336.0
WHO_REGIONS,EUR,European Region,1981.0,TTETANUS,Total tetanus,925.0
WHO_REGIONS,EUR,European Region,1980.0,DIPHTHERIA,Diphtheria,271.0
WHO_REGIONS,EUR,European Region,1980.0,MEASLES,Measles,492660.0
WHO_REGIONS,EUR,European Region,1980.0,NTETANUS,Neonatal tetanus,26.0
WHO_REGIONS,EUR,European Region,1980.0,PERTUSSIS,Pertussis,76554.0
WHO_REGIONS,EUR,European Region,1980.0,POLIO,Poliomyelitis,384.0
WHO_REGIONS,EUR,European Region,1980.0,TTETANUS,Total tetanus,1400.0
GLOBAL,GLOBAL,Global,2023.0,CRS,Congenital rubella syndrome,1534.0
GLOBAL,GLOBAL,Global,2023.0,DIPHTHERIA,Diphtheria,24779.0
GLOBAL,GLOBAL,Global,2023.0,INVASIVE_MENING,Invasive meningococcal disease,5550.0
GLOBAL,GLOBAL,Global,2023.0,JAPENC,Japanese encephalitis,2114.0
GLOBAL,GLOBAL,Global,2023.0,MEASLES,Measles,663830.0
GLOBAL,GLOBAL,Global,2023.0,MUMPS,Mumps,384785.0
GLOBAL,GLOBAL,Global,2023.0,NTETANUS,Neonatal tetanus,4585.0
GLOBAL,GLOBAL,Global,2023.0,PERTUSSIS,Pertussis,159832.0
GLOBAL,GLOBAL,Global,2023.0,POLIO,Poliomyelitis,538.0
GLOBAL,GLOBAL,Global,2023.0,RUBELLA,Rubella,35714.0
GLOBAL,GLOBAL,Global,2023.0,TTETANUS,Total tetanus,21830.0
GLOBAL,GLOBAL,Global,2023.0,TYPHOID,Typhoid,4583555.0
GLOBAL,GLOBAL,Global,2023.0,YFEVER,Yellow fever,476.0
GLOBAL,GLOBAL,Global,2022.0,CRS,Congenital rubella syndrome,1527.0
GLOBAL,GLOBAL,Global,2022.0,DIPHTHERIA,Diphtheria,10018.0
GLOBAL,GLOBAL,Global,2022.0,INVASIVE_MENING,Invasive meningococcal disease,16323.0
GLOBAL,GLOBAL,Global,2022.0,JAPENC,Japanese encephalitis,1886.0
GLOBAL,GLOBAL,Global,2022.0,MEASLES,Measles,205200.0
GLOBAL,GLOBAL,Global,2022.0,MUMPS,Mumps,381029.0
GLOBAL,GLOBAL,Global,2022.0,NTETANUS,Neonatal tetanus,2099.0
GLOBAL,GLOBAL,Global,2022.0,PERTUSSIS,Pertussis,64313.0
GLOBAL,GLOBAL,Global,2022.0,POLIO,Poliomyelitis,865.0
GLOBAL,GLOBAL,Global,2022.0,RUBELLA,Rubella,17927.0
GLOBAL,GLOBAL,Global,2022.0,TTETANUS,Total tetanus,6705.0
GLOBAL,GLOBAL,Global,2022.0,TYPHOID,Typhoid,2897152.0
GLOBAL,GLOBAL,Global,2022.0,YFEVER,Yellow fever,217.0
GLOBAL,GLOBAL,Global,2021.0,CRS,Congenital rubella syndrome,716.0
GLOBAL,GLOBAL,Global,2021.0,DIPHTHERIA,Diphtheria,8659.0
GLOBAL,GLOBAL,Global,2021.0,INVASIVE_MENING,Invasive meningococcal disease,26059.0
GLOBAL,GLOBAL,Global,2021.0,JAPENC,Japanese encephalitis,988.0
GLOBAL,GLOBAL,Global,2021.0,MEASLES,Measles,123152.0
GLOBAL,GLOBAL,Global,2021.0,MUMPS,Mumps,241742.0
GLOBAL,GLOBAL,Global,2021.0,NTETANUS,Neonatal tetanus,4140.0
GLOBAL,GLOBAL,Global,2021.0,PERTUSSIS,Pertussis,30402.0
GLOBAL,GLOBAL,Global,2021.0,POLIO,Poliomyelitis,700.0
GLOBAL,GLOBAL,Global,2021.0,RUBELLA,Rubella,10021.0
GLOBAL,GLOBAL,Global,2021.0,TTETANUS,Total tetanus,9828.0
GLOBAL,GLOBAL,Global,2021.0,TYPHOID,Typhoid,1858715.0
GLOBAL,GLOBAL,Global,2021.0,YFEVER,Yellow fever,281.0
GLOBAL,GLOBAL,Global,2020.0,CRS,Congenital rubella syndrome,1252.0
GLOBAL,GLOBAL,Global,2020.0,DIPHTHERIA,Diphtheria,10137.0
GLOBAL,GLOBAL,Global,2020.0,INVASIVE_MENING,Invasive meningococcal disease,21126.0
GLOBAL,GLOBAL,Global,2020.0,JAPENC,Japanese encephalitis,1532.0
GLOBAL,GLOBAL,Global,2020.0,MEASLES,Measles,159240.0
GLOBAL,GLOBAL,Global,2020.0,MUMPS,Mumps,279270.0
GLOBAL,GLOBAL,Global,2020.0,NTETANUS,Neonatal tetanus,2300.0
GLOBAL,GLOBAL,Global,2020.0,PERTUSSIS,Pertussis,69605.0
GLOBAL,GLOBAL,Global,2020.0,POLIO,Poliomyelitis,1113.0
GLOBAL,GLOBAL,Global,2020.0,RUBELLA,Rubella,10317.0
GLOBAL,GLOBAL,Global,2020.0,TTETANUS,Total tetanus,11897.0
GLOBAL,GLOBAL,Global,2020.0,TYPHOID,Typhoid,888757.0
GLOBAL,GLOBAL,Global,2020.0,YFEVER,Yellow fever,1139.0
GLOBAL,GLOBAL,Global,2019.0,CRS,Congenital rubella syndrome,424.0
GLOBAL,GLOBAL,Global,2019.0,DIPHTHERIA,Diphtheria,22986.0
GLOBAL,GLOBAL,Global,2019.0,JAPENC,Japanese encephalitis,3709.0
GLOBAL,GLOBAL,Global,2019.0,MEASLES,Measles,873373.0
GLOBAL,GLOBAL,Global,2019.0,MUMPS,Mumps,169898.0
GLOBAL,GLOBAL,Global,2019.0,NTETANUS,Neonatal tetanus,2173.0
GLOBAL,GLOBAL,Global,2019.0,PERTUSSIS,Pertussis,149845.0
GLOBAL,GLOBAL,Global,2019.0,POLIO,Poliomyelitis,378.0
GLOBAL,GLOBAL,Global,2019.0,RUBELLA,Rubella,49179.0
GLOBAL,GLOBAL,Global,2019.0,TTETANUS,Total tetanus,14745.0
GLOBAL,GLOBAL,Global,2019.0,TYPHOID,Typhoid,148535.0
GLOBAL,GLOBAL,Global,2019.0,YFEVER,Yellow fever,459.0
GLOBAL,GLOBAL,Global,2018.0,CRS,Congenital rubella syndrome,449.0
GLOBAL,GLOBAL,Global,2018.0,DIPHTHERIA,Diphtheria,16911.0
GLOBAL,GLOBAL,Global,2018.0,JAPENC,Japanese encephalitis,4402.0
GLOBAL,GLOBAL,Global,2018.0,MEASLES,Measles,360296.0
GLOBAL,GLOBAL,Global,2018.0,MUMPS,Mumps,502027.0
GLOBAL,GLOBAL,Global,2018.0,NTETANUS,Neonatal tetanus,1803.0
GLOBAL,GLOBAL,Global,2018.0,PERTUSSIS,Pertussis,169240.0
GLOBAL,GLOBAL,Global,2018.0,POLIO,Poliomyelitis,137.0
GLOBAL,GLOBAL,Global,2018.0,RUBELLA,Rubella,26033.0
GLOBAL,GLOBAL,Global,2018.0,TTETANUS,Total tetanus,15103.0
GLOBAL,GLOBAL,Global,2018.0,TYPHOID,Typhoid,7456.0
GLOBAL,GLOBAL,Global,2018.0,YFEVER,Yellow fever,2064.0
GLOBAL,GLOBAL,Global,2017.0,CRS,Congenital rubella syndrome,835.0
GLOBAL,GLOBAL,Global,2017.0,DIPHTHERIA,Diphtheria,8819.0
GLOBAL,GLOBAL,Global,2017.0,JAPENC,Japanese encephalitis,4668.0
GLOBAL,GLOBAL,Global,2017.0,MEASLES,Measles,173457.0
GLOBAL,GLOBAL,Global,2017.0,MUMPS,Mumps,560784.0
GLOBAL,GLOBAL,Global,2017.0,NTETANUS,Neonatal tetanus,2266.0
GLOBAL,GLOBAL,Global,2017.0,PERTUSSIS,Pertussis,163030.0
GLOBAL,GLOBAL,Global,2017.0,POLIO,Poliomyelitis,118.0
GLOBAL,GLOBAL,Global,2017.0,RUBELLA,Rubella,14756.0
GLOBAL,GLOBAL,Global,2017.0,TTETANUS,Total tetanus,12509.0
GLOBAL,GLOBAL,Global,2017.0,TYPHOID,Typhoid,34.0
GLOBAL,GLOBAL,Global,2017.0,YFEVER,Yellow fever,876.0
GLOBAL,GLOBAL,Global,2016.0,CRS,Congenital rubella syndrome,369.0
GLOBAL,GLOBAL,Global,2016.0,DIPHTHERIA,Diphtheria,7102.0
GLOBAL,GLOBAL,Global,2016.0,JAPENC,Japanese encephalitis,5399.0
GLOBAL,GLOBAL,Global,2016.0,MEASLES,Measles,132490.0
GLOBAL,GLOBAL,Global,2016.0,MUMPS,Mumps,592174.0
GLOBAL,GLOBAL,Global,2016.0,NTETANUS,Neonatal tetanus,1997.0
GLOBAL,GLOBAL,Global,2016.0,PERTUSSIS,Pertussis,174624.0
GLOBAL,GLOBAL,Global,2016.0,POLIO,Poliomyelitis,42.0
GLOBAL,GLOBAL,Global,2016.0,RUBELLA,Rubella,23419.0
GLOBAL,GLOBAL,Global,2016.0,TTETANUS,Total tetanus,13813.0
GLOBAL,GLOBAL,Global,2016.0,TYPHOID,Typhoid,35.0
GLOBAL,GLOBAL,Global,2016.0,YFEVER,Yellow fever,1154.0
GLOBAL,GLOBAL,Global,2015.0,CRS,Congenital rubella syndrome,282.0
GLOBAL,GLOBAL,Global,2015.0,DIPHTHERIA,Diphtheria,4535.0
GLOBAL,GLOBAL,Global,2015.0,JAPENC,Japanese encephalitis,4086.0
GLOBAL,GLOBAL,Global,2015.0,MEASLES,Measles,214808.0
GLOBAL,GLOBAL,Global,2015.0,MUMPS,Mumps,385781.0
GLOBAL,GLOBAL,Global,2015.0,NTETANUS,Neonatal tetanus,3580.0
GLOBAL,GLOBAL,Global,2015.0,PERTUSSIS,Pertussis,156065.0
GLOBAL,GLOBAL,Global,2015.0,POLIO,Poliomyelitis,106.0
GLOBAL,GLOBAL,Global,2015.0,RUBELLA,Rubella,23760.0
GLOBAL,GLOBAL,Global,2015.0,TTETANUS,Total tetanus,10338.0
GLOBAL,GLOBAL,Global,2015.0,TYPHOID,Typhoid,32.0
GLOBAL,GLOBAL,Global,2015.0,YFEVER,Yellow fever,72.0
GLOBAL,GLOBAL,Global,2014.0,CRS,Congenital rubella syndrome,142.0
GLOBAL,GLOBAL,Global,2014.0,DIPHTHERIA,Diphtheria,7774.0
GLOBAL,GLOBAL,Global,2014.0,JAPENC,Japanese encephalitis,4810.0
GLOBAL,GLOBAL,Global,2014.0,MEASLES,Measles,282078.0
GLOBAL,GLOBAL,Global,2014.0,MUMPS,Mumps,311602.0
GLOBAL,GLOBAL,Global,2014.0,NTETANUS,Neonatal tetanus,2238.0
GLOBAL,GLOBAL,Global,2014.0,PERTUSSIS,Pertussis,186438.0
GLOBAL,GLOBAL,Global,2014.0,POLIO,Poliomyelitis,415.0
GLOBAL,GLOBAL,Global,2014.0,RUBELLA,Rubella,33516.0
GLOBAL,GLOBAL,Global,2014.0,TTETANUS,Total tetanus,12531.0
GLOBAL,GLOBAL,Global,2014.0,TYPHOID,Typhoid,31.0
GLOBAL,GLOBAL,Global,2014.0,YFEVER,Yellow fever,54.0
GLOBAL,GLOBAL,Global,2013.0,CRS,Congenital rubella syndrome,134.0
GLOBAL,GLOBAL,Global,2013.0,DIPHTHERIA,Diphtheria,4680.0
GLOBAL,GLOBAL,Global,2013.0,JAPENC,Japanese encephalitis,3871.0
GLOBAL,GLOBAL,Global,2013.0,MEASLES,Measles,275307.0
GLOBAL,GLOBAL,Global,2013.0,MUMPS,Mumps,516316.0
GLOBAL,GLOBAL,Global,2013.0,NTETANUS,Neonatal tetanus,4149.0
GLOBAL,GLOBAL,Global,2013.0,PERTUSSIS,Pertussis,172109.0
GLOBAL,GLOBAL,Global,2013.0,POLIO,Poliomyelitis,482.0
GLOBAL,GLOBAL,Global,2013.0,RUBELLA,Rubella,101156.0
GLOBAL,GLOBAL,Global,2013.0,TTETANUS,Total tetanus,13532.0
GLOBAL,GLOBAL,Global,2013.0,TYPHOID,Typhoid,19.0
GLOBAL,GLOBAL,Global,2013.0,YFEVER,Yellow fever,294.0
GLOBAL,GLOBAL,Global,2012.0,CRS,Congenital rubella syndrome,302.0
GLOBAL,GLOBAL,Global,2012.0,DIPHTHERIA,Diphtheria,4490.0
GLOBAL,GLOBAL,Global,2012.0,JAPENC,Japanese encephalitis,2351.0
GLOBAL,GLOBAL,Global,2012.0,MEASLES,Measles,212376.0
GLOBAL,GLOBAL,Global,2012.0,MUMPS,Mumps,687934.0
GLOBAL,GLOBAL,Global,2012.0,NTETANUS,Neonatal tetanus,4654.0
GLOBAL,GLOBAL,Global,2012.0,PERTUSSIS,Pertussis,250330.0
GLOBAL,GLOBAL,Global,2012.0,POLIO,Poliomyelitis,294.0
GLOBAL,GLOBAL,Global,2012.0,RUBELLA,Rubella,94277.0
GLOBAL,GLOBAL,Global,2012.0,TTETANUS,Total tetanus,10475.0
GLOBAL,GLOBAL,Global,2012.0,YFEVER,Yellow fever,262.0
GLOBAL,GLOBAL,Global,2011.0,CRS,Congenital rubella syndrome,214.0
GLOBAL,GLOBAL,Global,2011.0,DIPHTHERIA,Diphtheria,5626.0
GLOBAL,GLOBAL,Global,2011.0,JAPENC,Japanese encephalitis,3392.0
GLOBAL,GLOBAL,Global,2011.0,MEASLES,Measles,359332.0
GLOBAL,GLOBAL,Global,2011.0,MUMPS,Mumps,726638.0
GLOBAL,GLOBAL,Global,2011.0,NTETANUS,Neonatal tetanus,4295.0
GLOBAL,GLOBAL,Global,2011.0,PERTUSSIS,Pertussis,173441.0
GLOBAL,GLOBAL,Global,2011.0,POLIO,Poliomyelitis,717.0
GLOBAL,GLOBAL,Global,2011.0,RUBELLA,Rubella,114456.0
GLOBAL,GLOBAL,Global,2011.0,TTETANUS,Total tetanus,12649.0
GLOBAL,GLOBAL,Global,2011.0,YFEVER,Yellow fever,2591.0
GLOBAL,GLOBAL,Global,2010.0,CRS,Congenital rubella syndrome,31.0
GLOBAL,GLOBAL,Global,2010.0,DIPHTHERIA,Diphtheria,4603.0
GLOBAL,GLOBAL,Global,2010.0,JAPENC,Japanese encephalitis,3856.0
GLOBAL,GLOBAL,Global,2010.0,MEASLES,Measles,343806.0
GLOBAL,GLOBAL,Global,2010.0,MUMPS,Mumps,619389.0
GLOBAL,GLOBAL,Global,2010.0,NTETANUS,Neonatal tetanus,5085.0
GLOBAL,GLOBAL,Global,2010.0,PERTUSSIS,Pertussis,161234.0
GLOBAL,GLOBAL,Global,2010.0,POLIO,Poliomyelitis,1412.0
GLOBAL,GLOBAL,Global,2010.0,RUBELLA,Rubella,75961.0
GLOBAL,GLOBAL,Global,2010.0,TTETANUS,Total tetanus,11181.0
GLOBAL,GLOBAL,Global,2010.0,YFEVER,Yellow fever,737.0
GLOBAL,GLOBAL,Global,2009.0,CRS,Congenital rubella syndrome,161.0
GLOBAL,GLOBAL,Global,2009.0,DIPHTHERIA,Diphtheria,4349.0
GLOBAL,GLOBAL,Global,2009.0,JAPENC,Japanese encephalitis,5163.0
GLOBAL,GLOBAL,Global,2009.0,MEASLES,Measles,278637.0
GLOBAL,GLOBAL,Global,2009.0,MUMPS,Mumps,546684.0
GLOBAL,GLOBAL,Global,2009.0,NTETANUS,Neonatal tetanus,5611.0
GLOBAL,GLOBAL,Global,2009.0,PERTUSSIS,Pertussis,166592.0
GLOBAL,GLOBAL,Global,2009.0,POLIO,Poliomyelitis,1789.0
GLOBAL,GLOBAL,Global,2009.0,RUBELLA,Rubella,121378.0
GLOBAL,GLOBAL,Global,2009.0,TTETANUS,Total tetanus,11981.0
GLOBAL,GLOBAL,Global,2009.0,YFEVER,Yellow fever,136.0
GLOBAL,GLOBAL,Global,2008.0,CRS,Congenital rubella syndrome,243.0
GLOBAL,GLOBAL,Global,2008.0,DIPHTHERIA,Diphtheria,4978.0
GLOBAL,GLOBAL,Global,2008.0,JAPENC,Japanese encephalitis,5198.0
GLOBAL,GLOBAL,Global,2008.0,MEASLES,Measles,278751.0
GLOBAL,GLOBAL,Global,2008.0,MUMPS,Mumps,537740.0
GLOBAL,GLOBAL,Global,2008.0,NTETANUS,Neonatal tetanus,6635.0
GLOBAL,GLOBAL,Global,2008.0,PERTUSSIS,Pertussis,148095.0
GLOBAL,GLOBAL,Global,2008.0,POLIO,Poliomyelitis,1736.0
GLOBAL,GLOBAL,Global,2008.0,RUBELLA,Rubella,181029.0
GLOBAL,GLOBAL,Global,2008.0,TTETANUS,Total tetanus,15850.0
GLOBAL,GLOBAL,Global,2008.0,YFEVER,Yellow fever,372.0
GLOBAL,GLOBAL,Global,2007.0,CRS,Congenital rubella syndrome,225.0
GLOBAL,GLOBAL,Global,2007.0,DIPHTHERIA,Diphtheria,4642.0
GLOBAL,GLOBAL,Global,2007.0,JAPENC,Japanese encephalitis,9487.0
GLOBAL,GLOBAL,Global,2007.0,MEASLES,Measles,285031.0
GLOBAL,GLOBAL,Global,2007.0,MUMPS,Mumps,407873.0
GLOBAL,GLOBAL,Global,2007.0,NTETANUS,Neonatal tetanus,6225.0
GLOBAL,GLOBAL,Global,2007.0,PERTUSSIS,Pertussis,139521.0
GLOBAL,GLOBAL,Global,2007.0,POLIO,Poliomyelitis,1390.0
GLOBAL,GLOBAL,Global,2007.0,RUBELLA,Rubella,196501.0
GLOBAL,GLOBAL,Global,2007.0,TTETANUS,Total tetanus,20361.0
GLOBAL,GLOBAL,Global,2007.0,YFEVER,Yellow fever,265.0
GLOBAL,GLOBAL,Global,2006.0,CRS,Congenital rubella syndrome,64.0
GLOBAL,GLOBAL,Global,2006.0,DIPHTHERIA,Diphtheria,4333.0
GLOBAL,GLOBAL,Global,2006.0,JAPENC,Japanese encephalitis,8040.0
GLOBAL,GLOBAL,Global,2006.0,MEASLES,Measles,377576.0
GLOBAL,GLOBAL,Global,2006.0,MUMPS,Mumps,643321.0
GLOBAL,GLOBAL,Global,2006.0,NTETANUS,Neonatal tetanus,8416.0
GLOBAL,GLOBAL,Global,2006.0,PERTUSSIS,Pertussis,127410.0
GLOBAL,GLOBAL,Global,2006.0,POLIO,Poliomyelitis,2023.0
GLOBAL,GLOBAL,Global,2006.0,RUBELLA,Rubella,250102.0
GLOBAL,GLOBAL,Global,2006.0,TTETANUS,Total tetanus,15305.0
GLOBAL,GLOBAL,Global,2006.0,YFEVER,Yellow fever,358.0
GLOBAL,GLOBAL,Global,2005.0,CRS,Congenital rubella syndrome,41.0
GLOBAL,GLOBAL,Global,2005.0,DIPHTHERIA,Diphtheria,8137.0
GLOBAL,GLOBAL,Global,2005.0,JAPENC,Japanese encephalitis,78.0
GLOBAL,GLOBAL,Global,2005.0,MEASLES,Measles,585701.0
GLOBAL,GLOBAL,Global,2005.0,MUMPS,Mumps,619062.0
GLOBAL,GLOBAL,Global,2005.0,NTETANUS,Neonatal tetanus,9848.0
GLOBAL,GLOBAL,Global,2005.0,PERTUSSIS,Pertussis,152784.0
GLOBAL,GLOBAL,Global,2005.0,POLIO,Poliomyelitis,2033.0
GLOBAL,GLOBAL,Global,2005.0,RUBELLA,Rubella,267983.0
GLOBAL,GLOBAL,Global,2005.0,TTETANUS,Total tetanus,15675.0
GLOBAL,GLOBAL,Global,2005.0,YFEVER,Yellow fever,591.0
GLOBAL,GLOBAL,Global,2004.0,CRS,Congenital rubella syndrome,89.0
GLOBAL,GLOBAL,Global,2004.0,DIPHTHERIA,Diphtheria,10069.0
GLOBAL,GLOBAL,Global,2004.0,JAPENC,Japanese encephalitis,39.0
GLOBAL,GLOBAL,Global,2004.0,MEASLES,Measles,513406.0
GLOBAL,GLOBAL,Global,2004.0,MUMPS,Mumps,654216.0
GLOBAL,GLOBAL,Global,2004.0,NTETANUS,Neonatal tetanus,9414.0
GLOBAL,GLOBAL,Global,2004.0,PERTUSSIS,Pertussis,245377.0
GLOBAL,GLOBAL,Global,2004.0,POLIO,Poliomyelitis,1256.0
GLOBAL,GLOBAL,Global,2004.0,RUBELLA,Rubella,308213.0
GLOBAL,GLOBAL,Global,2004.0,TTETANUS,Total tetanus,13987.0
GLOBAL,GLOBAL,Global,2004.0,YFEVER,Yellow fever,1376.0
GLOBAL,GLOBAL,Global,2003.0,CRS,Congenital rubella syndrome,116.0
GLOBAL,GLOBAL,Global,2003.0,DIPHTHERIA,Diphtheria,7154.0
GLOBAL,GLOBAL,Global,2003.0,JAPENC,Japanese encephalitis,37.0
GLOBAL,GLOBAL,Global,2003.0,MEASLES,Measles,679856.0
GLOBAL,GLOBAL,Global,2003.0,MUMPS,Mumps,334524.0
GLOBAL,GLOBAL,Global,2003.0,NTETANUS,Neonatal tetanus,9043.0
GLOBAL,GLOBAL,Global,2003.0,PERTUSSIS,Pertussis,116598.0
GLOBAL,GLOBAL,Global,2003.0,POLIO,Poliomyelitis,784.0
GLOBAL,GLOBAL,Global,2003.0,RUBELLA,Rubella,317415.0
GLOBAL,GLOBAL,Global,2003.0,TTETANUS,Total tetanus,14220.0
GLOBAL,GLOBAL,Global,2003.0,YFEVER,Yellow fever,739.0
GLOBAL,GLOBAL,Global,2002.0,CRS,Congenital rubella syndrome,41.0
GLOBAL,GLOBAL,Global,2002.0,DIPHTHERIA,Diphtheria,9035.0
GLOBAL,GLOBAL,Global,2002.0,JAPENC,Japanese encephalitis,49.0
GLOBAL,GLOBAL,Global,2002.0,MEASLES,Measles,586471.0
GLOBAL,GLOBAL,Global,2002.0,MUMPS,Mumps,487932.0
GLOBAL,GLOBAL,Global,2002.0,NTETANUS,Neonatal tetanus,11633.0
GLOBAL,GLOBAL,Global,2002.0,PERTUSSIS,Pertussis,135944.0
GLOBAL,GLOBAL,Global,2002.0,POLIO,Poliomyelitis,1922.0
GLOBAL,GLOBAL,Global,2002.0,RUBELLA,Rubella,639747.0
GLOBAL,GLOBAL,Global,2002.0,TTETANUS,Total tetanus,31376.0
GLOBAL,GLOBAL,Global,2002.0,YFEVER,Yellow fever,715.0
GLOBAL,GLOBAL,Global,2001.0,CRS,Congenital rubella syndrome,85.0
GLOBAL,GLOBAL,Global,2001.0,DIPHTHERIA,Diphtheria,10725.0
GLOBAL,GLOBAL,Global,2001.0,MEASLES,Measles,849173.0
GLOBAL,GLOBAL,Global,2001.0,MUMPS,Mumps,412341.0
GLOBAL,GLOBAL,Global,2001.0,NTETANUS,Neonatal tetanus,14017.0
GLOBAL,GLOBAL,Global,2001.0,PERTUSSIS,Pertussis,174847.0
GLOBAL,GLOBAL,Global,2001.0,POLIO,Poliomyelitis,496.0
GLOBAL,GLOBAL,Global,2001.0,RUBELLA,Rubella,836332.0
GLOBAL,GLOBAL,Global,2001.0,TTETANUS,Total tetanus,20800.0
GLOBAL,GLOBAL,Global,2001.0,YFEVER,Yellow fever,656.0
GLOBAL,GLOBAL,Global,2000.0,CRS,Congenital rubella syndrome,156.0
GLOBAL,GLOBAL,Global,2000.0,DIPHTHERIA,Diphtheria,11625.0
GLOBAL,GLOBAL,Global,2000.0,MEASLES,Measles,853479.0
GLOBAL,GLOBAL,Global,2000.0,MUMPS,Mumps,544093.0
GLOBAL,GLOBAL,Global,2000.0,NTETANUS,Neonatal tetanus,17935.0
GLOBAL,GLOBAL,Global,2000.0,PERTUSSIS,Pertussis,190475.0
GLOBAL,GLOBAL,Global,2000.0,POLIO,Poliomyelitis,2971.0
GLOBAL,GLOBAL,Global,2000.0,RUBELLA,Rubella,670894.0
GLOBAL,GLOBAL,Global,2000.0,TTETANUS,Total tetanus,23711.0
GLOBAL,GLOBAL,Global,2000.0,YFEVER,Yellow fever,699.0
GLOBAL,GLOBAL,Global,1999.0,CRS,Congenital rubella syndrome,68.0
GLOBAL,GLOBAL,Global,1999.0,DIPHTHERIA,Diphtheria,4810.0
GLOBAL,GLOBAL,Global,1999.0,MEASLES,Measles,752407.0
GLOBAL,GLOBAL,Global,1999.0,MUMPS,Mumps,558122.0
GLOBAL,GLOBAL,Global,1999.0,NTETANUS,Neonatal tetanus,10985.0
GLOBAL,GLOBAL,Global,1999.0,PERTUSSIS,Pertussis,116297.0
GLOBAL,GLOBAL,Global,1999.0,POLIO,Poliomyelitis,7141.0
GLOBAL,GLOBAL,Global,1999.0,RUBELLA,Rubella,875116.0
GLOBAL,GLOBAL,Global,1999.0,TTETANUS,Total tetanus,15951.0
GLOBAL,GLOBAL,Global,1999.0,YFEVER,Yellow fever,216.0
GLOBAL,GLOBAL,Global,1998.0,CRS,Congenital rubella syndrome,14.0
GLOBAL,GLOBAL,Global,1998.0,DIPHTHERIA,Diphtheria,7441.0
GLOBAL,GLOBAL,Global,1998.0,MEASLES,Measles,694466.0
GLOBAL,GLOBAL,Global,1998.0,NTETANUS,Neonatal tetanus,16628.0
GLOBAL,GLOBAL,Global,1998.0,PERTUSSIS,Pertussis,188975.0
GLOBAL,GLOBAL,Global,1998.0,POLIO,Poliomyelitis,6347.0
GLOBAL,GLOBAL,Global,1998.0,RUBELLA,Rubella,130569.0
GLOBAL,GLOBAL,Global,1998.0,TTETANUS,Total tetanus,20469.0
GLOBAL,GLOBAL,Global,1998.0,YFEVER,Yellow fever,309.0
GLOBAL,GLOBAL,Global,1997.0,CRS,Congenital rubella syndrome,33.0
GLOBAL,GLOBAL,Global,1997.0,DIPHTHERIA,Diphtheria,14767.0
GLOBAL,GLOBAL,Global,1997.0,MEASLES,Measles,825673.0
GLOBAL,GLOBAL,Global,1997.0,NTETANUS,Neonatal tetanus,15766.0
GLOBAL,GLOBAL,Global,1997.0,PERTUSSIS,Pertussis,168111.0
GLOBAL,GLOBAL,Global,1997.0,POLIO,Poliomyelitis,5186.0
GLOBAL,GLOBAL,Global,1997.0,RUBELLA,Rubella,125056.0
GLOBAL,GLOBAL,Global,1997.0,TTETANUS,Total tetanus,23145.0
GLOBAL,GLOBAL,Global,1997.0,YFEVER,Yellow fever,193.0
GLOBAL,GLOBAL,Global,1996.0,DIPHTHERIA,Diphtheria,28624.0
GLOBAL,GLOBAL,Global,1996.0,MEASLES,Measles,870218.0
GLOBAL,GLOBAL,Global,1996.0,NTETANUS,Neonatal tetanus,13091.0
GLOBAL,GLOBAL,Global,1996.0,PERTUSSIS,Pertussis,141339.0
GLOBAL,GLOBAL,Global,1996.0,POLIO,Poliomyelitis,4070.0
GLOBAL,GLOBAL,Global,1996.0,TTETANUS,Total tetanus,12537.0
GLOBAL,GLOBAL,Global,1996.0,YFEVER,Yellow fever,439.0
GLOBAL,GLOBAL,Global,1995.0,DIPHTHERIA,Diphtheria,56965.0
GLOBAL,GLOBAL,Global,1995.0,MEASLES,Measles,720391.0
GLOBAL,GLOBAL,Global,1995.0,NTETANUS,Neonatal tetanus,10538.0
GLOBAL,GLOBAL,Global,1995.0,PERTUSSIS,Pertussis,164976.0
GLOBAL,GLOBAL,Global,1995.0,POLIO,Poliomyelitis,7043.0
GLOBAL,GLOBAL,Global,1995.0,TTETANUS,Total tetanus,13019.0
GLOBAL,GLOBAL,Global,1995.0,YFEVER,Yellow fever,1219.0
GLOBAL,GLOBAL,Global,1994.0,DIPHTHERIA,Diphtheria,54816.0
GLOBAL,GLOBAL,Global,1994.0,MEASLES,Measles,926808.0
GLOBAL,GLOBAL,Global,1994.0,NTETANUS,Neonatal tetanus,12872.0
GLOBAL,GLOBAL,Global,1994.0,PERTUSSIS,Pertussis,253822.0
GLOBAL,GLOBAL,Global,1994.0,POLIO,Poliomyelitis,8666.0
GLOBAL,GLOBAL,Global,1994.0,TTETANUS,Total tetanus,48086.0
GLOBAL,GLOBAL,Global,1994.0,YFEVER,Yellow fever,1440.0
GLOBAL,GLOBAL,Global,1993.0,DIPHTHERIA,Diphtheria,31242.0
GLOBAL,GLOBAL,Global,1993.0,MEASLES,Measles,1143945.0
GLOBAL,GLOBAL,Global,1993.0,NTETANUS,Neonatal tetanus,15985.0
GLOBAL,GLOBAL,Global,1993.0,PERTUSSIS,Pertussis,237133.0
GLOBAL,GLOBAL,Global,1993.0,POLIO,Poliomyelitis,10500.0
GLOBAL,GLOBAL,Global,1993.0,TTETANUS,Total tetanus,42530.0
GLOBAL,GLOBAL,Global,1993.0,YFEVER,Yellow fever,410.0
GLOBAL,GLOBAL,Global,1992.0,DIPHTHERIA,Diphtheria,20851.0
GLOBAL,GLOBAL,Global,1992.0,MEASLES,Measles,1481192.0
GLOBAL,GLOBAL,Global,1992.0,NTETANUS,Neonatal tetanus,15829.0
GLOBAL,GLOBAL,Global,1992.0,PERTUSSIS,Pertussis,255494.0
GLOBAL,GLOBAL,Global,1992.0,POLIO,Poliomyelitis,15304.0
GLOBAL,GLOBAL,Global,1992.0,TTETANUS,Total tetanus,39931.0
GLOBAL,GLOBAL,Global,1992.0,YFEVER,Yellow fever,295.0
GLOBAL,GLOBAL,Global,1991.0,DIPHTHERIA,Diphtheria,24738.0
GLOBAL,GLOBAL,Global,1991.0,MEASLES,Measles,1370243.0
GLOBAL,GLOBAL,Global,1991.0,NTETANUS,Neonatal tetanus,23717.0
GLOBAL,GLOBAL,Global,1991.0,PERTUSSIS,Pertussis,430493.0
GLOBAL,GLOBAL,Global,1991.0,POLIO,Poliomyelitis,13274.0
GLOBAL,GLOBAL,Global,1991.0,TTETANUS,Total tetanus,46292.0
GLOBAL,GLOBAL,Global,1991.0,YFEVER,Yellow fever,2712.0
GLOBAL,GLOBAL,Global,1990.0,DIPHTHERIA,Diphtheria,22133.0
GLOBAL,GLOBAL,Global,1990.0,MEASLES,Measles,1325074.0
GLOBAL,GLOBAL,Global,1990.0,NTETANUS,Neonatal tetanus,25293.0
GLOBAL,GLOBAL,Global,1990.0,PERTUSSIS,Pertussis,442492.0
GLOBAL,GLOBAL,Global,1990.0,POLIO,Poliomyelitis,23053.0
GLOBAL,GLOBAL,Global,1990.0,TTETANUS,Total tetanus,64737.0
GLOBAL,GLOBAL,Global,1990.0,YFEVER,Yellow fever,4339.0
GLOBAL,GLOBAL,Global,1989.0,DIPHTHERIA,Diphtheria,29779.0
GLOBAL,GLOBAL,Global,1989.0,MEASLES,Measles,1822390.0
GLOBAL,GLOBAL,Global,1989.0,NTETANUS,Neonatal tetanus,29064.0
GLOBAL,GLOBAL,Global,1989.0,PERTUSSIS,Pertussis,596488.0
GLOBAL,GLOBAL,Global,1989.0,POLIO,Poliomyelitis,26104.0
GLOBAL,GLOBAL,Global,1989.0,TTETANUS,Total tetanus,78693.0
GLOBAL,GLOBAL,Global,1989.0,YFEVER,Yellow fever,3507.0
GLOBAL,GLOBAL,Global,1988.0,DIPHTHERIA,Diphtheria,31526.0
GLOBAL,GLOBAL,Global,1988.0,MEASLES,Measles,1663940.0
GLOBAL,GLOBAL,Global,1988.0,NTETANUS,Neonatal tetanus,31886.0
GLOBAL,GLOBAL,Global,1988.0,PERTUSSIS,Pertussis,523574.0
GLOBAL,GLOBAL,Global,1988.0,POLIO,Poliomyelitis,34617.0
GLOBAL,GLOBAL,Global,1988.0,TTETANUS,Total tetanus,73310.0
GLOBAL,GLOBAL,Global,1988.0,YFEVER,Yellow fever,5344.0
GLOBAL,GLOBAL,Global,1987.0,DIPHTHERIA,Diphtheria,27754.0
GLOBAL,GLOBAL,Global,1987.0,MEASLES,Measles,1682847.0
GLOBAL,GLOBAL,Global,1987.0,NTETANUS,Neonatal tetanus,18985.0
GLOBAL,GLOBAL,Global,1987.0,PERTUSSIS,Pertussis,688441.0
GLOBAL,GLOBAL,Global,1987.0,POLIO,Poliomyelitis,39683.0
GLOBAL,GLOBAL,Global,1987.0,TTETANUS,Total tetanus,75932.0
GLOBAL,GLOBAL,Global,1987.0,YFEVER,Yellow fever,3247.0
GLOBAL,GLOBAL,Global,1986.0,DIPHTHERIA,Diphtheria,29132.0
GLOBAL,GLOBAL,Global,1986.0,MEASLES,Measles,2078696.0
GLOBAL,GLOBAL,Global,1986.0,NTETANUS,Neonatal tetanus,20394.0
GLOBAL,GLOBAL,Global,1986.0,PERTUSSIS,Pertussis,835431.0
GLOBAL,GLOBAL,Global,1986.0,POLIO,Poliomyelitis,32846.0
GLOBAL,GLOBAL,Global,1986.0,TTETANUS,Total tetanus,85859.0
GLOBAL,GLOBAL,Global,1986.0,YFEVER,Yellow fever,1477.0
GLOBAL,GLOBAL,Global,1985.0,DIPHTHERIA,Diphtheria,42335.0
GLOBAL,GLOBAL,Global,1985.0,MEASLES,Measles,2819553.0
GLOBAL,GLOBAL,Global,1985.0,NTETANUS,Neonatal tetanus,17438.0
GLOBAL,GLOBAL,Global,1985.0,PERTUSSIS,Pertussis,1007832.0
GLOBAL,GLOBAL,Global,1985.0,POLIO,Poliomyelitis,38483.0
GLOBAL,GLOBAL,Global,1985.0,TTETANUS,Total tetanus,104546.0
GLOBAL,GLOBAL,Global,1985.0,YFEVER,Yellow fever,138.0
GLOBAL,GLOBAL,Global,1984.0,DIPHTHERIA,Diphtheria,45235.0
GLOBAL,GLOBAL,Global,1984.0,MEASLES,Measles,3026973.0
GLOBAL,GLOBAL,Global,1984.0,NTETANUS,Neonatal tetanus,18483.0
GLOBAL,GLOBAL,Global,1984.0,PERTUSSIS,Pertussis,1025918.0
GLOBAL,GLOBAL,Global,1984.0,POLIO,Poliomyelitis,35084.0
GLOBAL,GLOBAL,Global,1984.0,TTETANUS,Total tetanus,89587.0
GLOBAL,GLOBAL,Global,1984.0,YFEVER,Yellow fever,1012.0
GLOBAL,GLOBAL,Global,1983.0,DIPHTHERIA,Diphtheria,49797.0
GLOBAL,GLOBAL,Global,1983.0,MEASLES,Measles,3586101.0
GLOBAL,GLOBAL,Global,1983.0,NTETANUS,Neonatal tetanus,15870.0
GLOBAL,GLOBAL,Global,1983.0,PERTUSSIS,Pertussis,1362689.0
GLOBAL,GLOBAL,Global,1983.0,POLIO,Poliomyelitis,39973.0
GLOBAL,GLOBAL,Global,1983.0,TTETANUS,Total tetanus,99078.0
GLOBAL,GLOBAL,Global,1983.0,YFEVER,Yellow fever,793.0
GLOBAL,GLOBAL,Global,1982.0,DIPHTHERIA,Diphtheria,60040.0
GLOBAL,GLOBAL,Global,1982.0,MEASLES,Measles,3623758.0
GLOBAL,GLOBAL,Global,1982.0,NTETANUS,Neonatal tetanus,18008.0
GLOBAL,GLOBAL,Global,1982.0,PERTUSSIS,Pertussis,1814178.0
GLOBAL,GLOBAL,Global,1982.0,POLIO,Poliomyelitis,51628.0
GLOBAL,GLOBAL,Global,1982.0,TTETANUS,Total tetanus,115440.0
GLOBAL,GLOBAL,Global,1982.0,YFEVER,Yellow fever,171.0
GLOBAL,GLOBAL,Global,1981.0,DIPHTHERIA,Diphtheria,74098.0
GLOBAL,GLOBAL,Global,1981.0,MEASLES,Measles,4078455.0
GLOBAL,GLOBAL,Global,1981.0,NTETANUS,Neonatal tetanus,13284.0
GLOBAL,GLOBAL,Global,1981.0,PERTUSSIS,Pertussis,1795493.0
GLOBAL,GLOBAL,Global,1981.0,POLIO,Poliomyelitis,65737.0
GLOBAL,GLOBAL,Global,1981.0,TTETANUS,Total tetanus,105679.0
GLOBAL,GLOBAL,Global,1981.0,YFEVER,Yellow fever,238.0
GLOBAL,GLOBAL,Global,1980.0,DIPHTHERIA,Diphtheria,97164.0
GLOBAL,GLOBAL,Global,1980.0,MEASLES,Measles,3852242.0
GLOBAL,GLOBAL,Global,1980.0,NTETANUS,Neonatal tetanus,13005.0
GLOBAL,GLOBAL,Global,1980.0,PERTUSSIS,Pertussis,1968363.0
GLOBAL,GLOBAL,Global,1980.0,POLIO,Poliomyelitis,52630.0
GLOBAL,GLOBAL,Global,1980.0,TTETANUS,Total tetanus,113936.0
GLOBAL,GLOBAL,Global,1980.0,YFEVER,Yellow fever,144.0
WHO_REGIONS,SEAR,South-East Asia Region,2023.0,CRS,Congenital rubella syndrome,549.0
WHO_REGIONS,SEAR,South-East Asia Region,2023.0,DIPHTHERIA,Diphtheria,4934.0
WHO_REGIONS,SEAR,South-East Asia Region,2023.0,INVASIVE_MENING,Invasive meningococcal disease,42.0
WHO_REGIONS,SEAR,South-East Asia Region,2023.0,JAPENC,Japanese encephalitis,1569.0
WHO_REGIONS,SEAR,South-East Asia Region,2023.0,MEASLES,Measles,85368.0
WHO_REGIONS,SEAR,South-East Asia Region,2023.0,MUMPS,Mumps,29282.0
WHO_REGIONS,SEAR,South-East Asia Region,2023.0,NTETANUS,Neonatal tetanus,132.0
WHO_REGIONS,SEAR,South-East Asia Region,2023.0,PERTUSSIS,Pertussis,12108.0
WHO_REGIONS,SEAR,South-East Asia Region,2023.0,POLIO,Poliomyelitis,6.0
WHO_REGIONS,SEAR,South-East Asia Region,2023.0,RUBELLA,Rubella,3773.0
WHO_REGIONS,SEAR,South-East Asia Region,2023.0,TTETANUS,Total tetanus,2621.0
WHO_REGIONS,SEAR,South-East Asia Region,2023.0,TYPHOID,Typhoid,894075.0
WHO_REGIONS,SEAR,South-East Asia Region,2023.0,YFEVER,Yellow fever,0.0
WHO_REGIONS,SEAR,South-East Asia Region,2022.0,CRS,Congenital rubella syndrome,554.0
WHO_REGIONS,SEAR,South-East Asia Region,2022.0,DIPHTHERIA,Diphtheria,3958.0
WHO_REGIONS,SEAR,South-East Asia Region,2022.0,INVASIVE_MENING,Invasive meningococcal disease,14.0
WHO_REGIONS,SEAR,South-East Asia Region,2022.0,JAPENC,Japanese encephalitis,1455.0
WHO_REGIONS,SEAR,South-East Asia Region,2022.0,MEASLES,Measles,49201.0
WHO_REGIONS,SEAR,South-East Asia Region,2022.0,MUMPS,Mumps,8985.0
WHO_REGIONS,SEAR,South-East Asia Region,2022.0,NTETANUS,Neonatal tetanus,123.0
WHO_REGIONS,SEAR,South-East Asia Region,2022.0,PERTUSSIS,Pertussis,9614.0
WHO_REGIONS,SEAR,South-East Asia Region,2022.0,POLIO,Poliomyelitis,1.0
WHO_REGIONS,SEAR,South-East Asia Region,2022.0,RUBELLA,Rubella,3728.0
WHO_REGIONS,SEAR,South-East Asia Region,2022.0,TTETANUS,Total tetanus,894.0
WHO_REGIONS,SEAR,South-East Asia Region,2022.0,TYPHOID,Typhoid,402597.0
WHO_REGIONS,SEAR,South-East Asia Region,2022.0,YFEVER,Yellow fever,0.0
WHO_REGIONS,SEAR,South-East Asia Region,2021.0,CRS,Congenital rubella syndrome,401.0
WHO_REGIONS,SEAR,South-East Asia Region,2021.0,DIPHTHERIA,Diphtheria,2006.0
WHO_REGIONS,SEAR,South-East Asia Region,2021.0,INVASIVE_MENING,Invasive meningococcal disease,7.0
WHO_REGIONS,SEAR,South-East Asia Region,2021.0,JAPENC,Japanese encephalitis,618.0
WHO_REGIONS,SEAR,South-East Asia Region,2021.0,MEASLES,Measles,6448.0
WHO_REGIONS,SEAR,South-East Asia Region,2021.0,MUMPS,Mumps,831.0
WHO_REGIONS,SEAR,South-East Asia Region,2021.0,NTETANUS,Neonatal tetanus,135.0
WHO_REGIONS,SEAR,South-East Asia Region,2021.0,PERTUSSIS,Pertussis,593.0
WHO_REGIONS,SEAR,South-East Asia Region,2021.0,POLIO,Poliomyelitis,0.0
WHO_REGIONS,SEAR,South-East Asia Region,2021.0,RUBELLA,Rubella,2103.0
WHO_REGIONS,SEAR,South-East Asia Region,2021.0,TTETANUS,Total tetanus,2223.0
WHO_REGIONS,SEAR,South-East Asia Region,2021.0,TYPHOID,Typhoid,65.0
WHO_REGIONS,SEAR,South-East Asia Region,2021.0,YFEVER,Yellow fever,0.0
WHO_REGIONS,SEAR,South-East Asia Region,2020.0,CRS,Congenital rubella syndrome,248.0
WHO_REGIONS,SEAR,South-East Asia Region,2020.0,DIPHTHERIA,Diphtheria,4002.0
WHO_REGIONS,SEAR,South-East Asia Region,2020.0,INVASIVE_MENING,Invasive meningococcal disease,3.0
WHO_REGIONS,SEAR,South-East Asia Region,2020.0,JAPENC,Japanese encephalitis,906.0
WHO_REGIONS,SEAR,South-East Asia Region,2020.0,MEASLES,Measles,9389.0
WHO_REGIONS,SEAR,South-East Asia Region,2020.0,MUMPS,Mumps,390.0
WHO_REGIONS,SEAR,South-East Asia Region,2020.0,NTETANUS,Neonatal tetanus,229.0
WHO_REGIONS,SEAR,South-East Asia Region,2020.0,PERTUSSIS,Pertussis,12712.0
WHO_REGIONS,SEAR,South-East Asia Region,2020.0,POLIO,Poliomyelitis,0.0
WHO_REGIONS,SEAR,South-East Asia Region,2020.0,RUBELLA,Rubella,1514.0
WHO_REGIONS,SEAR,South-East Asia Region,2020.0,TTETANUS,Total tetanus,1783.0
WHO_REGIONS,SEAR,South-East Asia Region,2020.0,TYPHOID,Typhoid,127.0
WHO_REGIONS,SEAR,South-East Asia Region,2020.0,YFEVER,Yellow fever,0.0
WHO_REGIONS,SEAR,South-East Asia Region,2019.0,CRS,Congenital rubella syndrome,358.0
WHO_REGIONS,SEAR,South-East Asia Region,2019.0,DIPHTHERIA,Diphtheria,10224.0
WHO_REGIONS,SEAR,South-East Asia Region,2019.0,JAPENC,Japanese encephalitis,2810.0
WHO_REGIONS,SEAR,South-East Asia Region,2019.0,MEASLES,Measles,29389.0
WHO_REGIONS,SEAR,South-East Asia Region,2019.0,MUMPS,Mumps,3055.0
WHO_REGIONS,SEAR,South-East Asia Region,2019.0,NTETANUS,Neonatal tetanus,130.0
WHO_REGIONS,SEAR,South-East Asia Region,2019.0,PERTUSSIS,Pertussis,12057.0
WHO_REGIONS,SEAR,South-East Asia Region,2019.0,POLIO,Poliomyelitis,6.0
WHO_REGIONS,SEAR,South-East Asia Region,2019.0,RUBELLA,Rubella,4537.0
WHO_REGIONS,SEAR,South-East Asia Region,2019.0,TTETANUS,Total tetanus,8277.0
WHO_REGIONS,SEAR,South-East Asia Region,2019.0,TYPHOID,Typhoid,198.0
WHO_REGIONS,SEAR,South-East Asia Region,2019.0,YFEVER,Yellow fever,0.0
WHO_REGIONS,SEAR,South-East Asia Region,2018.0,CRS,Congenital rubella syndrome,342.0
WHO_REGIONS,SEAR,South-East Asia Region,2018.0,DIPHTHERIA,Diphtheria,10299.0
WHO_REGIONS,SEAR,South-East Asia Region,2018.0,JAPENC,Japanese encephalitis,2035.0
WHO_REGIONS,SEAR,South-East Asia Region,2018.0,MEASLES,Measles,34741.0
WHO_REGIONS,SEAR,South-East Asia Region,2018.0,MUMPS,Mumps,32018.0
WHO_REGIONS,SEAR,South-East Asia Region,2018.0,NTETANUS,Neonatal tetanus,252.0
WHO_REGIONS,SEAR,South-East Asia Region,2018.0,PERTUSSIS,Pertussis,17532.0
WHO_REGIONS,SEAR,South-East Asia Region,2018.0,POLIO,Poliomyelitis,1.0
WHO_REGIONS,SEAR,South-East Asia Region,2018.0,RUBELLA,Rubella,4533.0
WHO_REGIONS,SEAR,South-East Asia Region,2018.0,TTETANUS,Total tetanus,7712.0
WHO_REGIONS,SEAR,South-East Asia Region,2018.0,TYPHOID,Typhoid,304.0
WHO_REGIONS,SEAR,South-East Asia Region,2018.0,YFEVER,Yellow fever,0.0
WHO_REGIONS,SEAR,South-East Asia Region,2017.0,CRS,Congenital rubella syndrome,754.0
WHO_REGIONS,SEAR,South-East Asia Region,2017.0,DIPHTHERIA,Diphtheria,7053.0
WHO_REGIONS,SEAR,South-East Asia Region,2017.0,JAPENC,Japanese encephalitis,2909.0
WHO_REGIONS,SEAR,South-East Asia Region,2017.0,MEASLES,Measles,28474.0
WHO_REGIONS,SEAR,South-East Asia Region,2017.0,MUMPS,Mumps,61783.0
WHO_REGIONS,SEAR,South-East Asia Region,2017.0,NTETANUS,Neonatal tetanus,443.0
WHO_REGIONS,SEAR,South-East Asia Region,2017.0,PERTUSSIS,Pertussis,33976.0
WHO_REGIONS,SEAR,South-East Asia Region,2017.0,POLIO,Poliomyelitis,0.0
WHO_REGIONS,SEAR,South-East Asia Region,2017.0,RUBELLA,Rubella,4386.0
WHO_REGIONS,SEAR,South-East Asia Region,2017.0,TTETANUS,Total tetanus,6829.0
WHO_REGIONS,SEAR,South-East Asia Region,2017.0,YFEVER,Yellow fever,0.0
WHO_REGIONS,SEAR,South-East Asia Region,2016.0,CRS,Congenital rubella syndrome,319.0
WHO_REGIONS,SEAR,South-East Asia Region,2016.0,DIPHTHERIA,Diphtheria,4016.0
WHO_REGIONS,SEAR,South-East Asia Region,2016.0,JAPENC,Japanese encephalitis,3500.0
WHO_REGIONS,SEAR,South-East Asia Region,2016.0,MEASLES,Measles,27530.0
WHO_REGIONS,SEAR,South-East Asia Region,2016.0,MUMPS,Mumps,31739.0
WHO_REGIONS,SEAR,South-East Asia Region,2016.0,NTETANUS,Neonatal tetanus,399.0
WHO_REGIONS,SEAR,South-East Asia Region,2016.0,PERTUSSIS,Pertussis,43141.0
WHO_REGIONS,SEAR,South-East Asia Region,2016.0,POLIO,Poliomyelitis,0.0
WHO_REGIONS,SEAR,South-East Asia Region,2016.0,RUBELLA,Rubella,10361.0
WHO_REGIONS,SEAR,South-East Asia Region,2016.0,TTETANUS,Total tetanus,5771.0
WHO_REGIONS,SEAR,South-East Asia Region,2016.0,YFEVER,Yellow fever,0.0
WHO_REGIONS,SEAR,South-East Asia Region,2015.0,CRS,Congenital rubella syndrome,183.0
WHO_REGIONS,SEAR,South-East Asia Region,2015.0,DIPHTHERIA,Diphtheria,2504.0
WHO_REGIONS,SEAR,South-East Asia Region,2015.0,JAPENC,Japanese encephalitis,2831.0
WHO_REGIONS,SEAR,South-East Asia Region,2015.0,MEASLES,Measles,48888.0
WHO_REGIONS,SEAR,South-East Asia Region,2015.0,MUMPS,Mumps,42937.0
WHO_REGIONS,SEAR,South-East Asia Region,2015.0,NTETANUS,Neonatal tetanus,983.0
WHO_REGIONS,SEAR,South-East Asia Region,2015.0,PERTUSSIS,Pertussis,29813.0
WHO_REGIONS,SEAR,South-East Asia Region,2015.0,POLIO,Poliomyelitis,2.0
WHO_REGIONS,SEAR,South-East Asia Region,2015.0,RUBELLA,Rubella,6515.0
WHO_REGIONS,SEAR,South-East Asia Region,2015.0,TTETANUS,Total tetanus,3806.0
WHO_REGIONS,SEAR,South-East Asia Region,2015.0,YFEVER,Yellow fever,0.0
WHO_REGIONS,SEAR,South-East Asia Region,2014.0,CRS,Congenital rubella syndrome,86.0
WHO_REGIONS,SEAR,South-East Asia Region,2014.0,DIPHTHERIA,Diphtheria,7666.0
WHO_REGIONS,SEAR,South-East Asia Region,2014.0,JAPENC,Japanese encephalitis,3320.0
WHO_REGIONS,SEAR,South-East Asia Region,2014.0,MEASLES,Measles,42899.0
WHO_REGIONS,SEAR,South-East Asia Region,2014.0,MUMPS,Mumps,38327.0
WHO_REGIONS,SEAR,South-East Asia Region,2014.0,NTETANUS,Neonatal tetanus,658.0
WHO_REGIONS,SEAR,South-East Asia Region,2014.0,PERTUSSIS,Pertussis,54953.0
WHO_REGIONS,SEAR,South-East Asia Region,2014.0,POLIO,Poliomyelitis,0.0
WHO_REGIONS,SEAR,South-East Asia Region,2014.0,RUBELLA,Rubella,9690.0
WHO_REGIONS,SEAR,South-East Asia Region,2014.0,TTETANUS,Total tetanus,7099.0
WHO_REGIONS,SEAR,South-East Asia Region,2014.0,YFEVER,Yellow fever,0.0
WHO_REGIONS,SEAR,South-East Asia Region,2013.0,CRS,Congenital rubella syndrome,23.0
WHO_REGIONS,SEAR,South-East Asia Region,2013.0,DIPHTHERIA,Diphtheria,4080.0
WHO_REGIONS,SEAR,South-East Asia Region,2013.0,JAPENC,Japanese encephalitis,1356.0
WHO_REGIONS,SEAR,South-East Asia Region,2013.0,MEASLES,Measles,24564.0
WHO_REGIONS,SEAR,South-East Asia Region,2013.0,MUMPS,Mumps,36352.0
WHO_REGIONS,SEAR,South-East Asia Region,2013.0,NTETANUS,Neonatal tetanus,721.0
WHO_REGIONS,SEAR,South-East Asia Region,2013.0,PERTUSSIS,Pertussis,37602.0
WHO_REGIONS,SEAR,South-East Asia Region,2013.0,POLIO,Poliomyelitis,0.0
WHO_REGIONS,SEAR,South-East Asia Region,2013.0,RUBELLA,Rubella,10434.0
WHO_REGIONS,SEAR,South-East Asia Region,2013.0,TTETANUS,Total tetanus,4153.0
WHO_REGIONS,SEAR,South-East Asia Region,2013.0,YFEVER,Yellow fever,0.0
WHO_REGIONS,SEAR,South-East Asia Region,2012.0,CRS,Congenital rubella syndrome,14.0
WHO_REGIONS,SEAR,South-East Asia Region,2012.0,DIPHTHERIA,Diphtheria,3953.0
WHO_REGIONS,SEAR,South-East Asia Region,2012.0,JAPENC,Japanese encephalitis,282.0
WHO_REGIONS,SEAR,South-East Asia Region,2012.0,MEASLES,Measles,31582.0
WHO_REGIONS,SEAR,South-East Asia Region,2012.0,MUMPS,Mumps,47086.0
WHO_REGIONS,SEAR,South-East Asia Region,2012.0,NTETANUS,Neonatal tetanus,872.0
WHO_REGIONS,SEAR,South-East Asia Region,2012.0,PERTUSSIS,Pertussis,45847.0
WHO_REGIONS,SEAR,South-East Asia Region,2012.0,POLIO,Poliomyelitis,0.0
WHO_REGIONS,SEAR,South-East Asia Region,2012.0,RUBELLA,Rubella,6877.0
WHO_REGIONS,SEAR,South-East Asia Region,2012.0,TTETANUS,Total tetanus,3681.0
WHO_REGIONS,SEAR,South-East Asia Region,2012.0,YFEVER,Yellow fever,0.0
WHO_REGIONS,SEAR,South-East Asia Region,2011.0,CRS,Congenital rubella syndrome,3.0
WHO_REGIONS,SEAR,South-East Asia Region,2011.0,DIPHTHERIA,Diphtheria,5179.0
WHO_REGIONS,SEAR,South-East Asia Region,2011.0,JAPENC,Japanese encephalitis,1548.0
WHO_REGIONS,SEAR,South-East Asia Region,2011.0,MEASLES,Measles,69546.0
WHO_REGIONS,SEAR,South-East Asia Region,2011.0,MUMPS,Mumps,50626.0
WHO_REGIONS,SEAR,South-East Asia Region,2011.0,NTETANUS,Neonatal tetanus,1076.0
WHO_REGIONS,SEAR,South-East Asia Region,2011.0,PERTUSSIS,Pertussis,42867.0
WHO_REGIONS,SEAR,South-East Asia Region,2011.0,POLIO,Poliomyelitis,1.0
WHO_REGIONS,SEAR,South-East Asia Region,2011.0,RUBELLA,Rubella,9810.0
WHO_REGIONS,SEAR,South-East Asia Region,2011.0,TTETANUS,Total tetanus,4201.0
WHO_REGIONS,SEAR,South-East Asia Region,2011.0,YFEVER,Yellow fever,0.0
WHO_REGIONS,SEAR,South-East Asia Region,2010.0,CRS,Congenital rubella syndrome,8.0
WHO_REGIONS,SEAR,South-East Asia Region,2010.0,DIPHTHERIA,Diphtheria,4120.0
WHO_REGIONS,SEAR,South-East Asia Region,2010.0,JAPENC,Japanese encephalitis,838.0
WHO_REGIONS,SEAR,South-East Asia Region,2010.0,MEASLES,Measles,54228.0
WHO_REGIONS,SEAR,South-East Asia Region,2010.0,MUMPS,Mumps,46072.0
WHO_REGIONS,SEAR,South-East Asia Region,2010.0,NTETANUS,Neonatal tetanus,828.0
WHO_REGIONS,SEAR,South-East Asia Region,2010.0,PERTUSSIS,Pertussis,42826.0
WHO_REGIONS,SEAR,South-East Asia Region,2010.0,POLIO,Poliomyelitis,50.0
WHO_REGIONS,SEAR,South-East Asia Region,2010.0,RUBELLA,Rubella,15275.0
WHO_REGIONS,SEAR,South-East Asia Region,2010.0,TTETANUS,Total tetanus,3402.0
WHO_REGIONS,SEAR,South-East Asia Region,2010.0,YFEVER,Yellow fever,0.0
WHO_REGIONS,SEAR,South-East Asia Region,2009.0,CRS,Congenital rubella syndrome,3.0
WHO_REGIONS,SEAR,South-East Asia Region,2009.0,DIPHTHERIA,Diphtheria,4049.0
WHO_REGIONS,SEAR,South-East Asia Region,2009.0,JAPENC,Japanese encephalitis,943.0
WHO_REGIONS,SEAR,South-East Asia Region,2009.0,MEASLES,Measles,84356.0
WHO_REGIONS,SEAR,South-East Asia Region,2009.0,MUMPS,Mumps,49012.0
WHO_REGIONS,SEAR,South-East Asia Region,2009.0,NTETANUS,Neonatal tetanus,1232.0
WHO_REGIONS,SEAR,South-East Asia Region,2009.0,PERTUSSIS,Pertussis,63798.0
WHO_REGIONS,SEAR,South-East Asia Region,2009.0,POLIO,Poliomyelitis,756.0
WHO_REGIONS,SEAR,South-East Asia Region,2009.0,RUBELLA,Rubella,17208.0
WHO_REGIONS,SEAR,South-East Asia Region,2009.0,TTETANUS,Total tetanus,3829.0
WHO_REGIONS,SEAR,South-East Asia Region,2009.0,YFEVER,Yellow fever,0.0
WHO_REGIONS,SEAR,South-East Asia Region,2008.0,CRS,Congenital rubella syndrome,0.0
WHO_REGIONS,SEAR,South-East Asia Region,2008.0,DIPHTHERIA,Diphtheria,4399.0
WHO_REGIONS,SEAR,South-East Asia Region,2008.0,JAPENC,Japanese encephalitis,1769.0
WHO_REGIONS,SEAR,South-East Asia Region,2008.0,MEASLES,Measles,72547.0
WHO_REGIONS,SEAR,South-East Asia Region,2008.0,MUMPS,Mumps,14820.0
WHO_REGIONS,SEAR,South-East Asia Region,2008.0,NTETANUS,Neonatal tetanus,1294.0
WHO_REGIONS,SEAR,South-East Asia Region,2008.0,PERTUSSIS,Pertussis,46452.0
WHO_REGIONS,SEAR,South-East Asia Region,2008.0,POLIO,Poliomyelitis,565.0
WHO_REGIONS,SEAR,South-East Asia Region,2008.0,RUBELLA,Rubella,7436.0
WHO_REGIONS,SEAR,South-East Asia Region,2008.0,TTETANUS,Total tetanus,4687.0
WHO_REGIONS,SEAR,South-East Asia Region,2008.0,YFEVER,Yellow fever,0.0
WHO_REGIONS,SEAR,South-East Asia Region,2007.0,CRS,Congenital rubella syndrome,0.0
WHO_REGIONS,SEAR,South-East Asia Region,2007.0,DIPHTHERIA,Diphtheria,4133.0
WHO_REGIONS,SEAR,South-East Asia Region,2007.0,JAPENC,Japanese encephalitis,4772.0
WHO_REGIONS,SEAR,South-East Asia Region,2007.0,MEASLES,Measles,73545.0
WHO_REGIONS,SEAR,South-East Asia Region,2007.0,MUMPS,Mumps,10969.0
WHO_REGIONS,SEAR,South-East Asia Region,2007.0,NTETANUS,Neonatal tetanus,1512.0
WHO_REGIONS,SEAR,South-East Asia Region,2007.0,PERTUSSIS,Pertussis,48926.0
WHO_REGIONS,SEAR,South-East Asia Region,2007.0,POLIO,Poliomyelitis,894.0
WHO_REGIONS,SEAR,South-East Asia Region,2007.0,RUBELLA,Rubella,14073.0
WHO_REGIONS,SEAR,South-East Asia Region,2007.0,TTETANUS,Total tetanus,9266.0
WHO_REGIONS,SEAR,South-East Asia Region,2007.0,YFEVER,Yellow fever,0.0
WHO_REGIONS,SEAR,South-East Asia Region,2006.0,CRS,Congenital rubella syndrome,2.0
WHO_REGIONS,SEAR,South-East Asia Region,2006.0,DIPHTHERIA,Diphtheria,3377.0
WHO_REGIONS,SEAR,South-East Asia Region,2006.0,JAPENC,Japanese encephalitis,368.0
WHO_REGIONS,SEAR,South-East Asia Region,2006.0,MEASLES,Measles,98124.0
WHO_REGIONS,SEAR,South-East Asia Region,2006.0,MUMPS,Mumps,13363.0
WHO_REGIONS,SEAR,South-East Asia Region,2006.0,NTETANUS,Neonatal tetanus,1097.0
WHO_REGIONS,SEAR,South-East Asia Region,2006.0,PERTUSSIS,Pertussis,35103.0
WHO_REGIONS,SEAR,South-East Asia Region,2006.0,POLIO,Poliomyelitis,702.0
WHO_REGIONS,SEAR,South-East Asia Region,2006.0,RUBELLA,Rubella,4135.0
WHO_REGIONS,SEAR,South-East Asia Region,2006.0,TTETANUS,Total tetanus,5015.0
WHO_REGIONS,SEAR,South-East Asia Region,2006.0,YFEVER,Yellow fever,0.0
WHO_REGIONS,SEAR,South-East Asia Region,2005.0,CRS,Congenital rubella syndrome,0.0
WHO_REGIONS,SEAR,South-East Asia Region,2005.0,DIPHTHERIA,Diphtheria,6502.0
WHO_REGIONS,SEAR,South-East Asia Region,2005.0,JAPENC,Japanese encephalitis,78.0
WHO_REGIONS,SEAR,South-East Asia Region,2005.0,MEASLES,Measles,88973.0
WHO_REGIONS,SEAR,South-East Asia Region,2005.0,MUMPS,Mumps,14532.0
WHO_REGIONS,SEAR,South-East Asia Region,2005.0,NTETANUS,Neonatal tetanus,1374.0
WHO_REGIONS,SEAR,South-East Asia Region,2005.0,PERTUSSIS,Pertussis,42842.0
WHO_REGIONS,SEAR,South-East Asia Region,2005.0,POLIO,Poliomyelitis,419.0
WHO_REGIONS,SEAR,South-East Asia Region,2005.0,RUBELLA,Rubella,9834.0
WHO_REGIONS,SEAR,South-East Asia Region,2005.0,TTETANUS,Total tetanus,6773.0
WHO_REGIONS,SEAR,South-East Asia Region,2005.0,YFEVER,Yellow fever,0.0
WHO_REGIONS,SEAR,South-East Asia Region,2004.0,CRS,Congenital rubella syndrome,20.0
WHO_REGIONS,SEAR,South-East Asia Region,2004.0,DIPHTHERIA,Diphtheria,8874.0
WHO_REGIONS,SEAR,South-East Asia Region,2004.0,JAPENC,Japanese encephalitis,39.0
WHO_REGIONS,SEAR,South-East Asia Region,2004.0,MEASLES,Measles,112041.0
WHO_REGIONS,SEAR,South-East Asia Region,2004.0,MUMPS,Mumps,12861.0
WHO_REGIONS,SEAR,South-East Asia Region,2004.0,NTETANUS,Neonatal tetanus,2229.0
WHO_REGIONS,SEAR,South-East Asia Region,2004.0,PERTUSSIS,Pertussis,40277.0
WHO_REGIONS,SEAR,South-East Asia Region,2004.0,POLIO,Poliomyelitis,134.0
WHO_REGIONS,SEAR,South-East Asia Region,2004.0,RUBELLA,Rubella,1231.0
WHO_REGIONS,SEAR,South-East Asia Region,2004.0,TTETANUS,Total tetanus,7008.0
WHO_REGIONS,SEAR,South-East Asia Region,2004.0,YFEVER,Yellow fever,0.0
WHO_REGIONS,SEAR,South-East Asia Region,2003.0,CRS,Congenital rubella syndrome,61.0
WHO_REGIONS,SEAR,South-East Asia Region,2003.0,DIPHTHERIA,Diphtheria,4919.0
WHO_REGIONS,SEAR,South-East Asia Region,2003.0,JAPENC,Japanese encephalitis,37.0
WHO_REGIONS,SEAR,South-East Asia Region,2003.0,MEASLES,Measles,94598.0
WHO_REGIONS,SEAR,South-East Asia Region,2003.0,MUMPS,Mumps,13779.0
WHO_REGIONS,SEAR,South-East Asia Region,2003.0,NTETANUS,Neonatal tetanus,2393.0
WHO_REGIONS,SEAR,South-East Asia Region,2003.0,PERTUSSIS,Pertussis,44338.0
WHO_REGIONS,SEAR,South-East Asia Region,2003.0,POLIO,Poliomyelitis,225.0
WHO_REGIONS,SEAR,South-East Asia Region,2003.0,RUBELLA,Rubella,1475.0
WHO_REGIONS,SEAR,South-East Asia Region,2003.0,TTETANUS,Total tetanus,7112.0
WHO_REGIONS,SEAR,South-East Asia Region,2003.0,YFEVER,Yellow fever,0.0
WHO_REGIONS,SEAR,South-East Asia Region,2002.0,CRS,Congenital rubella syndrome,8.0
WHO_REGIONS,SEAR,South-East Asia Region,2002.0,DIPHTHERIA,Diphtheria,5596.0
WHO_REGIONS,SEAR,South-East Asia Region,2002.0,JAPENC,Japanese encephalitis,49.0
WHO_REGIONS,SEAR,South-East Asia Region,2002.0,MEASLES,Measles,76912.0
WHO_REGIONS,SEAR,South-East Asia Region,2002.0,MUMPS,Mumps,13563.0
WHO_REGIONS,SEAR,South-East Asia Region,2002.0,NTETANUS,Neonatal tetanus,2155.0
WHO_REGIONS,SEAR,South-East Asia Region,2002.0,PERTUSSIS,Pertussis,41851.0
WHO_REGIONS,SEAR,South-East Asia Region,2002.0,POLIO,Poliomyelitis,1600.0
WHO_REGIONS,SEAR,South-East Asia Region,2002.0,RUBELLA,Rubella,1187.0
WHO_REGIONS,SEAR,South-East Asia Region,2002.0,TTETANUS,Total tetanus,14160.0
WHO_REGIONS,SEAR,South-East Asia Region,2002.0,YFEVER,Yellow fever,0.0
WHO_REGIONS,SEAR,South-East Asia Region,2001.0,CRS,Congenital rubella syndrome,13.0
WHO_REGIONS,SEAR,South-East Asia Region,2001.0,DIPHTHERIA,Diphtheria,6045.0
WHO_REGIONS,SEAR,South-East Asia Region,2001.0,MEASLES,Measles,81771.0
WHO_REGIONS,SEAR,South-East Asia Region,2001.0,MUMPS,Mumps,14994.0
WHO_REGIONS,SEAR,South-East Asia Region,2001.0,NTETANUS,Neonatal tetanus,2577.0
WHO_REGIONS,SEAR,South-East Asia Region,2001.0,PERTUSSIS,Pertussis,41863.0
WHO_REGIONS,SEAR,South-East Asia Region,2001.0,POLIO,Poliomyelitis,268.0
WHO_REGIONS,SEAR,South-East Asia Region,2001.0,RUBELLA,Rubella,983.0
WHO_REGIONS,SEAR,South-East Asia Region,2001.0,TTETANUS,Total tetanus,7722.0
WHO_REGIONS,SEAR,South-East Asia Region,2001.0,YFEVER,Yellow fever,0.0
WHO_REGIONS,SEAR,South-East Asia Region,2000.0,CRS,Congenital rubella syndrome,26.0
WHO_REGIONS,SEAR,South-East Asia Region,2000.0,DIPHTHERIA,Diphtheria,5470.0
WHO_REGIONS,SEAR,South-East Asia Region,2000.0,MEASLES,Measles,78558.0
WHO_REGIONS,SEAR,South-East Asia Region,2000.0,MUMPS,Mumps,9395.0
WHO_REGIONS,SEAR,South-East Asia Region,2000.0,NTETANUS,Neonatal tetanus,4322.0
WHO_REGIONS,SEAR,South-East Asia Region,2000.0,PERTUSSIS,Pertussis,38510.0
WHO_REGIONS,SEAR,South-East Asia Region,2000.0,POLIO,Poliomyelitis,591.0
WHO_REGIONS,SEAR,South-East Asia Region,2000.0,RUBELLA,Rubella,1165.0
WHO_REGIONS,SEAR,South-East Asia Region,2000.0,TTETANUS,Total tetanus,11554.0
WHO_REGIONS,SEAR,South-East Asia Region,2000.0,YFEVER,Yellow fever,0.0
WHO_REGIONS,SEAR,South-East Asia Region,1999.0,CRS,Congenital rubella syndrome,19.0
WHO_REGIONS,SEAR,South-East Asia Region,1999.0,DIPHTHERIA,Diphtheria,2170.0
WHO_REGIONS,SEAR,South-East Asia Region,1999.0,MEASLES,Measles,47741.0
WHO_REGIONS,SEAR,South-East Asia Region,1999.0,MUMPS,Mumps,34250.0
WHO_REGIONS,SEAR,South-East Asia Region,1999.0,NTETANUS,Neonatal tetanus,1311.0
WHO_REGIONS,SEAR,South-East Asia Region,1999.0,PERTUSSIS,Pertussis,12776.0
WHO_REGIONS,SEAR,South-East Asia Region,1999.0,POLIO,Poliomyelitis,3365.0
WHO_REGIONS,SEAR,South-East Asia Region,1999.0,RUBELLA,Rubella,5093.0
WHO_REGIONS,SEAR,South-East Asia Region,1999.0,TTETANUS,Total tetanus,6444.0
WHO_REGIONS,SEAR,South-East Asia Region,1999.0,YFEVER,Yellow fever,0.0
WHO_REGIONS,SEAR,South-East Asia Region,1998.0,DIPHTHERIA,Diphtheria,2091.0
WHO_REGIONS,SEAR,South-East Asia Region,1998.0,MEASLES,Measles,62759.0
WHO_REGIONS,SEAR,South-East Asia Region,1998.0,NTETANUS,Neonatal tetanus,3324.0
WHO_REGIONS,SEAR,South-East Asia Region,1998.0,PERTUSSIS,Pertussis,46666.0
WHO_REGIONS,SEAR,South-East Asia Region,1998.0,POLIO,Poliomyelitis,4775.0
WHO_REGIONS,SEAR,South-East Asia Region,1998.0,TTETANUS,Total tetanus,9648.0
WHO_REGIONS,SEAR,South-East Asia Region,1998.0,YFEVER,Yellow fever,0.0
WHO_REGIONS,SEAR,South-East Asia Region,1997.0,DIPHTHERIA,Diphtheria,6549.0
WHO_REGIONS,SEAR,South-East Asia Region,1997.0,MEASLES,Measles,115844.0
WHO_REGIONS,SEAR,South-East Asia Region,1997.0,NTETANUS,Neonatal tetanus,4761.0
WHO_REGIONS,SEAR,South-East Asia Region,1997.0,PERTUSSIS,Pertussis,41940.0
WHO_REGIONS,SEAR,South-East Asia Region,1997.0,POLIO,Poliomyelitis,2827.0
WHO_REGIONS,SEAR,South-East Asia Region,1997.0,TTETANUS,Total tetanus,13269.0
WHO_REGIONS,SEAR,South-East Asia Region,1996.0,DIPHTHERIA,Diphtheria,4671.0
WHO_REGIONS,SEAR,South-East Asia Region,1996.0,MEASLES,Measles,102205.0
WHO_REGIONS,SEAR,South-East Asia Region,1996.0,NTETANUS,Neonatal tetanus,3223.0
WHO_REGIONS,SEAR,South-East Asia Region,1996.0,PERTUSSIS,Pertussis,22479.0
WHO_REGIONS,SEAR,South-East Asia Region,1996.0,POLIO,Poliomyelitis,1203.0
WHO_REGIONS,SEAR,South-East Asia Region,1996.0,TTETANUS,Total tetanus,632.0
WHO_REGIONS,SEAR,South-East Asia Region,1995.0,DIPHTHERIA,Diphtheria,5087.0
WHO_REGIONS,SEAR,South-East Asia Region,1995.0,MEASLES,Measles,100900.0
WHO_REGIONS,SEAR,South-East Asia Region,1995.0,NTETANUS,Neonatal tetanus,3915.0
WHO_REGIONS,SEAR,South-East Asia Region,1995.0,PERTUSSIS,Pertussis,27487.0
WHO_REGIONS,SEAR,South-East Asia Region,1995.0,POLIO,Poliomyelitis,3360.0
WHO_REGIONS,SEAR,South-East Asia Region,1995.0,TTETANUS,Total tetanus,3532.0
WHO_REGIONS,SEAR,South-East Asia Region,1994.0,DIPHTHERIA,Diphtheria,3501.0
WHO_REGIONS,SEAR,South-East Asia Region,1994.0,MEASLES,Measles,152106.0
WHO_REGIONS,SEAR,South-East Asia Region,1994.0,NTETANUS,Neonatal tetanus,3959.0
WHO_REGIONS,SEAR,South-East Asia Region,1994.0,PERTUSSIS,Pertussis,53728.0
WHO_REGIONS,SEAR,South-East Asia Region,1994.0,POLIO,Poliomyelitis,5120.0
WHO_REGIONS,SEAR,South-East Asia Region,1994.0,TTETANUS,Total tetanus,36578.0
WHO_REGIONS,SEAR,South-East Asia Region,1993.0,DIPHTHERIA,Diphtheria,7835.0
WHO_REGIONS,SEAR,South-East Asia Region,1993.0,MEASLES,Measles,141301.0
WHO_REGIONS,SEAR,South-East Asia Region,1993.0,NTETANUS,Neonatal tetanus,6015.0
WHO_REGIONS,SEAR,South-East Asia Region,1993.0,PERTUSSIS,Pertussis,66939.0
WHO_REGIONS,SEAR,South-East Asia Region,1993.0,POLIO,Poliomyelitis,4556.0
WHO_REGIONS,SEAR,South-East Asia Region,1993.0,TTETANUS,Total tetanus,24771.0
WHO_REGIONS,SEAR,South-East Asia Region,1992.0,DIPHTHERIA,Diphtheria,9213.0
WHO_REGIONS,SEAR,South-East Asia Region,1992.0,MEASLES,Measles,168772.0
WHO_REGIONS,SEAR,South-East Asia Region,1992.0,NTETANUS,Neonatal tetanus,5616.0
WHO_REGIONS,SEAR,South-East Asia Region,1992.0,PERTUSSIS,Pertussis,90697.0
WHO_REGIONS,SEAR,South-East Asia Region,1992.0,POLIO,Poliomyelitis,9754.0
WHO_REGIONS,SEAR,South-East Asia Region,1992.0,TTETANUS,Total tetanus,22575.0
WHO_REGIONS,SEAR,South-East Asia Region,1991.0,DIPHTHERIA,Diphtheria,14877.0
WHO_REGIONS,SEAR,South-East Asia Region,1991.0,MEASLES,Measles,211085.0
WHO_REGIONS,SEAR,South-East Asia Region,1991.0,NTETANUS,Neonatal tetanus,12837.0
WHO_REGIONS,SEAR,South-East Asia Region,1991.0,PERTUSSIS,Pertussis,107084.0
WHO_REGIONS,SEAR,South-East Asia Region,1991.0,POLIO,Poliomyelitis,6470.0
WHO_REGIONS,SEAR,South-East Asia Region,1991.0,TTETANUS,Total tetanus,24341.0
WHO_REGIONS,SEAR,South-East Asia Region,1990.0,DIPHTHERIA,Diphtheria,11582.0
WHO_REGIONS,SEAR,South-East Asia Region,1990.0,MEASLES,Measles,224925.0
WHO_REGIONS,SEAR,South-East Asia Region,1990.0,NTETANUS,Neonatal tetanus,11725.0
WHO_REGIONS,SEAR,South-East Asia Region,1990.0,PERTUSSIS,Pertussis,156028.0
WHO_REGIONS,SEAR,South-East Asia Region,1990.0,POLIO,Poliomyelitis,11313.0
WHO_REGIONS,SEAR,South-East Asia Region,1990.0,TTETANUS,Total tetanus,35452.0
WHO_REGIONS,SEAR,South-East Asia Region,1989.0,DIPHTHERIA,Diphtheria,14313.0
WHO_REGIONS,SEAR,South-East Asia Region,1989.0,MEASLES,Measles,443014.0
WHO_REGIONS,SEAR,South-East Asia Region,1989.0,NTETANUS,Neonatal tetanus,14082.0
WHO_REGIONS,SEAR,South-East Asia Region,1989.0,PERTUSSIS,Pertussis,275730.0
WHO_REGIONS,SEAR,South-East Asia Region,1989.0,POLIO,Poliomyelitis,15078.0
WHO_REGIONS,SEAR,South-East Asia Region,1989.0,TTETANUS,Total tetanus,42249.0
WHO_REGIONS,SEAR,South-East Asia Region,1988.0,DIPHTHERIA,Diphtheria,19625.0
WHO_REGIONS,SEAR,South-East Asia Region,1988.0,MEASLES,Measles,292916.0
WHO_REGIONS,SEAR,South-East Asia Region,1988.0,NTETANUS,Neonatal tetanus,14406.0
WHO_REGIONS,SEAR,South-East Asia Region,1988.0,PERTUSSIS,Pertussis,194901.0
WHO_REGIONS,SEAR,South-East Asia Region,1988.0,POLIO,Poliomyelitis,25253.0
WHO_REGIONS,SEAR,South-East Asia Region,1988.0,TTETANUS,Total tetanus,34483.0
WHO_REGIONS,SEAR,South-East Asia Region,1987.0,DIPHTHERIA,Diphtheria,14111.0
WHO_REGIONS,SEAR,South-East Asia Region,1987.0,MEASLES,Measles,319049.0
WHO_REGIONS,SEAR,South-East Asia Region,1987.0,NTETANUS,Neonatal tetanus,699.0
WHO_REGIONS,SEAR,South-East Asia Region,1987.0,PERTUSSIS,Pertussis,206097.0
WHO_REGIONS,SEAR,South-East Asia Region,1987.0,POLIO,Poliomyelitis,29756.0
WHO_REGIONS,SEAR,South-East Asia Region,1987.0,TTETANUS,Total tetanus,35332.0
WHO_REGIONS,SEAR,South-East Asia Region,1986.0,DIPHTHERIA,Diphtheria,12290.0
WHO_REGIONS,SEAR,South-East Asia Region,1986.0,MEASLES,Measles,201190.0
WHO_REGIONS,SEAR,South-East Asia Region,1986.0,NTETANUS,Neonatal tetanus,1252.0
WHO_REGIONS,SEAR,South-East Asia Region,1986.0,PERTUSSIS,Pertussis,212265.0
WHO_REGIONS,SEAR,South-East Asia Region,1986.0,POLIO,Poliomyelitis,20542.0
WHO_REGIONS,SEAR,South-East Asia Region,1986.0,TTETANUS,Total tetanus,40411.0
WHO_REGIONS,SEAR,South-East Asia Region,1985.0,DIPHTHERIA,Diphtheria,19250.0
WHO_REGIONS,SEAR,South-East Asia Region,1985.0,MEASLES,Measles,244113.0
WHO_REGIONS,SEAR,South-East Asia Region,1985.0,NTETANUS,Neonatal tetanus,1481.0
WHO_REGIONS,SEAR,South-East Asia Region,1985.0,PERTUSSIS,Pertussis,224541.0
WHO_REGIONS,SEAR,South-East Asia Region,1985.0,POLIO,Poliomyelitis,22964.0
WHO_REGIONS,SEAR,South-East Asia Region,1985.0,TTETANUS,Total tetanus,47038.0
WHO_REGIONS,SEAR,South-East Asia Region,1984.0,DIPHTHERIA,Diphtheria,22762.0
WHO_REGIONS,SEAR,South-East Asia Region,1984.0,MEASLES,Measles,302042.0
WHO_REGIONS,SEAR,South-East Asia Region,1984.0,NTETANUS,Neonatal tetanus,3159.0
WHO_REGIONS,SEAR,South-East Asia Region,1984.0,PERTUSSIS,Pertussis,219102.0
WHO_REGIONS,SEAR,South-East Asia Region,1984.0,POLIO,Poliomyelitis,23708.0
WHO_REGIONS,SEAR,South-East Asia Region,1984.0,TTETANUS,Total tetanus,43018.0
WHO_REGIONS,SEAR,South-East Asia Region,1983.0,DIPHTHERIA,Diphtheria,20463.0
WHO_REGIONS,SEAR,South-East Asia Region,1983.0,MEASLES,Measles,208154.0
WHO_REGIONS,SEAR,South-East Asia Region,1983.0,NTETANUS,Neonatal tetanus,1410.0
WHO_REGIONS,SEAR,South-East Asia Region,1983.0,PERTUSSIS,Pertussis,267531.0
WHO_REGIONS,SEAR,South-East Asia Region,1983.0,POLIO,Poliomyelitis,25330.0
WHO_REGIONS,SEAR,South-East Asia Region,1983.0,TTETANUS,Total tetanus,50325.0
WHO_REGIONS,SEAR,South-East Asia Region,1982.0,DIPHTHERIA,Diphtheria,24376.0
WHO_REGIONS,SEAR,South-East Asia Region,1982.0,MEASLES,Measles,258666.0
WHO_REGIONS,SEAR,South-East Asia Region,1982.0,NTETANUS,Neonatal tetanus,2304.0
WHO_REGIONS,SEAR,South-East Asia Region,1982.0,PERTUSSIS,Pertussis,388258.0
WHO_REGIONS,SEAR,South-East Asia Region,1982.0,POLIO,Poliomyelitis,27564.0
WHO_REGIONS,SEAR,South-East Asia Region,1982.0,TTETANUS,Total tetanus,58143.0
WHO_REGIONS,SEAR,South-East Asia Region,1981.0,DIPHTHERIA,Diphtheria,33011.0
WHO_REGIONS,SEAR,South-East Asia Region,1981.0,MEASLES,Measles,305787.0
WHO_REGIONS,SEAR,South-East Asia Region,1981.0,NTETANUS,Neonatal tetanus,2539.0
WHO_REGIONS,SEAR,South-East Asia Region,1981.0,PERTUSSIS,Pertussis,436575.0
WHO_REGIONS,SEAR,South-East Asia Region,1981.0,POLIO,Poliomyelitis,39936.0
WHO_REGIONS,SEAR,South-East Asia Region,1981.0,TTETANUS,Total tetanus,55084.0
WHO_REGIONS,SEAR,South-East Asia Region,1980.0,DIPHTHERIA,Diphtheria,47354.0
WHO_REGIONS,SEAR,South-East Asia Region,1980.0,MEASLES,Measles,199535.0
WHO_REGIONS,SEAR,South-East Asia Region,1980.0,NTETANUS,Neonatal tetanus,3149.0
WHO_REGIONS,SEAR,South-East Asia Region,1980.0,PERTUSSIS,Pertussis,399310.0
WHO_REGIONS,SEAR,South-East Asia Region,1980.0,POLIO,Poliomyelitis,20089.0
WHO_REGIONS,SEAR,South-East Asia Region,1980.0,TTETANUS,Total tetanus,62176.0
WHO_REGIONS,WPR,Western Pacific Region,2023.0,CRS,Congenital rubella syndrome,18.0
WHO_REGIONS,WPR,Western Pacific Region,2023.0,DIPHTHERIA,Diphtheria,380.0
WHO_REGIONS,WPR,Western Pacific Region,2023.0,INVASIVE_MENING,Invasive meningococcal disease,183.0
WHO_REGIONS,WPR,Western Pacific Region,2023.0,JAPENC,Japanese encephalitis,543.0
WHO_REGIONS,WPR,Western Pacific Region,2023.0,MEASLES,Measles,5630.0
WHO_REGIONS,WPR,Western Pacific Region,2023.0,MUMPS,Mumps,8166.0
WHO_REGIONS,WPR,Western Pacific Region,2023.0,NTETANUS,Neonatal tetanus,218.0
WHO_REGIONS,WPR,Western Pacific Region,2023.0,PERTUSSIS,Pertussis,47243.0
WHO_REGIONS,WPR,Western Pacific Region,2023.0,RUBELLA,Rubella,853.0
WHO_REGIONS,WPR,Western Pacific Region,2023.0,TTETANUS,Total tetanus,1719.0
WHO_REGIONS,WPR,Western Pacific Region,2023.0,TYPHOID,Typhoid,26393.0
WHO_REGIONS,WPR,Western Pacific Region,2023.0,YFEVER,Yellow fever,0.0
WHO_REGIONS,WPR,Western Pacific Region,2022.0,CRS,Congenital rubella syndrome,33.0
WHO_REGIONS,WPR,Western Pacific Region,2022.0,DIPHTHERIA,Diphtheria,132.0
WHO_REGIONS,WPR,Western Pacific Region,2022.0,INVASIVE_MENING,Invasive meningococcal disease,259.0
WHO_REGIONS,WPR,Western Pacific Region,2022.0,JAPENC,Japanese encephalitis,431.0
WHO_REGIONS,WPR,Western Pacific Region,2022.0,MEASLES,Measles,1442.0
WHO_REGIONS,WPR,Western Pacific Region,2022.0,MUMPS,Mumps,110475.0
WHO_REGIONS,WPR,Western Pacific Region,2022.0,NTETANUS,Neonatal tetanus,153.0
WHO_REGIONS,WPR,Western Pacific Region,2022.0,PERTUSSIS,Pertussis,38978.0
WHO_REGIONS,WPR,Western Pacific Region,2022.0,POLIO,Poliomyelitis,0.0
WHO_REGIONS,WPR,Western Pacific Region,2022.0,RUBELLA,Rubella,1006.0
WHO_REGIONS,WPR,Western Pacific Region,2022.0,TTETANUS,Total tetanus,1133.0
WHO_REGIONS,WPR,Western Pacific Region,2022.0,TYPHOID,Typhoid,2985.0
WHO_REGIONS,WPR,Western Pacific Region,2022.0,YFEVER,Yellow fever,0.0
WHO_REGIONS,WPR,Western Pacific Region,2021.0,CRS,Congenital rubella syndrome,13.0
WHO_REGIONS,WPR,Western Pacific Region,2021.0,DIPHTHERIA,Diphtheria,55.0
WHO_REGIONS,WPR,Western Pacific Region,2021.0,INVASIVE_MENING,Invasive meningococcal disease,433.0
WHO_REGIONS,WPR,Western Pacific Region,2021.0,JAPENC,Japanese encephalitis,370.0
WHO_REGIONS,WPR,Western Pacific Region,2021.0,MEASLES,Measles,1064.0
WHO_REGIONS,WPR,Western Pacific Region,2021.0,MUMPS,Mumps,136408.0
WHO_REGIONS,WPR,Western Pacific Region,2021.0,NTETANUS,Neonatal tetanus,106.0
WHO_REGIONS,WPR,Western Pacific Region,2021.0,PERTUSSIS,Pertussis,11140.0
WHO_REGIONS,WPR,Western Pacific Region,2021.0,POLIO,Poliomyelitis,0.0
WHO_REGIONS,WPR,Western Pacific Region,2021.0,RUBELLA,Rubella,1043.0
WHO_REGIONS,WPR,Western Pacific Region,2021.0,TTETANUS,Total tetanus,985.0
WHO_REGIONS,WPR,Western Pacific Region,2021.0,TYPHOID,Typhoid,839.0
WHO_REGIONS,WPR,Western Pacific Region,2021.0,YFEVER,Yellow fever,0.0
WHO_REGIONS,WPR,Western Pacific Region,2020.0,CRS,Congenital rubella syndrome,14.0
WHO_REGIONS,WPR,Western Pacific Region,2020.0,DIPHTHERIA,Diphtheria,338.0
WHO_REGIONS,WPR,Western Pacific Region,2020.0,INVASIVE_MENING,Invasive meningococcal disease,928.0
WHO_REGIONS,WPR,Western Pacific Region,2020.0,JAPENC,Japanese encephalitis,626.0
WHO_REGIONS,WPR,Western Pacific Region,2020.0,MEASLES,Measles,6605.0
WHO_REGIONS,WPR,Western Pacific Region,2020.0,MUMPS,Mumps,147444.0
WHO_REGIONS,WPR,Western Pacific Region,2020.0,NTETANUS,Neonatal tetanus,135.0
WHO_REGIONS,WPR,Western Pacific Region,2020.0,PERTUSSIS,Pertussis,11563.0
WHO_REGIONS,WPR,Western Pacific Region,2020.0,POLIO,Poliomyelitis,2.0
WHO_REGIONS,WPR,Western Pacific Region,2020.0,RUBELLA,Rubella,2989.0
WHO_REGIONS,WPR,Western Pacific Region,2020.0,TTETANUS,Total tetanus,1220.0
WHO_REGIONS,WPR,Western Pacific Region,2020.0,TYPHOID,Typhoid,671.0
WHO_REGIONS,WPR,Western Pacific Region,2020.0,YFEVER,Yellow fever,0.0
WHO_REGIONS,WPR,Western Pacific Region,2019.0,CRS,Congenital rubella syndrome,22.0
WHO_REGIONS,WPR,Western Pacific Region,2019.0,DIPHTHERIA,Diphtheria,371.0
WHO_REGIONS,WPR,Western Pacific Region,2019.0,JAPENC,Japanese encephalitis,899.0
WHO_REGIONS,WPR,Western Pacific Region,2019.0,MEASLES,Measles,78479.0
WHO_REGIONS,WPR,Western Pacific Region,2019.0,MUMPS,Mumps,33629.0
WHO_REGIONS,WPR,Western Pacific Region,2019.0,NTETANUS,Neonatal tetanus,243.0
WHO_REGIONS,WPR,Western Pacific Region,2019.0,PERTUSSIS,Pertussis,63483.0
WHO_REGIONS,WPR,Western Pacific Region,2019.0,POLIO,Poliomyelitis,18.0
WHO_REGIONS,WPR,Western Pacific Region,2019.0,RUBELLA,Rubella,35316.0
WHO_REGIONS,WPR,Western Pacific Region,2019.0,TTETANUS,Total tetanus,1625.0
WHO_REGIONS,WPR,Western Pacific Region,2019.0,TYPHOID,Typhoid,1970.0
WHO_REGIONS,WPR,Western Pacific Region,2019.0,YFEVER,Yellow fever,0.0
WHO_REGIONS,WPR,Western Pacific Region,2018.0,CRS,Congenital rubella syndrome,36.0
WHO_REGIONS,WPR,Western Pacific Region,2018.0,DIPHTHERIA,Diphtheria,226.0
WHO_REGIONS,WPR,Western Pacific Region,2018.0,JAPENC,Japanese encephalitis,2367.0
WHO_REGIONS,WPR,Western Pacific Region,2018.0,MEASLES,Measles,29503.0
WHO_REGIONS,WPR,Western Pacific Region,2018.0,MUMPS,Mumps,303978.0
WHO_REGIONS,WPR,Western Pacific Region,2018.0,NTETANUS,Neonatal tetanus,230.0
WHO_REGIONS,WPR,Western Pacific Region,2018.0,PERTUSSIS,Pertussis,53322.0
WHO_REGIONS,WPR,Western Pacific Region,2018.0,POLIO,Poliomyelitis,26.0
WHO_REGIONS,WPR,Western Pacific Region,2018.0,RUBELLA,Rubella,7285.0
WHO_REGIONS,WPR,Western Pacific Region,2018.0,TTETANUS,Total tetanus,1611.0
WHO_REGIONS,WPR,Western Pacific Region,2018.0,TYPHOID,Typhoid,1171.0
WHO_REGIONS,WPR,Western Pacific Region,2018.0,YFEVER,Yellow fever,0.0
WHO_REGIONS,WPR,Western Pacific Region,2017.0,CRS,Congenital rubella syndrome,22.0
WHO_REGIONS,WPR,Western Pacific Region,2017.0,DIPHTHERIA,Diphtheria,141.0
WHO_REGIONS,WPR,Western Pacific Region,2017.0,JAPENC,Japanese encephalitis,1756.0
WHO_REGIONS,WPR,Western Pacific Region,2017.0,MEASLES,Measles,10695.0
WHO_REGIONS,WPR,Western Pacific Region,2017.0,MUMPS,Mumps,334654.0
WHO_REGIONS,WPR,Western Pacific Region,2017.0,NTETANUS,Neonatal tetanus,274.0
WHO_REGIONS,WPR,Western Pacific Region,2017.0,PERTUSSIS,Pertussis,27624.0
WHO_REGIONS,WPR,Western Pacific Region,2017.0,POLIO,Poliomyelitis,0.0
WHO_REGIONS,WPR,Western Pacific Region,2017.0,RUBELLA,Rubella,2424.0
WHO_REGIONS,WPR,Western Pacific Region,2017.0,TTETANUS,Total tetanus,1705.0
WHO_REGIONS,WPR,Western Pacific Region,2017.0,YFEVER,Yellow fever,0.0
WHO_REGIONS,WPR,Western Pacific Region,2016.0,CRS,Congenital rubella syndrome,19.0
WHO_REGIONS,WPR,Western Pacific Region,2016.0,DIPHTHERIA,Diphtheria,98.0
WHO_REGIONS,WPR,Western Pacific Region,2016.0,JAPENC,Japanese encephalitis,1899.0
WHO_REGIONS,WPR,Western Pacific Region,2016.0,MEASLES,Measles,57879.0
WHO_REGIONS,WPR,Western Pacific Region,2016.0,MUMPS,Mumps,335304.0
WHO_REGIONS,WPR,Western Pacific Region,2016.0,NTETANUS,Neonatal tetanus,326.0
WHO_REGIONS,WPR,Western Pacific Region,2016.0,PERTUSSIS,Pertussis,30486.0
WHO_REGIONS,WPR,Western Pacific Region,2016.0,POLIO,Poliomyelitis,0.0
WHO_REGIONS,WPR,Western Pacific Region,2016.0,RUBELLA,Rubella,5446.0
WHO_REGIONS,WPR,Western Pacific Region,2016.0,TTETANUS,Total tetanus,1533.0
WHO_REGIONS,WPR,Western Pacific Region,2016.0,YFEVER,Yellow fever,0.0
WHO_REGIONS,WPR,Western Pacific Region,2015.0,CRS,Congenital rubella syndrome,5.0
WHO_REGIONS,WPR,Western Pacific Region,2015.0,DIPHTHERIA,Diphtheria,226.0
WHO_REGIONS,WPR,Western Pacific Region,2015.0,JAPENC,Japanese encephalitis,1254.0
WHO_REGIONS,WPR,Western Pacific Region,2015.0,MEASLES,Measles,65176.0
WHO_REGIONS,WPR,Western Pacific Region,2015.0,MUMPS,Mumps,264774.0
WHO_REGIONS,WPR,Western Pacific Region,2015.0,NTETANUS,Neonatal tetanus,470.0
WHO_REGIONS,WPR,Western Pacific Region,2015.0,PERTUSSIS,Pertussis,34622.0
WHO_REGIONS,WPR,Western Pacific Region,2015.0,POLIO,Poliomyelitis,8.0
WHO_REGIONS,WPR,Western Pacific Region,2015.0,RUBELLA,Rubella,9398.0
WHO_REGIONS,WPR,Western Pacific Region,2015.0,TTETANUS,Total tetanus,1427.0
WHO_REGIONS,WPR,Western Pacific Region,2015.0,YFEVER,Yellow fever,0.0
WHO_REGIONS,WPR,Western Pacific Region,2014.0,CRS,Congenital rubella syndrome,12.0
WHO_REGIONS,WPR,Western Pacific Region,2014.0,DIPHTHERIA,Diphtheria,22.0
WHO_REGIONS,WPR,Western Pacific Region,2014.0,JAPENC,Japanese encephalitis,1489.0
WHO_REGIONS,WPR,Western Pacific Region,2014.0,MEASLES,Measles,131043.0
WHO_REGIONS,WPR,Western Pacific Region,2014.0,MUMPS,Mumps,234473.0
WHO_REGIONS,WPR,Western Pacific Region,2014.0,NTETANUS,Neonatal tetanus,578.0
WHO_REGIONS,WPR,Western Pacific Region,2014.0,PERTUSSIS,Pertussis,19085.0
WHO_REGIONS,WPR,Western Pacific Region,2014.0,POLIO,Poliomyelitis,0.0
WHO_REGIONS,WPR,Western Pacific Region,2014.0,RUBELLA,Rubella,12814.0
WHO_REGIONS,WPR,Western Pacific Region,2014.0,TTETANUS,Total tetanus,1704.0
WHO_REGIONS,WPR,Western Pacific Region,2014.0,YFEVER,Yellow fever,0.0
WHO_REGIONS,WPR,Western Pacific Region,2013.0,CRS,Congenital rubella syndrome,45.0
WHO_REGIONS,WPR,Western Pacific Region,2013.0,DIPHTHERIA,Diphtheria,42.0
WHO_REGIONS,WPR,Western Pacific Region,2013.0,JAPENC,Japanese encephalitis,2515.0
WHO_REGIONS,WPR,Western Pacific Region,2013.0,MEASLES,Measles,31844.0
WHO_REGIONS,WPR,Western Pacific Region,2013.0,MUMPS,Mumps,391809.0
WHO_REGIONS,WPR,Western Pacific Region,2013.0,NTETANUS,Neonatal tetanus,679.0
WHO_REGIONS,WPR,Western Pacific Region,2013.0,PERTUSSIS,Pertussis,22690.0
WHO_REGIONS,WPR,Western Pacific Region,2013.0,POLIO,Poliomyelitis,0.0
WHO_REGIONS,WPR,Western Pacific Region,2013.0,RUBELLA,Rubella,33677.0
WHO_REGIONS,WPR,Western Pacific Region,2013.0,TTETANUS,Total tetanus,2127.0
WHO_REGIONS,WPR,Western Pacific Region,2013.0,YFEVER,Yellow fever,0.0
WHO_REGIONS,WPR,Western Pacific Region,2012.0,CRS,Congenital rubella syndrome,134.0
WHO_REGIONS,WPR,Western Pacific Region,2012.0,DIPHTHERIA,Diphtheria,142.0
WHO_REGIONS,WPR,Western Pacific Region,2012.0,JAPENC,Japanese encephalitis,2069.0
WHO_REGIONS,WPR,Western Pacific Region,2012.0,MEASLES,Measles,10764.0
WHO_REGIONS,WPR,Western Pacific Region,2012.0,MUMPS,Mumps,568050.0
WHO_REGIONS,WPR,Western Pacific Region,2012.0,NTETANUS,Neonatal tetanus,911.0
WHO_REGIONS,WPR,Western Pacific Region,2012.0,PERTUSSIS,Pertussis,43237.0
WHO_REGIONS,WPR,Western Pacific Region,2012.0,POLIO,Poliomyelitis,2.0
WHO_REGIONS,WPR,Western Pacific Region,2012.0,RUBELLA,Rubella,44275.0
WHO_REGIONS,WPR,Western Pacific Region,2012.0,TTETANUS,Total tetanus,512.0
WHO_REGIONS,WPR,Western Pacific Region,2012.0,YFEVER,Yellow fever,0.0
WHO_REGIONS,WPR,Western Pacific Region,2011.0,CRS,Congenital rubella syndrome,201.0
WHO_REGIONS,WPR,Western Pacific Region,2011.0,DIPHTHERIA,Diphtheria,37.0
WHO_REGIONS,WPR,Western Pacific Region,2011.0,JAPENC,Japanese encephalitis,1844.0
WHO_REGIONS,WPR,Western Pacific Region,2011.0,MEASLES,Measles,21050.0
WHO_REGIONS,WPR,Western Pacific Region,2011.0,MUMPS,Mumps,599473.0
WHO_REGIONS,WPR,Western Pacific Region,2011.0,NTETANUS,Neonatal tetanus,272.0
WHO_REGIONS,WPR,Western Pacific Region,2011.0,PERTUSSIS,Pertussis,52089.0
WHO_REGIONS,WPR,Western Pacific Region,2011.0,POLIO,Poliomyelitis,21.0
WHO_REGIONS,WPR,Western Pacific Region,2011.0,RUBELLA,Rubella,76022.0
WHO_REGIONS,WPR,Western Pacific Region,2011.0,TTETANUS,Total tetanus,1948.0
WHO_REGIONS,WPR,Western Pacific Region,2011.0,YFEVER,Yellow fever,0.0
WHO_REGIONS,WPR,Western Pacific Region,2010.0,CRS,Congenital rubella syndrome,0.0
WHO_REGIONS,WPR,Western Pacific Region,2010.0,DIPHTHERIA,Diphtheria,153.0
WHO_REGIONS,WPR,Western Pacific Region,2010.0,JAPENC,Japanese encephalitis,3016.0
WHO_REGIONS,WPR,Western Pacific Region,2010.0,MEASLES,Measles,49460.0
WHO_REGIONS,WPR,Western Pacific Region,2010.0,MUMPS,Mumps,486449.0
WHO_REGIONS,WPR,Western Pacific Region,2010.0,NTETANUS,Neonatal tetanus,1286.0
WHO_REGIONS,WPR,Western Pacific Region,2010.0,PERTUSSIS,Pertussis,47477.0
WHO_REGIONS,WPR,Western Pacific Region,2010.0,POLIO,Poliomyelitis,0.0
WHO_REGIONS,WPR,Western Pacific Region,2010.0,RUBELLA,Rubella,45966.0
WHO_REGIONS,WPR,Western Pacific Region,2010.0,TTETANUS,Total tetanus,1536.0
WHO_REGIONS,WPR,Western Pacific Region,2010.0,YFEVER,Yellow fever,0.0
WHO_REGIONS,WPR,Western Pacific Region,2009.0,CRS,Congenital rubella syndrome,11.0
WHO_REGIONS,WPR,Western Pacific Region,2009.0,DIPHTHERIA,Diphtheria,129.0
WHO_REGIONS,WPR,Western Pacific Region,2009.0,JAPENC,Japanese encephalitis,4220.0
WHO_REGIONS,WPR,Western Pacific Region,2009.0,MEASLES,Measles,66609.0
WHO_REGIONS,WPR,Western Pacific Region,2009.0,MUMPS,Mumps,413230.0
WHO_REGIONS,WPR,Western Pacific Region,2009.0,NTETANUS,Neonatal tetanus,1782.0
WHO_REGIONS,WPR,Western Pacific Region,2009.0,PERTUSSIS,Pertussis,40669.0
WHO_REGIONS,WPR,Western Pacific Region,2009.0,POLIO,Poliomyelitis,0.0
WHO_REGIONS,WPR,Western Pacific Region,2009.0,RUBELLA,Rubella,73077.0
WHO_REGIONS,WPR,Western Pacific Region,2009.0,TTETANUS,Total tetanus,1592.0
WHO_REGIONS,WPR,Western Pacific Region,2009.0,YFEVER,Yellow fever,0.0
WHO_REGIONS,WPR,Western Pacific Region,2008.0,CRS,Congenital rubella syndrome,3.0
WHO_REGIONS,WPR,Western Pacific Region,2008.0,DIPHTHERIA,Diphtheria,95.0
WHO_REGIONS,WPR,Western Pacific Region,2008.0,JAPENC,Japanese encephalitis,3428.0
WHO_REGIONS,WPR,Western Pacific Region,2008.0,MEASLES,Measles,147987.0
WHO_REGIONS,WPR,Western Pacific Region,2008.0,MUMPS,Mumps,382349.0
WHO_REGIONS,WPR,Western Pacific Region,2008.0,NTETANUS,Neonatal tetanus,2004.0
WHO_REGIONS,WPR,Western Pacific Region,2008.0,PERTUSSIS,Pertussis,25245.0
WHO_REGIONS,WPR,Western Pacific Region,2008.0,POLIO,Poliomyelitis,0.0
WHO_REGIONS,WPR,Western Pacific Region,2008.0,RUBELLA,Rubella,126487.0
WHO_REGIONS,WPR,Western Pacific Region,2008.0,TTETANUS,Total tetanus,3328.0
WHO_REGIONS,WPR,Western Pacific Region,2008.0,YFEVER,Yellow fever,0.0
WHO_REGIONS,WPR,Western Pacific Region,2007.0,CRS,Congenital rubella syndrome,174.0
WHO_REGIONS,WPR,Western Pacific Region,2007.0,DIPHTHERIA,Diphtheria,80.0
WHO_REGIONS,WPR,Western Pacific Region,2007.0,JAPENC,Japanese encephalitis,4715.0
WHO_REGIONS,WPR,Western Pacific Region,2007.0,MEASLES,Measles,112294.0
WHO_REGIONS,WPR,Western Pacific Region,2007.0,MUMPS,Mumps,260916.0
WHO_REGIONS,WPR,Western Pacific Region,2007.0,NTETANUS,Neonatal tetanus,2348.0
WHO_REGIONS,WPR,Western Pacific Region,2007.0,PERTUSSIS,Pertussis,6634.0
WHO_REGIONS,WPR,Western Pacific Region,2007.0,POLIO,Poliomyelitis,0.0
WHO_REGIONS,WPR,Western Pacific Region,2007.0,RUBELLA,Rubella,85194.0
WHO_REGIONS,WPR,Western Pacific Region,2007.0,TTETANUS,Total tetanus,3790.0
WHO_REGIONS,WPR,Western Pacific Region,2007.0,YFEVER,Yellow fever,0.0
WHO_REGIONS,WPR,Western Pacific Region,2006.0,CRS,Congenital rubella syndrome,0.0
WHO_REGIONS,WPR,Western Pacific Region,2006.0,DIPHTHERIA,Diphtheria,75.0
WHO_REGIONS,WPR,Western Pacific Region,2006.0,JAPENC,Japanese encephalitis,7665.0
WHO_REGIONS,WPR,Western Pacific Region,2006.0,MEASLES,Measles,103159.0
WHO_REGIONS,WPR,Western Pacific Region,2006.0,MUMPS,Mumps,482993.0
WHO_REGIONS,WPR,Western Pacific Region,2006.0,NTETANUS,Neonatal tetanus,2854.0
WHO_REGIONS,WPR,Western Pacific Region,2006.0,PERTUSSIS,Pertussis,9164.0
WHO_REGIONS,WPR,Western Pacific Region,2006.0,POLIO,Poliomyelitis,1.0
WHO_REGIONS,WPR,Western Pacific Region,2006.0,RUBELLA,Rubella,42912.0
WHO_REGIONS,WPR,Western Pacific Region,2006.0,TTETANUS,Total tetanus,2330.0
WHO_REGIONS,WPR,Western Pacific Region,2006.0,YFEVER,Yellow fever,0.0
WHO_REGIONS,WPR,Western Pacific Region,2005.0,CRS,Congenital rubella syndrome,1.0
WHO_REGIONS,WPR,Western Pacific Region,2005.0,DIPHTHERIA,Diphtheria,759.0
WHO_REGIONS,WPR,Western Pacific Region,2005.0,MEASLES,Measles,128017.0
WHO_REGIONS,WPR,Western Pacific Region,2005.0,MUMPS,Mumps,296032.0
WHO_REGIONS,WPR,Western Pacific Region,2005.0,NTETANUS,Neonatal tetanus,3111.0
WHO_REGIONS,WPR,Western Pacific Region,2005.0,PERTUSSIS,Pertussis,21560.0
WHO_REGIONS,WPR,Western Pacific Region,2005.0,POLIO,Poliomyelitis,1.0
WHO_REGIONS,WPR,Western Pacific Region,2005.0,RUBELLA,Rubella,28659.0
WHO_REGIONS,WPR,Western Pacific Region,2005.0,TTETANUS,Total tetanus,3966.0
WHO_REGIONS,WPR,Western Pacific Region,2005.0,YFEVER,Yellow fever,0.0
WHO_REGIONS,WPR,Western Pacific Region,2004.0,CRS,Congenital rubella syndrome,3.0
WHO_REGIONS,WPR,Western Pacific Region,2004.0,DIPHTHERIA,Diphtheria,158.0
WHO_REGIONS,WPR,Western Pacific Region,2004.0,MEASLES,Measles,91763.0
WHO_REGIONS,WPR,Western Pacific Region,2004.0,MUMPS,Mumps,314647.0
WHO_REGIONS,WPR,Western Pacific Region,2004.0,NTETANUS,Neonatal tetanus,3474.0
WHO_REGIONS,WPR,Western Pacific Region,2004.0,PERTUSSIS,Pertussis,21106.0
WHO_REGIONS,WPR,Western Pacific Region,2004.0,POLIO,Poliomyelitis,2.0
WHO_REGIONS,WPR,Western Pacific Region,2004.0,RUBELLA,Rubella,27097.0
WHO_REGIONS,WPR,Western Pacific Region,2004.0,TTETANUS,Total tetanus,2606.0
WHO_REGIONS,WPR,Western Pacific Region,2004.0,YFEVER,Yellow fever,0.0
WHO_REGIONS,WPR,Western Pacific Region,2003.0,CRS,Congenital rubella syndrome,2.0
WHO_REGIONS,WPR,Western Pacific Region,2003.0,DIPHTHERIA,Diphtheria,736.0
WHO_REGIONS,WPR,Western Pacific Region,2003.0,MEASLES,Measles,101810.0
WHO_REGIONS,WPR,Western Pacific Region,2003.0,MUMPS,Mumps,87719.0
WHO_REGIONS,WPR,Western Pacific Region,2003.0,NTETANUS,Neonatal tetanus,2881.0
WHO_REGIONS,WPR,Western Pacific Region,2003.0,PERTUSSIS,Pertussis,11348.0
WHO_REGIONS,WPR,Western Pacific Region,2003.0,POLIO,Poliomyelitis,0.0
WHO_REGIONS,WPR,Western Pacific Region,2003.0,RUBELLA,Rubella,5002.0
WHO_REGIONS,WPR,Western Pacific Region,2003.0,TTETANUS,Total tetanus,2207.0
WHO_REGIONS,WPR,Western Pacific Region,2003.0,YFEVER,Yellow fever,0.0
WHO_REGIONS,WPR,Western Pacific Region,2002.0,CRS,Congenital rubella syndrome,3.0
WHO_REGIONS,WPR,Western Pacific Region,2002.0,DIPHTHERIA,Diphtheria,257.0
WHO_REGIONS,WPR,Western Pacific Region,2002.0,MEASLES,Measles,129306.0
WHO_REGIONS,WPR,Western Pacific Region,2002.0,MUMPS,Mumps,257898.0
WHO_REGIONS,WPR,Western Pacific Region,2002.0,NTETANUS,Neonatal tetanus,2656.0
WHO_REGIONS,WPR,Western Pacific Region,2002.0,PERTUSSIS,Pertussis,30682.0
WHO_REGIONS,WPR,Western Pacific Region,2002.0,POLIO,Poliomyelitis,0.0
WHO_REGIONS,WPR,Western Pacific Region,2002.0,RUBELLA,Rubella,3222.0
WHO_REGIONS,WPR,Western Pacific Region,2002.0,TTETANUS,Total tetanus,2394.0
WHO_REGIONS,WPR,Western Pacific Region,2002.0,YFEVER,Yellow fever,0.0
WHO_REGIONS,WPR,Western Pacific Region,2001.0,CRS,Congenital rubella syndrome,8.0
WHO_REGIONS,WPR,Western Pacific Region,2001.0,DIPHTHERIA,Diphtheria,543.0
WHO_REGIONS,WPR,Western Pacific Region,2001.0,MEASLES,Measles,175398.0
WHO_REGIONS,WPR,Western Pacific Region,2001.0,MUMPS,Mumps,138941.0
WHO_REGIONS,WPR,Western Pacific Region,2001.0,NTETANUS,Neonatal tetanus,3261.0
WHO_REGIONS,WPR,Western Pacific Region,2001.0,PERTUSSIS,Pertussis,32182.0
WHO_REGIONS,WPR,Western Pacific Region,2001.0,POLIO,Poliomyelitis,3.0
WHO_REGIONS,WPR,Western Pacific Region,2001.0,RUBELLA,Rubella,7366.0
WHO_REGIONS,WPR,Western Pacific Region,2001.0,TTETANUS,Total tetanus,2737.0
WHO_REGIONS,WPR,Western Pacific Region,2001.0,YFEVER,Yellow fever,0.0
WHO_REGIONS,WPR,Western Pacific Region,2000.0,CRS,Congenital rubella syndrome,3.0
WHO_REGIONS,WPR,Western Pacific Region,2000.0,DIPHTHERIA,Diphtheria,244.0
WHO_REGIONS,WPR,Western Pacific Region,2000.0,MEASLES,Measles,177052.0
WHO_REGIONS,WPR,Western Pacific Region,2000.0,MUMPS,Mumps,142866.0
WHO_REGIONS,WPR,Western Pacific Region,2000.0,NTETANUS,Neonatal tetanus,4127.0
WHO_REGIONS,WPR,Western Pacific Region,2000.0,PERTUSSIS,Pertussis,25282.0
WHO_REGIONS,WPR,Western Pacific Region,2000.0,POLIO,Poliomyelitis,0.0
WHO_REGIONS,WPR,Western Pacific Region,2000.0,RUBELLA,Rubella,5475.0
WHO_REGIONS,WPR,Western Pacific Region,2000.0,TTETANUS,Total tetanus,2020.0
WHO_REGIONS,WPR,Western Pacific Region,2000.0,YFEVER,Yellow fever,0.0
WHO_REGIONS,WPR,Western Pacific Region,1999.0,CRS,Congenital rubella syndrome,3.0
WHO_REGIONS,WPR,Western Pacific Region,1999.0,DIPHTHERIA,Diphtheria,184.0
WHO_REGIONS,WPR,Western Pacific Region,1999.0,MEASLES,Measles,104424.0
WHO_REGIONS,WPR,Western Pacific Region,1999.0,MUMPS,Mumps,25111.0
WHO_REGIONS,WPR,Western Pacific Region,1999.0,NTETANUS,Neonatal tetanus,4426.0
WHO_REGIONS,WPR,Western Pacific Region,1999.0,PERTUSSIS,Pertussis,17947.0
WHO_REGIONS,WPR,Western Pacific Region,1999.0,POLIO,Poliomyelitis,1.0
WHO_REGIONS,WPR,Western Pacific Region,1999.0,RUBELLA,Rubella,875.0
WHO_REGIONS,WPR,Western Pacific Region,1999.0,TTETANUS,Total tetanus,2674.0
WHO_REGIONS,WPR,Western Pacific Region,1999.0,YFEVER,Yellow fever,0.0
WHO_REGIONS,WPR,Western Pacific Region,1998.0,DIPHTHERIA,Diphtheria,963.0
WHO_REGIONS,WPR,Western Pacific Region,1998.0,MEASLES,Measles,76878.0
WHO_REGIONS,WPR,Western Pacific Region,1998.0,NTETANUS,Neonatal tetanus,4254.0
WHO_REGIONS,WPR,Western Pacific Region,1998.0,PERTUSSIS,Pertussis,15875.0
WHO_REGIONS,WPR,Western Pacific Region,1998.0,POLIO,Poliomyelitis,0.0
WHO_REGIONS,WPR,Western Pacific Region,1998.0,TTETANUS,Total tetanus,1496.0
WHO_REGIONS,WPR,Western Pacific Region,1998.0,YFEVER,Yellow fever,0.0
WHO_REGIONS,WPR,Western Pacific Region,1997.0,DIPHTHERIA,Diphtheria,405.0
WHO_REGIONS,WPR,Western Pacific Region,1997.0,MEASLES,Measles,107787.0
WHO_REGIONS,WPR,Western Pacific Region,1997.0,NTETANUS,Neonatal tetanus,4667.0
WHO_REGIONS,WPR,Western Pacific Region,1997.0,PERTUSSIS,Pertussis,25953.0
WHO_REGIONS,WPR,Western Pacific Region,1997.0,POLIO,Poliomyelitis,9.0
WHO_REGIONS,WPR,Western Pacific Region,1997.0,TTETANUS,Total tetanus,2176.0
WHO_REGIONS,WPR,Western Pacific Region,1996.0,DIPHTHERIA,Diphtheria,511.0
WHO_REGIONS,WPR,Western Pacific Region,1996.0,MEASLES,Measles,82595.0
WHO_REGIONS,WPR,Western Pacific Region,1996.0,NTETANUS,Neonatal tetanus,2838.0
WHO_REGIONS,WPR,Western Pacific Region,1996.0,PERTUSSIS,Pertussis,8009.0
WHO_REGIONS,WPR,Western Pacific Region,1996.0,POLIO,Poliomyelitis,193.0
WHO_REGIONS,WPR,Western Pacific Region,1996.0,TTETANUS,Total tetanus,1061.0
WHO_REGIONS,WPR,Western Pacific Region,1996.0,YFEVER,Yellow fever,0.0
WHO_REGIONS,WPR,Western Pacific Region,1995.0,DIPHTHERIA,Diphtheria,554.0
WHO_REGIONS,WPR,Western Pacific Region,1995.0,MEASLES,Measles,75374.0
WHO_REGIONS,WPR,Western Pacific Region,1995.0,NTETANUS,Neonatal tetanus,781.0
WHO_REGIONS,WPR,Western Pacific Region,1995.0,PERTUSSIS,Pertussis,15063.0
WHO_REGIONS,WPR,Western Pacific Region,1995.0,POLIO,Poliomyelitis,480.0
WHO_REGIONS,WPR,Western Pacific Region,1995.0,TTETANUS,Total tetanus,2374.0
WHO_REGIONS,WPR,Western Pacific Region,1994.0,DIPHTHERIA,Diphtheria,813.0
WHO_REGIONS,WPR,Western Pacific Region,1994.0,MEASLES,Measles,115237.0
WHO_REGIONS,WPR,Western Pacific Region,1994.0,NTETANUS,Neonatal tetanus,1090.0
WHO_REGIONS,WPR,Western Pacific Region,1994.0,PERTUSSIS,Pertussis,19642.0
WHO_REGIONS,WPR,Western Pacific Region,1994.0,POLIO,Poliomyelitis,698.0
WHO_REGIONS,WPR,Western Pacific Region,1994.0,TTETANUS,Total tetanus,2866.0
WHO_REGIONS,WPR,Western Pacific Region,1993.0,DIPHTHERIA,Diphtheria,694.0
WHO_REGIONS,WPR,Western Pacific Region,1993.0,MEASLES,Measles,157479.0
WHO_REGIONS,WPR,Western Pacific Region,1993.0,NTETANUS,Neonatal tetanus,1083.0
WHO_REGIONS,WPR,Western Pacific Region,1993.0,PERTUSSIS,Pertussis,19407.0
WHO_REGIONS,WPR,Western Pacific Region,1993.0,POLIO,Poliomyelitis,1265.0
WHO_REGIONS,WPR,Western Pacific Region,1993.0,TTETANUS,Total tetanus,3126.0
WHO_REGIONS,WPR,Western Pacific Region,1992.0,DIPHTHERIA,Diphtheria,1440.0
WHO_REGIONS,WPR,Western Pacific Region,1992.0,MEASLES,Measles,210250.0
WHO_REGIONS,WPR,Western Pacific Region,1992.0,NTETANUS,Neonatal tetanus,744.0
WHO_REGIONS,WPR,Western Pacific Region,1992.0,PERTUSSIS,Pertussis,25712.0
WHO_REGIONS,WPR,Western Pacific Region,1992.0,POLIO,Poliomyelitis,1919.0
WHO_REGIONS,WPR,Western Pacific Region,1992.0,TTETANUS,Total tetanus,1466.0
WHO_REGIONS,WPR,Western Pacific Region,1991.0,DIPHTHERIA,Diphtheria,1844.0
WHO_REGIONS,WPR,Western Pacific Region,1991.0,MEASLES,Measles,186696.0
WHO_REGIONS,WPR,Western Pacific Region,1991.0,NTETANUS,Neonatal tetanus,717.0
WHO_REGIONS,WPR,Western Pacific Region,1991.0,PERTUSSIS,Pertussis,24168.0
WHO_REGIONS,WPR,Western Pacific Region,1991.0,POLIO,Poliomyelitis,2636.0
WHO_REGIONS,WPR,Western Pacific Region,1991.0,TTETANUS,Total tetanus,2529.0
WHO_REGIONS,WPR,Western Pacific Region,1990.0,DIPHTHERIA,Diphtheria,2062.0
WHO_REGIONS,WPR,Western Pacific Region,1990.0,MEASLES,Measles,155490.0
WHO_REGIONS,WPR,Western Pacific Region,1990.0,NTETANUS,Neonatal tetanus,628.0
WHO_REGIONS,WPR,Western Pacific Region,1990.0,PERTUSSIS,Pertussis,35653.0
WHO_REGIONS,WPR,Western Pacific Region,1990.0,POLIO,Poliomyelitis,5963.0
WHO_REGIONS,WPR,Western Pacific Region,1990.0,TTETANUS,Total tetanus,3414.0
WHO_REGIONS,WPR,Western Pacific Region,1989.0,DIPHTHERIA,Diphtheria,2054.0
WHO_REGIONS,WPR,Western Pacific Region,1989.0,MEASLES,Measles,222264.0
WHO_REGIONS,WPR,Western Pacific Region,1989.0,NTETANUS,Neonatal tetanus,281.0
WHO_REGIONS,WPR,Western Pacific Region,1989.0,PERTUSSIS,Pertussis,56461.0
WHO_REGIONS,WPR,Western Pacific Region,1989.0,POLIO,Poliomyelitis,5485.0
WHO_REGIONS,WPR,Western Pacific Region,1989.0,TTETANUS,Total tetanus,5368.0
WHO_REGIONS,WPR,Western Pacific Region,1988.0,DIPHTHERIA,Diphtheria,2602.0
WHO_REGIONS,WPR,Western Pacific Region,1988.0,MEASLES,Measles,216950.0
WHO_REGIONS,WPR,Western Pacific Region,1988.0,NTETANUS,Neonatal tetanus,1133.0
WHO_REGIONS,WPR,Western Pacific Region,1988.0,PERTUSSIS,Pertussis,72625.0
WHO_REGIONS,WPR,Western Pacific Region,1988.0,POLIO,Poliomyelitis,2127.0
WHO_REGIONS,WPR,Western Pacific Region,1988.0,TTETANUS,Total tetanus,5965.0
WHO_REGIONS,WPR,Western Pacific Region,1987.0,DIPHTHERIA,Diphtheria,4044.0
WHO_REGIONS,WPR,Western Pacific Region,1987.0,MEASLES,Measles,255178.0
WHO_REGIONS,WPR,Western Pacific Region,1987.0,NTETANUS,Neonatal tetanus,1084.0
WHO_REGIONS,WPR,Western Pacific Region,1987.0,PERTUSSIS,Pertussis,109495.0
WHO_REGIONS,WPR,Western Pacific Region,1987.0,POLIO,Poliomyelitis,3536.0
WHO_REGIONS,WPR,Western Pacific Region,1987.0,TTETANUS,Total tetanus,5180.0
WHO_REGIONS,WPR,Western Pacific Region,1986.0,DIPHTHERIA,Diphtheria,4806.0
WHO_REGIONS,WPR,Western Pacific Region,1986.0,MEASLES,Measles,379516.0
WHO_REGIONS,WPR,Western Pacific Region,1986.0,NTETANUS,Neonatal tetanus,1261.0
WHO_REGIONS,WPR,Western Pacific Region,1986.0,PERTUSSIS,Pertussis,160593.0
WHO_REGIONS,WPR,Western Pacific Region,1986.0,POLIO,Poliomyelitis,4000.0
WHO_REGIONS,WPR,Western Pacific Region,1986.0,TTETANUS,Total tetanus,5746.0
WHO_REGIONS,WPR,Western Pacific Region,1985.0,DIPHTHERIA,Diphtheria,5910.0
WHO_REGIONS,WPR,Western Pacific Region,1985.0,MEASLES,Measles,630303.0
WHO_REGIONS,WPR,Western Pacific Region,1985.0,NTETANUS,Neonatal tetanus,1297.0
WHO_REGIONS,WPR,Western Pacific Region,1985.0,PERTUSSIS,Pertussis,244830.0
WHO_REGIONS,WPR,Western Pacific Region,1985.0,POLIO,Poliomyelitis,5163.0
WHO_REGIONS,WPR,Western Pacific Region,1985.0,TTETANUS,Total tetanus,6580.0
WHO_REGIONS,WPR,Western Pacific Region,1984.0,DIPHTHERIA,Diphtheria,8265.0
WHO_REGIONS,WPR,Western Pacific Region,1984.0,MEASLES,Measles,891403.0
WHO_REGIONS,WPR,Western Pacific Region,1984.0,NTETANUS,Neonatal tetanus,1265.0
WHO_REGIONS,WPR,Western Pacific Region,1984.0,PERTUSSIS,Pertussis,321582.0
WHO_REGIONS,WPR,Western Pacific Region,1984.0,POLIO,Poliomyelitis,4230.0
WHO_REGIONS,WPR,Western Pacific Region,1984.0,TTETANUS,Total tetanus,5767.0
WHO_REGIONS,WPR,Western Pacific Region,1983.0,DIPHTHERIA,Diphtheria,13122.0
WHO_REGIONS,WPR,Western Pacific Region,1983.0,MEASLES,Measles,993945.0
WHO_REGIONS,WPR,Western Pacific Region,1983.0,NTETANUS,Neonatal tetanus,1082.0
WHO_REGIONS,WPR,Western Pacific Region,1983.0,PERTUSSIS,Pertussis,464260.0
WHO_REGIONS,WPR,Western Pacific Region,1983.0,POLIO,Poliomyelitis,4946.0
WHO_REGIONS,WPR,Western Pacific Region,1983.0,TTETANUS,Total tetanus,4828.0
WHO_REGIONS,WPR,Western Pacific Region,1982.0,DIPHTHERIA,Diphtheria,13951.0
WHO_REGIONS,WPR,Western Pacific Region,1982.0,MEASLES,Measles,1102419.0
WHO_REGIONS,WPR,Western Pacific Region,1982.0,NTETANUS,Neonatal tetanus,1146.0
WHO_REGIONS,WPR,Western Pacific Region,1982.0,PERTUSSIS,Pertussis,578257.0
WHO_REGIONS,WPR,Western Pacific Region,1982.0,POLIO,Poliomyelitis,10042.0
WHO_REGIONS,WPR,Western Pacific Region,1982.0,TTETANUS,Total tetanus,6774.0
WHO_REGIONS,WPR,Western Pacific Region,1981.0,DIPHTHERIA,Diphtheria,13368.0
WHO_REGIONS,WPR,Western Pacific Region,1981.0,MEASLES,Measles,1192731.0
WHO_REGIONS,WPR,Western Pacific Region,1981.0,NTETANUS,Neonatal tetanus,1064.0
WHO_REGIONS,WPR,Western Pacific Region,1981.0,PERTUSSIS,Pertussis,668600.0
WHO_REGIONS,WPR,Western Pacific Region,1981.0,POLIO,Poliomyelitis,11144.0
WHO_REGIONS,WPR,Western Pacific Region,1981.0,TTETANUS,Total tetanus,5232.0
WHO_REGIONS,WPR,Western Pacific Region,1980.0,DIPHTHERIA,Diphtheria,15228.0
WHO_REGIONS,WPR,Western Pacific Region,1980.0,MEASLES,Measles,1319640.0
WHO_REGIONS,WPR,Western Pacific Region,1980.0,NTETANUS,Neonatal tetanus,1572.0
WHO_REGIONS,WPR,Western Pacific Region,1980.0,PERTUSSIS,Pertussis,829173.0
WHO_REGIONS,WPR,Western Pacific Region,1980.0,POLIO,Poliomyelitis,11420.0
WHO_REGIONS,WPR,Western Pacific Region,1980.0,TTETANUS,Total tetanus,8343.0
