GROUP,CODE,NAME,YEAR,DISEASE,DISEASE_DESCRIPTION,DENOMINATOR,INCIDENCE_RATE
WHO_REGIONS,AFR,African Region,2023.0,CRS,Congenital rubella syndrome,"per 10,000 live births",0.1
WHO_REGIONS,AFR,African Region,2023.0,DIPHTHERIA,Diphtheria,"per 1,000,000 total population",23.9
WHO_REGIONS,AFR,African Region,2023.0,INVASIVE_MENING,Invasive meningococcal disease,"per 1,000,000 total population",2.6
WHO_REGIONS,AFR,African Region,2023.0,JAPENC,Japanese encephalitis,"per 1,000,000 total population",0.0
WHO_REGIONS,AFR,African Region,2023.0,MEASLES,Measles,"per 1,000,000 total population",343.0
WHO_REGIONS,AFR,African Region,2023.0,MUMPS,Mumps,"per 1,000,000 total population",761.5
WHO_REGIONS,AFR,African Region,2023.0,NTETANUS,Neonatal tetanus,per 1000 live births,0.1
WHO_REGIONS,AFR,African Region,2023.0,PERTUSSIS,Pertussis,"per 1,000,000 total population",8.4
WHO_REGIONS,AFR,African Region,2023.0,POLIO,Poliomyelitis,"per 1,000,000 <15 population",1.4
WHO_REGIONS,AFR,African Region,2023.0,RUBELLA,Rubella,"per 1,000,000 total population",21.9
WHO_REGIONS,AFR,African Region,2023.0,TTETANUS,Total tetanus,"per 1,000,000 total population",13.2
WHO_REGIONS,AFR,African Region,2023.0,TYPHOID,Typhoid,"per 1,000,000 total population",5743.2
WHO_REGIONS,AFR,African Region,2023.0,YFEVER,Yellow fever,"per 1,000,000 total population",0.4
WHO_REGIONS,AFR,African Region,2022.0,CRS,Congenital rubella syndrome,"per 10,000 live births",0.0
WHO_REGIONS,AFR,African Region,2022.0,DIPHTHERIA,Diphtheria,"per 1,000,000 total population",8.8
WHO_REGIONS,AFR,African Region,2022.0,INVASIVE_MENING,Invasive meningococcal disease,"per 1,000,000 total population",26.6
WHO_REGIONS,AFR,African Region,2022.0,JAPENC,Japanese encephalitis,"per 1,000,000 total population",0.0
WHO_REGIONS,AFR,African Region,2022.0,MEASLES,Measles,"per 1,000,000 total population",80.5
WHO_REGIONS,AFR,African Region,2022.0,MUMPS,Mumps,"per 1,000,000 total population",671.6
WHO_REGIONS,AFR,African Region,2022.0,NTETANUS,Neonatal tetanus,per 1000 live births,0.0
WHO_REGIONS,AFR,African Region,2022.0,PERTUSSIS,Pertussis,"per 1,000,000 total population",7.3
WHO_REGIONS,AFR,African Region,2022.0,POLIO,Poliomyelitis,"per 1,000,000 <15 population",2.2
WHO_REGIONS,AFR,African Region,2022.0,RUBELLA,Rubella,"per 1,000,000 total population",8.9
WHO_REGIONS,AFR,African Region,2022.0,TTETANUS,Total tetanus,"per 1,000,000 total population",2.9
WHO_REGIONS,AFR,African Region,2022.0,TYPHOID,Typhoid,"per 1,000,000 total population",4602.7
WHO_REGIONS,AFR,African Region,2022.0,YFEVER,Yellow fever,"per 1,000,000 total population",0.2
WHO_REGIONS,AFR,African Region,2021.0,CRS,Congenital rubella syndrome,"per 10,000 live births",0.1
WHO_REGIONS,AFR,African Region,2021.0,DIPHTHERIA,Diphtheria,"per 1,000,000 total population",11.0
WHO_REGIONS,AFR,African Region,2021.0,INVASIVE_MENING,Invasive meningococcal disease,"per 1,000,000 total population",58.1
WHO_REGIONS,AFR,African Region,2021.0,JAPENC,Japanese encephalitis,"per 1,000,000 total population",0.0
WHO_REGIONS,AFR,African Region,2021.0,MEASLES,Measles,"per 1,000,000 total population",80.8
WHO_REGIONS,AFR,African Region,2021.0,MUMPS,Mumps,"per 1,000,000 total population",204.9
WHO_REGIONS,AFR,African Region,2021.0,NTETANUS,Neonatal tetanus,per 1000 live births,0.0
WHO_REGIONS,AFR,African Region,2021.0,PERTUSSIS,Pertussis,"per 1,000,000 total population",6.2
WHO_REGIONS,AFR,African Region,2021.0,POLIO,Poliomyelitis,"per 1,000,000 <15 population",1.1
WHO_REGIONS,AFR,African Region,2021.0,RUBELLA,Rubella,"per 1,000,000 total population",3.6
WHO_REGIONS,AFR,African Region,2021.0,TTETANUS,Total tetanus,"per 1,000,000 total population",2.8
WHO_REGIONS,AFR,African Region,2021.0,TYPHOID,Typhoid,"per 1,000,000 total population",3282.1
WHO_REGIONS,AFR,African Region,2021.0,YFEVER,Yellow fever,"per 1,000,000 total population",0.3
WHO_REGIONS,AFR,African Region,2020.0,CRS,Congenital rubella syndrome,"per 10,000 live births",0.0
WHO_REGIONS,AFR,African Region,2020.0,DIPHTHERIA,Diphtheria,"per 1,000,000 total population",12.8
WHO_REGIONS,AFR,African Region,2020.0,INVASIVE_MENING,Invasive meningococcal disease,"per 1,000,000 total population",40.0
WHO_REGIONS,AFR,African Region,2020.0,JAPENC,Japanese encephalitis,"per 1,000,000 total population",0.0
WHO_REGIONS,AFR,African Region,2020.0,MEASLES,Measles,"per 1,000,000 total population",104.8
WHO_REGIONS,AFR,African Region,2020.0,MUMPS,Mumps,"per 1,000,000 total population",290.8
WHO_REGIONS,AFR,African Region,2020.0,NTETANUS,Neonatal tetanus,per 1000 live births,0.0
WHO_REGIONS,AFR,African Region,2020.0,PERTUSSIS,Pertussis,"per 1,000,000 total population",4.9
WHO_REGIONS,AFR,African Region,2020.0,POLIO,Poliomyelitis,"per 1,000,000 <15 population",1.2
WHO_REGIONS,AFR,African Region,2020.0,RUBELLA,Rubella,"per 1,000,000 total population",4.6
WHO_REGIONS,AFR,African Region,2020.0,TTETANUS,Total tetanus,"per 1,000,000 total population",7.0
WHO_REGIONS,AFR,African Region,2020.0,TYPHOID,Typhoid,"per 1,000,000 total population",3959.3
WHO_REGIONS,AFR,African Region,2020.0,YFEVER,Yellow fever,"per 1,000,000 total population",1.1
WHO_REGIONS,AFR,African Region,2019.0,CRS,Congenital rubella syndrome,"per 10,000 live births",0.0
WHO_REGIONS,AFR,African Region,2019.0,DIPHTHERIA,Diphtheria,"per 1,000,000 total population",17.1
WHO_REGIONS,AFR,African Region,2019.0,JAPENC,Japanese encephalitis,"per 1,000,000 total population",0.0
WHO_REGIONS,AFR,African Region,2019.0,MEASLES,Measles,"per 1,000,000 total population",551.8
WHO_REGIONS,AFR,African Region,2019.0,MUMPS,Mumps,"per 1,000,000 total population",195.1
WHO_REGIONS,AFR,African Region,2019.0,NTETANUS,Neonatal tetanus,per 1000 live births,0.0
WHO_REGIONS,AFR,African Region,2019.0,PERTUSSIS,Pertussis,"per 1,000,000 total population",8.6
WHO_REGIONS,AFR,African Region,2019.0,POLIO,Poliomyelitis,"per 1,000,000 <15 population",0.7
WHO_REGIONS,AFR,African Region,2019.0,RUBELLA,Rubella,"per 1,000,000 total population",5.4
WHO_REGIONS,AFR,African Region,2019.0,TTETANUS,Total tetanus,"per 1,000,000 total population",3.6
WHO_REGIONS,AFR,African Region,2019.0,TYPHOID,Typhoid,"per 1,000,000 total population",1364.5
WHO_REGIONS,AFR,African Region,2019.0,YFEVER,Yellow fever,"per 1,000,000 total population",0.4
WHO_REGIONS,AFR,African Region,2018.0,CRS,Congenital rubella syndrome,"per 10,000 live births",0.0
WHO_REGIONS,AFR,African Region,2018.0,DIPHTHERIA,Diphtheria,"per 1,000,000 total population",3.4
WHO_REGIONS,AFR,African Region,2018.0,JAPENC,Japanese encephalitis,"per 1,000,000 total population",0.0
WHO_REGIONS,AFR,African Region,2018.0,MEASLES,Measles,"per 1,000,000 total population",114.9
WHO_REGIONS,AFR,African Region,2018.0,MUMPS,Mumps,"per 1,000,000 total population",271.8
WHO_REGIONS,AFR,African Region,2018.0,NTETANUS,Neonatal tetanus,per 1000 live births,0.0
WHO_REGIONS,AFR,African Region,2018.0,PERTUSSIS,Pertussis,"per 1,000,000 total population",16.4
WHO_REGIONS,AFR,African Region,2018.0,POLIO,Poliomyelitis,"per 1,000,000 <15 population",0.1
WHO_REGIONS,AFR,African Region,2018.0,RUBELLA,Rubella,"per 1,000,000 total population",10.8
WHO_REGIONS,AFR,African Region,2018.0,TTETANUS,Total tetanus,"per 1,000,000 total population",4.9
WHO_REGIONS,AFR,African Region,2018.0,TYPHOID,Typhoid,"per 1,000,000 total population",9.1
WHO_REGIONS,AFR,African Region,2018.0,YFEVER,Yellow fever,"per 1,000,000 total population",0.7
WHO_REGIONS,AFR,African Region,2017.0,CRS,Congenital rubella syndrome,"per 10,000 live births",0.0
WHO_REGIONS,AFR,African Region,2017.0,DIPHTHERIA,Diphtheria,"per 1,000,000 total population",0.2
WHO_REGIONS,AFR,African Region,2017.0,JAPENC,Japanese encephalitis,"per 1,000,000 total population",0.0
WHO_REGIONS,AFR,African Region,2017.0,MEASLES,Measles,"per 1,000,000 total population",68.2
WHO_REGIONS,AFR,African Region,2017.0,MUMPS,Mumps,"per 1,000,000 total population",174.5
WHO_REGIONS,AFR,African Region,2017.0,NTETANUS,Neonatal tetanus,per 1000 live births,0.0
WHO_REGIONS,AFR,African Region,2017.0,PERTUSSIS,Pertussis,"per 1,000,000 total population",10.5
WHO_REGIONS,AFR,African Region,2017.0,POLIO,Poliomyelitis,"per 1,000,000 <15 population",0.0
WHO_REGIONS,AFR,African Region,2017.0,RUBELLA,Rubella,"per 1,000,000 total population",6.4
WHO_REGIONS,AFR,African Region,2017.0,TTETANUS,Total tetanus,"per 1,000,000 total population",3.6
WHO_REGIONS,AFR,African Region,2017.0,YFEVER,Yellow fever,"per 1,000,000 total population",0.1
WHO_REGIONS,AFR,African Region,2016.0,CRS,Congenital rubella syndrome,"per 10,000 live births",0.0
WHO_REGIONS,AFR,African Region,2016.0,DIPHTHERIA,Diphtheria,"per 1,000,000 total population",9.4
WHO_REGIONS,AFR,African Region,2016.0,JAPENC,Japanese encephalitis,"per 1,000,000 total population",0.0
WHO_REGIONS,AFR,African Region,2016.0,MEASLES,Measles,"per 1,000,000 total population",35.9
WHO_REGIONS,AFR,African Region,2016.0,MUMPS,Mumps,"per 1,000,000 total population",412.2
WHO_REGIONS,AFR,African Region,2016.0,NTETANUS,Neonatal tetanus,per 1000 live births,0.0
WHO_REGIONS,AFR,African Region,2016.0,PERTUSSIS,Pertussis,"per 1,000,000 total population",3.1
WHO_REGIONS,AFR,African Region,2016.0,POLIO,Poliomyelitis,"per 1,000,000 <15 population",0.0
WHO_REGIONS,AFR,African Region,2016.0,RUBELLA,Rubella,"per 1,000,000 total population",4.2
WHO_REGIONS,AFR,African Region,2016.0,TTETANUS,Total tetanus,"per 1,000,000 total population",7.0
WHO_REGIONS,AFR,African Region,2016.0,YFEVER,Yellow fever,"per 1,000,000 total population",1.2
WHO_REGIONS,AFR,African Region,2015.0,CRS,Congenital rubella syndrome,"per 10,000 live births",0.1
WHO_REGIONS,AFR,African Region,2015.0,DIPHTHERIA,Diphtheria,"per 1,000,000 total population",4.5
WHO_REGIONS,AFR,African Region,2015.0,JAPENC,Japanese encephalitis,"per 1,000,000 total population",0.0
WHO_REGIONS,AFR,African Region,2015.0,MEASLES,Measles,"per 1,000,000 total population",52.2
WHO_REGIONS,AFR,African Region,2015.0,MUMPS,Mumps,"per 1,000,000 total population",137.8
WHO_REGIONS,AFR,African Region,2015.0,NTETANUS,Neonatal tetanus,per 1000 live births,0.0
WHO_REGIONS,AFR,African Region,2015.0,PERTUSSIS,Pertussis,"per 1,000,000 total population",11.6
WHO_REGIONS,AFR,African Region,2015.0,POLIO,Poliomyelitis,"per 1,000,000 <15 population",0.0
WHO_REGIONS,AFR,African Region,2015.0,RUBELLA,Rubella,"per 1,000,000 total population",5.4
WHO_REGIONS,AFR,African Region,2015.0,TTETANUS,Total tetanus,"per 1,000,000 total population",4.1
WHO_REGIONS,AFR,African Region,2015.0,YFEVER,Yellow fever,"per 1,000,000 total population",0.0
WHO_REGIONS,AFR,African Region,2014.0,CRS,Congenital rubella syndrome,"per 10,000 live births",0.0
WHO_REGIONS,AFR,African Region,2014.0,DIPHTHERIA,Diphtheria,"per 1,000,000 total population",0.0
WHO_REGIONS,AFR,African Region,2014.0,JAPENC,Japanese encephalitis,"per 1,000,000 total population",0.0
WHO_REGIONS,AFR,African Region,2014.0,MEASLES,Measles,"per 1,000,000 total population",75.0
WHO_REGIONS,AFR,African Region,2014.0,MUMPS,Mumps,"per 1,000,000 total population",0.1
WHO_REGIONS,AFR,African Region,2014.0,NTETANUS,Neonatal tetanus,per 1000 live births,0.0
WHO_REGIONS,AFR,African Region,2014.0,PERTUSSIS,Pertussis,"per 1,000,000 total population",17.6
WHO_REGIONS,AFR,African Region,2014.0,POLIO,Poliomyelitis,"per 1,000,000 <15 population",0.0
WHO_REGIONS,AFR,African Region,2014.0,RUBELLA,Rubella,"per 1,000,000 total population",7.7
WHO_REGIONS,AFR,African Region,2014.0,TTETANUS,Total tetanus,"per 1,000,000 total population",3.5
WHO_REGIONS,AFR,African Region,2014.0,YFEVER,Yellow fever,"per 1,000,000 total population",0.0
WHO_REGIONS,AFR,African Region,2013.0,CRS,Congenital rubella syndrome,"per 10,000 live births",0.0
WHO_REGIONS,AFR,African Region,2013.0,DIPHTHERIA,Diphtheria,"per 1,000,000 total population",0.4
WHO_REGIONS,AFR,African Region,2013.0,JAPENC,Japanese encephalitis,"per 1,000,000 total population",0.0
WHO_REGIONS,AFR,African Region,2013.0,MEASLES,Measles,"per 1,000,000 total population",178.5
WHO_REGIONS,AFR,African Region,2013.0,MUMPS,Mumps,"per 1,000,000 total population",49.8
WHO_REGIONS,AFR,African Region,2013.0,NTETANUS,Neonatal tetanus,per 1000 live births,0.0
WHO_REGIONS,AFR,African Region,2013.0,PERTUSSIS,Pertussis,"per 1,000,000 total population",18.2
WHO_REGIONS,AFR,African Region,2013.0,POLIO,Poliomyelitis,"per 1,000,000 <15 population",0.2
WHO_REGIONS,AFR,African Region,2013.0,RUBELLA,Rubella,"per 1,000,000 total population",14.8
WHO_REGIONS,AFR,African Region,2013.0,TTETANUS,Total tetanus,"per 1,000,000 total population",6.2
WHO_REGIONS,AFR,African Region,2013.0,YFEVER,Yellow fever,"per 1,000,000 total population",0.4
WHO_REGIONS,AFR,African Region,2012.0,CRS,Congenital rubella syndrome,"per 10,000 live births",0.1
WHO_REGIONS,AFR,African Region,2012.0,DIPHTHERIA,Diphtheria,"per 1,000,000 total population",0.1
WHO_REGIONS,AFR,African Region,2012.0,JAPENC,Japanese encephalitis,"per 1,000,000 total population",0.0
WHO_REGIONS,AFR,African Region,2012.0,MEASLES,Measles,"per 1,000,000 total population",121.4
WHO_REGIONS,AFR,African Region,2012.0,MUMPS,Mumps,"per 1,000,000 total population",17.6
WHO_REGIONS,AFR,African Region,2012.0,NTETANUS,Neonatal tetanus,per 1000 live births,0.1
WHO_REGIONS,AFR,African Region,2012.0,PERTUSSIS,Pertussis,"per 1,000,000 total population",32.4
WHO_REGIONS,AFR,African Region,2012.0,POLIO,Poliomyelitis,"per 1,000,000 <15 population",0.4
WHO_REGIONS,AFR,African Region,2012.0,RUBELLA,Rubella,"per 1,000,000 total population",12.6
WHO_REGIONS,AFR,African Region,2012.0,TTETANUS,Total tetanus,"per 1,000,000 total population",6.2
WHO_REGIONS,AFR,African Region,2012.0,YFEVER,Yellow fever,"per 1,000,000 total population",0.3
WHO_REGIONS,AFR,African Region,2011.0,CRS,Congenital rubella syndrome,"per 10,000 live births",0.0
WHO_REGIONS,AFR,African Region,2011.0,DIPHTHERIA,Diphtheria,"per 1,000,000 total population",0.0
WHO_REGIONS,AFR,African Region,2011.0,JAPENC,Japanese encephalitis,"per 1,000,000 total population",0.0
WHO_REGIONS,AFR,African Region,2011.0,MEASLES,Measles,"per 1,000,000 total population",215.4
WHO_REGIONS,AFR,African Region,2011.0,MUMPS,Mumps,"per 1,000,000 total population",34.0
WHO_REGIONS,AFR,African Region,2011.0,NTETANUS,Neonatal tetanus,per 1000 live births,0.1
WHO_REGIONS,AFR,African Region,2011.0,PERTUSSIS,Pertussis,"per 1,000,000 total population",10.4
WHO_REGIONS,AFR,African Region,2011.0,POLIO,Poliomyelitis,"per 1,000,000 <15 population",1.0
WHO_REGIONS,AFR,African Region,2011.0,RUBELLA,Rubella,"per 1,000,000 total population",18.6
WHO_REGIONS,AFR,African Region,2011.0,TTETANUS,Total tetanus,"per 1,000,000 total population",6.4
WHO_REGIONS,AFR,African Region,2011.0,YFEVER,Yellow fever,"per 1,000,000 total population",3.6
WHO_REGIONS,AFR,African Region,2010.0,CRS,Congenital rubella syndrome,"per 10,000 live births",0.0
WHO_REGIONS,AFR,African Region,2010.0,DIPHTHERIA,Diphtheria,"per 1,000,000 total population",0.2
WHO_REGIONS,AFR,African Region,2010.0,JAPENC,Japanese encephalitis,"per 1,000,000 total population",0.0
WHO_REGIONS,AFR,African Region,2010.0,MEASLES,Measles,"per 1,000,000 total population",228.0
WHO_REGIONS,AFR,African Region,2010.0,MUMPS,Mumps,"per 1,000,000 total population",85.3
WHO_REGIONS,AFR,African Region,2010.0,NTETANUS,Neonatal tetanus,per 1000 live births,0.1
WHO_REGIONS,AFR,African Region,2010.0,PERTUSSIS,Pertussis,"per 1,000,000 total population",12.6
WHO_REGIONS,AFR,African Region,2010.0,POLIO,Poliomyelitis,"per 1,000,000 <15 population",1.9
WHO_REGIONS,AFR,African Region,2010.0,RUBELLA,Rubella,"per 1,000,000 total population",3.8
WHO_REGIONS,AFR,African Region,2010.0,TTETANUS,Total tetanus,"per 1,000,000 total population",5.8
WHO_REGIONS,AFR,African Region,2010.0,YFEVER,Yellow fever,"per 1,000,000 total population",1.2
WHO_REGIONS,AFR,African Region,2009.0,CRS,Congenital rubella syndrome,"per 10,000 live births",0.1
WHO_REGIONS,AFR,African Region,2009.0,DIPHTHERIA,Diphtheria,"per 1,000,000 total population",0.0
WHO_REGIONS,AFR,African Region,2009.0,JAPENC,Japanese encephalitis,"per 1,000,000 total population",0.0
WHO_REGIONS,AFR,African Region,2009.0,MEASLES,Measles,"per 1,000,000 total population",98.2
WHO_REGIONS,AFR,African Region,2009.0,MUMPS,Mumps,"per 1,000,000 total population",17.8
WHO_REGIONS,AFR,African Region,2009.0,NTETANUS,Neonatal tetanus,per 1000 live births,0.0
WHO_REGIONS,AFR,African Region,2009.0,PERTUSSIS,Pertussis,"per 1,000,000 total population",29.0
WHO_REGIONS,AFR,African Region,2009.0,POLIO,Poliomyelitis,"per 1,000,000 <15 population",2.3
WHO_REGIONS,AFR,African Region,2009.0,RUBELLA,Rubella,"per 1,000,000 total population",25.2
WHO_REGIONS,AFR,African Region,2009.0,TTETANUS,Total tetanus,"per 1,000,000 total population",6.7
WHO_REGIONS,AFR,African Region,2009.0,YFEVER,Yellow fever,"per 1,000,000 total population",0.1
WHO_REGIONS,AFR,African Region,2008.0,CRS,Congenital rubella syndrome,"per 10,000 live births",0.0
WHO_REGIONS,AFR,African Region,2008.0,DIPHTHERIA,Diphtheria,"per 1,000,000 total population",0.3
WHO_REGIONS,AFR,African Region,2008.0,JAPENC,Japanese encephalitis,"per 1,000,000 total population",0.0
WHO_REGIONS,AFR,African Region,2008.0,MEASLES,Measles,"per 1,000,000 total population",44.7
WHO_REGIONS,AFR,African Region,2008.0,MUMPS,Mumps,"per 1,000,000 total population",99.5
WHO_REGIONS,AFR,African Region,2008.0,NTETANUS,Neonatal tetanus,per 1000 live births,0.1
WHO_REGIONS,AFR,African Region,2008.0,PERTUSSIS,Pertussis,"per 1,000,000 total population",37.3
WHO_REGIONS,AFR,African Region,2008.0,POLIO,Poliomyelitis,"per 1,000,000 <15 population",2.8
WHO_REGIONS,AFR,African Region,2008.0,RUBELLA,Rubella,"per 1,000,000 total population",22.3
WHO_REGIONS,AFR,African Region,2008.0,TTETANUS,Total tetanus,"per 1,000,000 total population",6.7
WHO_REGIONS,AFR,African Region,2008.0,YFEVER,Yellow fever,"per 1,000,000 total population",0.4
WHO_REGIONS,AFR,African Region,2007.0,CRS,Congenital rubella syndrome,"per 10,000 live births",0.0
WHO_REGIONS,AFR,African Region,2007.0,DIPHTHERIA,Diphtheria,"per 1,000,000 total population",0.1
WHO_REGIONS,AFR,African Region,2007.0,JAPENC,Japanese encephalitis,"per 1,000,000 total population",0.0
WHO_REGIONS,AFR,African Region,2007.0,MEASLES,Measles,"per 1,000,000 total population",94.9
WHO_REGIONS,AFR,African Region,2007.0,MUMPS,Mumps,"per 1,000,000 total population",118.1
WHO_REGIONS,AFR,African Region,2007.0,NTETANUS,Neonatal tetanus,per 1000 live births,0.0
WHO_REGIONS,AFR,African Region,2007.0,PERTUSSIS,Pertussis,"per 1,000,000 total population",42.4
WHO_REGIONS,AFR,African Region,2007.0,POLIO,Poliomyelitis,"per 1,000,000 <15 population",1.3
WHO_REGIONS,AFR,African Region,2007.0,RUBELLA,Rubella,"per 1,000,000 total population",6.3
WHO_REGIONS,AFR,African Region,2007.0,TTETANUS,Total tetanus,"per 1,000,000 total population",6.4
WHO_REGIONS,AFR,African Region,2007.0,YFEVER,Yellow fever,"per 1,000,000 total population",0.3
WHO_REGIONS,AFR,African Region,2006.0,CRS,Congenital rubella syndrome,"per 10,000 live births",0.0
WHO_REGIONS,AFR,African Region,2006.0,DIPHTHERIA,Diphtheria,"per 1,000,000 total population",0.9
WHO_REGIONS,AFR,African Region,2006.0,JAPENC,Japanese encephalitis,"per 1,000,000 total population",0.1
WHO_REGIONS,AFR,African Region,2006.0,MEASLES,Measles,"per 1,000,000 total population",126.8
WHO_REGIONS,AFR,African Region,2006.0,MUMPS,Mumps,"per 1,000,000 total population",154.2
WHO_REGIONS,AFR,African Region,2006.0,NTETANUS,Neonatal tetanus,per 1000 live births,0.1
WHO_REGIONS,AFR,African Region,2006.0,PERTUSSIS,Pertussis,"per 1,000,000 total population",38.0
WHO_REGIONS,AFR,African Region,2006.0,POLIO,Poliomyelitis,"per 1,000,000 <15 population",3.6
WHO_REGIONS,AFR,African Region,2006.0,RUBELLA,Rubella,"per 1,000,000 total population",5.1
WHO_REGIONS,AFR,African Region,2006.0,TTETANUS,Total tetanus,"per 1,000,000 total population",10.3
WHO_REGIONS,AFR,African Region,2006.0,YFEVER,Yellow fever,"per 1,000,000 total population",0.5
WHO_REGIONS,AFR,African Region,2005.0,CRS,Congenital rubella syndrome,"per 10,000 live births",0.0
WHO_REGIONS,AFR,African Region,2005.0,DIPHTHERIA,Diphtheria,"per 1,000,000 total population",0.2
WHO_REGIONS,AFR,African Region,2005.0,MEASLES,Measles,"per 1,000,000 total population",426.6
WHO_REGIONS,AFR,African Region,2005.0,MUMPS,Mumps,"per 1,000,000 total population",576.9
WHO_REGIONS,AFR,African Region,2005.0,NTETANUS,Neonatal tetanus,per 1000 live births,0.1
WHO_REGIONS,AFR,African Region,2005.0,PERTUSSIS,Pertussis,"per 1,000,000 total population",47.0
WHO_REGIONS,AFR,African Region,2005.0,POLIO,Poliomyelitis,"per 1,000,000 <15 population",2.7
WHO_REGIONS,AFR,African Region,2005.0,RUBELLA,Rubella,"per 1,000,000 total population",7.0
WHO_REGIONS,AFR,African Region,2005.0,TTETANUS,Total tetanus,"per 1,000,000 total population",5.0
WHO_REGIONS,AFR,African Region,2005.0,YFEVER,Yellow fever,"per 1,000,000 total population",1.0
WHO_REGIONS,AFR,African Region,2004.0,CRS,Congenital rubella syndrome,"per 10,000 live births",0.0
WHO_REGIONS,AFR,African Region,2004.0,DIPHTHERIA,Diphtheria,"per 1,000,000 total population",0.1
WHO_REGIONS,AFR,African Region,2004.0,MEASLES,Measles,"per 1,000,000 total population",296.2
WHO_REGIONS,AFR,African Region,2004.0,MUMPS,Mumps,"per 1,000,000 total population",307.6
WHO_REGIONS,AFR,African Region,2004.0,NTETANUS,Neonatal tetanus,per 1000 live births,0.1
WHO_REGIONS,AFR,African Region,2004.0,PERTUSSIS,Pertussis,"per 1,000,000 total population",55.8
WHO_REGIONS,AFR,African Region,2004.0,POLIO,Poliomyelitis,"per 1,000,000 <15 population",2.9
WHO_REGIONS,AFR,African Region,2004.0,RUBELLA,Rubella,"per 1,000,000 total population",11.5
WHO_REGIONS,AFR,African Region,2004.0,TTETANUS,Total tetanus,"per 1,000,000 total population",7.6
WHO_REGIONS,AFR,African Region,2004.0,YFEVER,Yellow fever,"per 1,000,000 total population",3.1
WHO_REGIONS,AFR,African Region,2003.0,CRS,Congenital rubella syndrome,"per 10,000 live births",0.1
WHO_REGIONS,AFR,African Region,2003.0,DIPHTHERIA,Diphtheria,"per 1,000,000 total population",0.6
WHO_REGIONS,AFR,African Region,2003.0,MEASLES,Measles,"per 1,000,000 total population",557.9
WHO_REGIONS,AFR,African Region,2003.0,MUMPS,Mumps,"per 1,000,000 total population",175.1
WHO_REGIONS,AFR,African Region,2003.0,NTETANUS,Neonatal tetanus,per 1000 live births,0.1
WHO_REGIONS,AFR,African Region,2003.0,PERTUSSIS,Pertussis,"per 1,000,000 total population",39.8
WHO_REGIONS,AFR,African Region,2003.0,POLIO,Poliomyelitis,"per 1,000,000 <15 population",1.4
WHO_REGIONS,AFR,African Region,2003.0,RUBELLA,Rubella,"per 1,000,000 total population",16.0
WHO_REGIONS,AFR,African Region,2003.0,TTETANUS,Total tetanus,"per 1,000,000 total population",6.6
WHO_REGIONS,AFR,African Region,2003.0,YFEVER,Yellow fever,"per 1,000,000 total population",1.1
WHO_REGIONS,AFR,African Region,2002.0,CRS,Congenital rubella syndrome,"per 10,000 live births",0.0
WHO_REGIONS,AFR,African Region,2002.0,DIPHTHERIA,Diphtheria,"per 1,000,000 total population",2.0
WHO_REGIONS,AFR,African Region,2002.0,MEASLES,Measles,"per 1,000,000 total population",409.7
WHO_REGIONS,AFR,African Region,2002.0,MUMPS,Mumps,"per 1,000,000 total population",130.3
WHO_REGIONS,AFR,African Region,2002.0,NTETANUS,Neonatal tetanus,per 1000 live births,0.2
WHO_REGIONS,AFR,African Region,2002.0,PERTUSSIS,Pertussis,"per 1,000,000 total population",37.9
WHO_REGIONS,AFR,African Region,2002.0,POLIO,Poliomyelitis,"per 1,000,000 <15 population",0.7
WHO_REGIONS,AFR,African Region,2002.0,RUBELLA,Rubella,"per 1,000,000 total population",11.4
WHO_REGIONS,AFR,African Region,2002.0,TTETANUS,Total tetanus,"per 1,000,000 total population",23.2
WHO_REGIONS,AFR,African Region,2002.0,YFEVER,Yellow fever,"per 1,000,000 total population",1.3
WHO_REGIONS,AFR,African Region,2001.0,CRS,Congenital rubella syndrome,"per 10,000 live births",0.0
WHO_REGIONS,AFR,African Region,2001.0,DIPHTHERIA,Diphtheria,"per 1,000,000 total population",6.2
WHO_REGIONS,AFR,African Region,2001.0,MEASLES,Measles,"per 1,000,000 total population",723.8
WHO_REGIONS,AFR,African Region,2001.0,MUMPS,Mumps,"per 1,000,000 total population",356.2
WHO_REGIONS,AFR,African Region,2001.0,NTETANUS,Neonatal tetanus,per 1000 live births,0.2
WHO_REGIONS,AFR,African Region,2001.0,PERTUSSIS,Pertussis,"per 1,000,000 total population",93.9
WHO_REGIONS,AFR,African Region,2001.0,POLIO,Poliomyelitis,"per 1,000,000 <15 population",0.2
WHO_REGIONS,AFR,African Region,2001.0,RUBELLA,Rubella,"per 1,000,000 total population",21.1
WHO_REGIONS,AFR,African Region,2001.0,TTETANUS,Total tetanus,"per 1,000,000 total population",15.0
WHO_REGIONS,AFR,African Region,2001.0,YFEVER,Yellow fever,"per 1,000,000 total population",1.0
WHO_REGIONS,AFR,African Region,2000.0,CRS,Congenital rubella syndrome,"per 10,000 live births",0.0
WHO_REGIONS,AFR,African Region,2000.0,DIPHTHERIA,Diphtheria,"per 1,000,000 total population",10.2
WHO_REGIONS,AFR,African Region,2000.0,MEASLES,Measles,"per 1,000,000 total population",821.3
WHO_REGIONS,AFR,African Region,2000.0,MUMPS,Mumps,"per 1,000,000 total population",850.0
WHO_REGIONS,AFR,African Region,2000.0,NTETANUS,Neonatal tetanus,per 1000 live births,0.2
WHO_REGIONS,AFR,African Region,2000.0,PERTUSSIS,Pertussis,"per 1,000,000 total population",113.2
WHO_REGIONS,AFR,African Region,2000.0,POLIO,Poliomyelitis,"per 1,000,000 <15 population",6.3
WHO_REGIONS,AFR,African Region,2000.0,RUBELLA,Rubella,"per 1,000,000 total population",15.8
WHO_REGIONS,AFR,African Region,2000.0,TTETANUS,Total tetanus,"per 1,000,000 total population",12.6
WHO_REGIONS,AFR,African Region,2000.0,YFEVER,Yellow fever,"per 1,000,000 total population",1.2
WHO_REGIONS,AFR,African Region,1999.0,CRS,Congenital rubella syndrome,"per 10,000 live births",0.0
WHO_REGIONS,AFR,African Region,1999.0,DIPHTHERIA,Diphtheria,"per 1,000,000 total population",0.7
WHO_REGIONS,AFR,African Region,1999.0,MEASLES,Measles,"per 1,000,000 total population",753.3
WHO_REGIONS,AFR,African Region,1999.0,MUMPS,Mumps,"per 1,000,000 total population",165.7
WHO_REGIONS,AFR,African Region,1999.0,NTETANUS,Neonatal tetanus,per 1000 live births,0.1
WHO_REGIONS,AFR,African Region,1999.0,PERTUSSIS,Pertussis,"per 1,000,000 total population",26.3
WHO_REGIONS,AFR,African Region,1999.0,POLIO,Poliomyelitis,"per 1,000,000 <15 population",
WHO_REGIONS,AFR,African Region,1999.0,RUBELLA,Rubella,"per 1,000,000 total population",0.6
WHO_REGIONS,AFR,African Region,1999.0,TTETANUS,Total tetanus,"per 1,000,000 total population",7.5
WHO_REGIONS,AFR,African Region,1999.0,YFEVER,Yellow fever,"per 1,000,000 total population",0.0
WHO_REGIONS,AFR,African Region,1998.0,DIPHTHERIA,Diphtheria,"per 1,000,000 total population",2.2
WHO_REGIONS,AFR,African Region,1998.0,MEASLES,Measles,"per 1,000,000 total population",627.3
WHO_REGIONS,AFR,African Region,1998.0,NTETANUS,Neonatal tetanus,per 1000 live births,0.2
WHO_REGIONS,AFR,African Region,1998.0,PERTUSSIS,Pertussis,"per 1,000,000 total population",80.5
WHO_REGIONS,AFR,African Region,1998.0,POLIO,Poliomyelitis,"per 1,000,000 <15 population",
WHO_REGIONS,AFR,African Region,1998.0,TTETANUS,Total tetanus,"per 1,000,000 total population",10.1
WHO_REGIONS,AFR,African Region,1998.0,YFEVER,Yellow fever,"per 1,000,000 total population",0.1
WHO_REGIONS,AFR,African Region,1997.0,DIPHTHERIA,Diphtheria,"per 1,000,000 total population",0.5
WHO_REGIONS,AFR,African Region,1997.0,MEASLES,Measles,"per 1,000,000 total population",484.7
WHO_REGIONS,AFR,African Region,1997.0,NTETANUS,Neonatal tetanus,per 1000 live births,0.1
WHO_REGIONS,AFR,African Region,1997.0,PERTUSSIS,Pertussis,"per 1,000,000 total population",49.4
WHO_REGIONS,AFR,African Region,1997.0,POLIO,Poliomyelitis,"per 1,000,000 <15 population",
WHO_REGIONS,AFR,African Region,1997.0,TTETANUS,Total tetanus,"per 1,000,000 total population",10.4
WHO_REGIONS,AFR,African Region,1997.0,YFEVER,Yellow fever,"per 1,000,000 total population",0.1
WHO_REGIONS,AFR,African Region,1996.0,DIPHTHERIA,Diphtheria,"per 1,000,000 total population",6.8
WHO_REGIONS,AFR,African Region,1996.0,MEASLES,Measles,"per 1,000,000 total population",815.0
WHO_REGIONS,AFR,African Region,1996.0,NTETANUS,Neonatal tetanus,per 1000 live births,0.1
WHO_REGIONS,AFR,African Region,1996.0,PERTUSSIS,Pertussis,"per 1,000,000 total population",87.8
WHO_REGIONS,AFR,African Region,1996.0,POLIO,Poliomyelitis,"per 1,000,000 <15 population",
WHO_REGIONS,AFR,African Region,1996.0,TTETANUS,Total tetanus,"per 1,000,000 total population",12.0
WHO_REGIONS,AFR,African Region,1996.0,YFEVER,Yellow fever,"per 1,000,000 total population",1.0
WHO_REGIONS,AFR,African Region,1995.0,DIPHTHERIA,Diphtheria,"per 1,000,000 total population",1.1
WHO_REGIONS,AFR,African Region,1995.0,MEASLES,Measles,"per 1,000,000 total population",628.2
WHO_REGIONS,AFR,African Region,1995.0,NTETANUS,Neonatal tetanus,per 1000 live births,0.1
WHO_REGIONS,AFR,African Region,1995.0,PERTUSSIS,Pertussis,"per 1,000,000 total population",70.8
WHO_REGIONS,AFR,African Region,1995.0,POLIO,Poliomyelitis,"per 1,000,000 <15 population",
WHO_REGIONS,AFR,African Region,1995.0,TTETANUS,Total tetanus,"per 1,000,000 total population",8.7
WHO_REGIONS,AFR,African Region,1995.0,YFEVER,Yellow fever,"per 1,000,000 total population",4.7
WHO_REGIONS,AFR,African Region,1994.0,DIPHTHERIA,Diphtheria,"per 1,000,000 total population",7.0
WHO_REGIONS,AFR,African Region,1994.0,MEASLES,Measles,"per 1,000,000 total population",758.5
WHO_REGIONS,AFR,African Region,1994.0,NTETANUS,Neonatal tetanus,per 1000 live births,0.2
WHO_REGIONS,AFR,African Region,1994.0,PERTUSSIS,Pertussis,"per 1,000,000 total population",115.2
WHO_REGIONS,AFR,African Region,1994.0,POLIO,Poliomyelitis,"per 1,000,000 <15 population",
WHO_REGIONS,AFR,African Region,1994.0,TTETANUS,Total tetanus,"per 1,000,000 total population",8.9
WHO_REGIONS,AFR,African Region,1994.0,YFEVER,Yellow fever,"per 1,000,000 total population",7.0
WHO_REGIONS,AFR,African Region,1993.0,DIPHTHERIA,Diphtheria,"per 1,000,000 total population",8.7
WHO_REGIONS,AFR,African Region,1993.0,MEASLES,Measles,"per 1,000,000 total population",733.8
WHO_REGIONS,AFR,African Region,1993.0,NTETANUS,Neonatal tetanus,per 1000 live births,0.2
WHO_REGIONS,AFR,African Region,1993.0,PERTUSSIS,Pertussis,"per 1,000,000 total population",133.9
WHO_REGIONS,AFR,African Region,1993.0,POLIO,Poliomyelitis,"per 1,000,000 <15 population",
WHO_REGIONS,AFR,African Region,1993.0,TTETANUS,Total tetanus,"per 1,000,000 total population",26.9
WHO_REGIONS,AFR,African Region,1993.0,YFEVER,Yellow fever,"per 1,000,000 total population",1.0
WHO_REGIONS,AFR,African Region,1992.0,DIPHTHERIA,Diphtheria,"per 1,000,000 total population",11.1
WHO_REGIONS,AFR,African Region,1992.0,MEASLES,Measles,"per 1,000,000 total population",1074.5
WHO_REGIONS,AFR,African Region,1992.0,NTETANUS,Neonatal tetanus,per 1000 live births,0.2
WHO_REGIONS,AFR,African Region,1992.0,PERTUSSIS,Pertussis,"per 1,000,000 total population",149.3
WHO_REGIONS,AFR,African Region,1992.0,POLIO,Poliomyelitis,"per 1,000,000 <15 population",
WHO_REGIONS,AFR,African Region,1992.0,TTETANUS,Total tetanus,"per 1,000,000 total population",25.4
WHO_REGIONS,AFR,African Region,1992.0,YFEVER,Yellow fever,"per 1,000,000 total population",0.8
WHO_REGIONS,AFR,African Region,1991.0,DIPHTHERIA,Diphtheria,"per 1,000,000 total population",10.3
WHO_REGIONS,AFR,African Region,1991.0,MEASLES,Measles,"per 1,000,000 total population",960.0
WHO_REGIONS,AFR,African Region,1991.0,NTETANUS,Neonatal tetanus,per 1000 live births,0.3
WHO_REGIONS,AFR,African Region,1991.0,PERTUSSIS,Pertussis,"per 1,000,000 total population",570.5
WHO_REGIONS,AFR,African Region,1991.0,POLIO,Poliomyelitis,"per 1,000,000 <15 population",
WHO_REGIONS,AFR,African Region,1991.0,TTETANUS,Total tetanus,"per 1,000,000 total population",25.5
WHO_REGIONS,AFR,African Region,1991.0,YFEVER,Yellow fever,"per 1,000,000 total population",11.5
WHO_REGIONS,AFR,African Region,1990.0,DIPHTHERIA,Diphtheria,"per 1,000,000 total population",6.1
WHO_REGIONS,AFR,African Region,1990.0,MEASLES,Measles,"per 1,000,000 total population",979.3
WHO_REGIONS,AFR,African Region,1990.0,NTETANUS,Neonatal tetanus,per 1000 live births,0.3
WHO_REGIONS,AFR,African Region,1990.0,PERTUSSIS,Pertussis,"per 1,000,000 total population",222.3
WHO_REGIONS,AFR,African Region,1990.0,POLIO,Poliomyelitis,"per 1,000,000 <15 population",
WHO_REGIONS,AFR,African Region,1990.0,TTETANUS,Total tetanus,"per 1,000,000 total population",27.5
WHO_REGIONS,AFR,African Region,1990.0,YFEVER,Yellow fever,"per 1,000,000 total population",24.1
WHO_REGIONS,AFR,African Region,1989.0,DIPHTHERIA,Diphtheria,"per 1,000,000 total population",14.4
WHO_REGIONS,AFR,African Region,1989.0,MEASLES,Measles,"per 1,000,000 total population",1137.5
WHO_REGIONS,AFR,African Region,1989.0,NTETANUS,Neonatal tetanus,per 1000 live births,0.4
WHO_REGIONS,AFR,African Region,1989.0,PERTUSSIS,Pertussis,"per 1,000,000 total population",272.5
WHO_REGIONS,AFR,African Region,1989.0,POLIO,Poliomyelitis,"per 1,000,000 <15 population",
WHO_REGIONS,AFR,African Region,1989.0,TTETANUS,Total tetanus,"per 1,000,000 total population",30.3
WHO_REGIONS,AFR,African Region,1989.0,YFEVER,Yellow fever,"per 1,000,000 total population",18.2
WHO_REGIONS,AFR,African Region,1988.0,DIPHTHERIA,Diphtheria,"per 1,000,000 total population",7.2
WHO_REGIONS,AFR,African Region,1988.0,MEASLES,Measles,"per 1,000,000 total population",1256.3
WHO_REGIONS,AFR,African Region,1988.0,NTETANUS,Neonatal tetanus,per 1000 live births,0.5
WHO_REGIONS,AFR,African Region,1988.0,PERTUSSIS,Pertussis,"per 1,000,000 total population",237.6
WHO_REGIONS,AFR,African Region,1988.0,POLIO,Poliomyelitis,"per 1,000,000 <15 population",
WHO_REGIONS,AFR,African Region,1988.0,TTETANUS,Total tetanus,"per 1,000,000 total population",33.1
WHO_REGIONS,AFR,African Region,1988.0,YFEVER,Yellow fever,"per 1,000,000 total population",39.8
WHO_REGIONS,AFR,African Region,1987.0,DIPHTHERIA,Diphtheria,"per 1,000,000 total population",4.1
WHO_REGIONS,AFR,African Region,1987.0,MEASLES,Measles,"per 1,000,000 total population",1421.5
WHO_REGIONS,AFR,African Region,1987.0,NTETANUS,Neonatal tetanus,per 1000 live births,0.5
WHO_REGIONS,AFR,African Region,1987.0,PERTUSSIS,Pertussis,"per 1,000,000 total population",418.1
WHO_REGIONS,AFR,African Region,1987.0,POLIO,Poliomyelitis,"per 1,000,000 <15 population",
WHO_REGIONS,AFR,African Region,1987.0,TTETANUS,Total tetanus,"per 1,000,000 total population",38.0
WHO_REGIONS,AFR,African Region,1987.0,YFEVER,Yellow fever,"per 1,000,000 total population",25.7
WHO_REGIONS,AFR,African Region,1986.0,DIPHTHERIA,Diphtheria,"per 1,000,000 total population",7.0
WHO_REGIONS,AFR,African Region,1986.0,MEASLES,Measles,"per 1,000,000 total population",1547.6
WHO_REGIONS,AFR,African Region,1986.0,NTETANUS,Neonatal tetanus,per 1000 live births,0.4
WHO_REGIONS,AFR,African Region,1986.0,PERTUSSIS,Pertussis,"per 1,000,000 total population",457.1
WHO_REGIONS,AFR,African Region,1986.0,POLIO,Poliomyelitis,"per 1,000,000 <15 population",
WHO_REGIONS,AFR,African Region,1986.0,TTETANUS,Total tetanus,"per 1,000,000 total population",29.3
WHO_REGIONS,AFR,African Region,1986.0,YFEVER,Yellow fever,"per 1,000,000 total population",15.1
WHO_REGIONS,AFR,African Region,1985.0,DIPHTHERIA,Diphtheria,"per 1,000,000 total population",13.8
WHO_REGIONS,AFR,African Region,1985.0,MEASLES,Measles,"per 1,000,000 total population",2730.5
WHO_REGIONS,AFR,African Region,1985.0,NTETANUS,Neonatal tetanus,per 1000 live births,0.4
WHO_REGIONS,AFR,African Region,1985.0,PERTUSSIS,Pertussis,"per 1,000,000 total population",644.5
WHO_REGIONS,AFR,African Region,1985.0,POLIO,Poliomyelitis,"per 1,000,000 <15 population",
WHO_REGIONS,AFR,African Region,1985.0,TTETANUS,Total tetanus,"per 1,000,000 total population",36.5
WHO_REGIONS,AFR,African Region,1985.0,YFEVER,Yellow fever,"per 1,000,000 total population",0.1
WHO_REGIONS,AFR,African Region,1984.0,DIPHTHERIA,Diphtheria,"per 1,000,000 total population",14.5
WHO_REGIONS,AFR,African Region,1984.0,MEASLES,Measles,"per 1,000,000 total population",2563.8
WHO_REGIONS,AFR,African Region,1984.0,NTETANUS,Neonatal tetanus,per 1000 live births,0.5
WHO_REGIONS,AFR,African Region,1984.0,PERTUSSIS,Pertussis,"per 1,000,000 total population",683.5
WHO_REGIONS,AFR,African Region,1984.0,POLIO,Poliomyelitis,"per 1,000,000 <15 population",
WHO_REGIONS,AFR,African Region,1984.0,TTETANUS,Total tetanus,"per 1,000,000 total population",41.9
WHO_REGIONS,AFR,African Region,1984.0,YFEVER,Yellow fever,"per 1,000,000 total population",8.9
WHO_REGIONS,AFR,African Region,1983.0,DIPHTHERIA,Diphtheria,"per 1,000,000 total population",10.4
WHO_REGIONS,AFR,African Region,1983.0,MEASLES,Measles,"per 1,000,000 total population",3250.4
WHO_REGIONS,AFR,African Region,1983.0,NTETANUS,Neonatal tetanus,per 1000 live births,0.4
WHO_REGIONS,AFR,African Region,1983.0,PERTUSSIS,Pertussis,"per 1,000,000 total population",894.0
WHO_REGIONS,AFR,African Region,1983.0,POLIO,Poliomyelitis,"per 1,000,000 <15 population",
WHO_REGIONS,AFR,African Region,1983.0,TTETANUS,Total tetanus,"per 1,000,000 total population",44.7
WHO_REGIONS,AFR,African Region,1983.0,YFEVER,Yellow fever,"per 1,000,000 total population",7.4
WHO_REGIONS,AFR,African Region,1982.0,DIPHTHERIA,Diphtheria,"per 1,000,000 total population",11.9
WHO_REGIONS,AFR,African Region,1982.0,MEASLES,Measles,"per 1,000,000 total population",3338.4
WHO_REGIONS,AFR,African Region,1982.0,NTETANUS,Neonatal tetanus,per 1000 live births,0.6
WHO_REGIONS,AFR,African Region,1982.0,PERTUSSIS,Pertussis,"per 1,000,000 total population",1171.2
WHO_REGIONS,AFR,African Region,1982.0,POLIO,Poliomyelitis,"per 1,000,000 <15 population",
WHO_REGIONS,AFR,African Region,1982.0,TTETANUS,Total tetanus,"per 1,000,000 total population",58.0
WHO_REGIONS,AFR,African Region,1982.0,YFEVER,Yellow fever,"per 1,000,000 total population",1.4
WHO_REGIONS,AFR,African Region,1981.0,DIPHTHERIA,Diphtheria,"per 1,000,000 total population",7.4
WHO_REGIONS,AFR,African Region,1981.0,MEASLES,Measles,"per 1,000,000 total population",3624.8
WHO_REGIONS,AFR,African Region,1981.0,NTETANUS,Neonatal tetanus,per 1000 live births,0.6
WHO_REGIONS,AFR,African Region,1981.0,PERTUSSIS,Pertussis,"per 1,000,000 total population",1070.4
WHO_REGIONS,AFR,African Region,1981.0,POLIO,Poliomyelitis,"per 1,000,000 <15 population",
WHO_REGIONS,AFR,African Region,1981.0,TTETANUS,Total tetanus,"per 1,000,000 total population",55.3
WHO_REGIONS,AFR,African Region,1981.0,YFEVER,Yellow fever,"per 1,000,000 total population",0.4
WHO_REGIONS,AFR,African Region,1980.0,DIPHTHERIA,Diphtheria,"per 1,000,000 total population",24.7
WHO_REGIONS,AFR,African Region,1980.0,MEASLES,Measles,"per 1,000,000 total population",3402.6
WHO_REGIONS,AFR,African Region,1980.0,NTETANUS,Neonatal tetanus,per 1000 live births,0.6
WHO_REGIONS,AFR,African Region,1980.0,PERTUSSIS,Pertussis,"per 1,000,000 total population",1167.0
WHO_REGIONS,AFR,African Region,1980.0,POLIO,Poliomyelitis,"per 1,000,000 <15 population",
WHO_REGIONS,AFR,African Region,1980.0,TTETANUS,Total tetanus,"per 1,000,000 total population",50.5
WHO_REGIONS,AFR,African Region,1980.0,YFEVER,Yellow fever,"per 1,000,000 total population",0.3
WHO_REGIONS,AMR,Region of the Americas,2023.0,CRS,Congenital rubella syndrome,"per 10,000 live births",0.0
WHO_REGIONS,AMR,Region of the Americas,2023.0,DIPHTHERIA,Diphtheria,"per 1,000,000 total population",0.0
WHO_REGIONS,AMR,Region of the Americas,2023.0,INVASIVE_MENING,Invasive meningococcal disease,"per 1,000,000 total population",2.0
WHO_REGIONS,AMR,Region of the Americas,2023.0,MEASLES,Measles,"per 1,000,000 total population",0.0
WHO_REGIONS,AMR,Region of the Americas,2023.0,MUMPS,Mumps,"per 1,000,000 total population",30.7
WHO_REGIONS,AMR,Region of the Americas,2023.0,NTETANUS,Neonatal tetanus,per 1000 live births,0.0
WHO_REGIONS,AMR,Region of the Americas,2023.0,PERTUSSIS,Pertussis,"per 1,000,000 total population",6.0
WHO_REGIONS,AMR,Region of the Americas,2023.0,POLIO,Poliomyelitis,"per 1,000,000 <15 population",0.0
WHO_REGIONS,AMR,Region of the Americas,2023.0,RUBELLA,Rubella,"per 1,000,000 total population",0.0
WHO_REGIONS,AMR,Region of the Americas,2023.0,TTETANUS,Total tetanus,"per 1,000,000 total population",0.7
WHO_REGIONS,AMR,Region of the Americas,2023.0,TYPHOID,Typhoid,"per 1,000,000 total population",3.6
WHO_REGIONS,AMR,Region of the Americas,2023.0,YFEVER,Yellow fever,"per 1,000,000 total population",0.1
WHO_REGIONS,AMR,Region of the Americas,2022.0,CRS,Congenital rubella syndrome,"per 10,000 live births",0.0
WHO_REGIONS,AMR,Region of the Americas,2022.0,DIPHTHERIA,Diphtheria,"per 1,000,000 total population",0.1
WHO_REGIONS,AMR,Region of the Americas,2022.0,INVASIVE_MENING,Invasive meningococcal disease,"per 1,000,000 total population",0.9
WHO_REGIONS,AMR,Region of the Americas,2022.0,MEASLES,Measles,"per 1,000,000 total population",0.1
WHO_REGIONS,AMR,Region of the Americas,2022.0,MUMPS,Mumps,"per 1,000,000 total population",20.0
WHO_REGIONS,AMR,Region of the Americas,2022.0,NTETANUS,Neonatal tetanus,per 1000 live births,0.0
WHO_REGIONS,AMR,Region of the Americas,2022.0,PERTUSSIS,Pertussis,"per 1,000,000 total population",3.2
WHO_REGIONS,AMR,Region of the Americas,2022.0,POLIO,Poliomyelitis,"per 1,000,000 <15 population",0.0
WHO_REGIONS,AMR,Region of the Americas,2022.0,RUBELLA,Rubella,"per 1,000,000 total population",0.0
WHO_REGIONS,AMR,Region of the Americas,2022.0,TTETANUS,Total tetanus,"per 1,000,000 total population",0.4
WHO_REGIONS,AMR,Region of the Americas,2022.0,TYPHOID,Typhoid,"per 1,000,000 total population",8.3
WHO_REGIONS,AMR,Region of the Americas,2022.0,YFEVER,Yellow fever,"per 1,000,000 total population",0.0
WHO_REGIONS,AMR,Region of the Americas,2021.0,CRS,Congenital rubella syndrome,"per 10,000 live births",0.0
WHO_REGIONS,AMR,Region of the Americas,2021.0,DIPHTHERIA,Diphtheria,"per 1,000,000 total population",0.1
WHO_REGIONS,AMR,Region of the Americas,2021.0,INVASIVE_MENING,Invasive meningococcal disease,"per 1,000,000 total population",0.6
WHO_REGIONS,AMR,Region of the Americas,2021.0,MEASLES,Measles,"per 1,000,000 total population",0.7
WHO_REGIONS,AMR,Region of the Americas,2021.0,MUMPS,Mumps,"per 1,000,000 total population",14.1
WHO_REGIONS,AMR,Region of the Americas,2021.0,NTETANUS,Neonatal tetanus,per 1000 live births,0.0
WHO_REGIONS,AMR,Region of the Americas,2021.0,PERTUSSIS,Pertussis,"per 1,000,000 total population",6.6
WHO_REGIONS,AMR,Region of the Americas,2021.0,POLIO,Poliomyelitis,"per 1,000,000 <15 population",0.0
WHO_REGIONS,AMR,Region of the Americas,2021.0,RUBELLA,Rubella,"per 1,000,000 total population",0.0
WHO_REGIONS,AMR,Region of the Americas,2021.0,TTETANUS,Total tetanus,"per 1,000,000 total population",0.4
WHO_REGIONS,AMR,Region of the Americas,2021.0,TYPHOID,Typhoid,"per 1,000,000 total population",3.4
WHO_REGIONS,AMR,Region of the Americas,2021.0,YFEVER,Yellow fever,"per 1,000,000 total population",0.1
WHO_REGIONS,AMR,Region of the Americas,2020.0,CRS,Congenital rubella syndrome,"per 10,000 live births",0.0
WHO_REGIONS,AMR,Region of the Americas,2020.0,DIPHTHERIA,Diphtheria,"per 1,000,000 total population",0.1
WHO_REGIONS,AMR,Region of the Americas,2020.0,INVASIVE_MENING,Invasive meningococcal disease,"per 1,000,000 total population",0.9
WHO_REGIONS,AMR,Region of the Americas,2020.0,MEASLES,Measles,"per 1,000,000 total population",9.8
WHO_REGIONS,AMR,Region of the Americas,2020.0,MUMPS,Mumps,"per 1,000,000 total population",22.0
WHO_REGIONS,AMR,Region of the Americas,2020.0,NTETANUS,Neonatal tetanus,per 1000 live births,0.0
WHO_REGIONS,AMR,Region of the Americas,2020.0,PERTUSSIS,Pertussis,"per 1,000,000 total population",20.1
WHO_REGIONS,AMR,Region of the Americas,2020.0,POLIO,Poliomyelitis,"per 1,000,000 <15 population",0.0
WHO_REGIONS,AMR,Region of the Americas,2020.0,RUBELLA,Rubella,"per 1,000,000 total population",0.0
WHO_REGIONS,AMR,Region of the Americas,2020.0,TTETANUS,Total tetanus,"per 1,000,000 total population",0.4
WHO_REGIONS,AMR,Region of the Americas,2020.0,TYPHOID,Typhoid,"per 1,000,000 total population",3.8
WHO_REGIONS,AMR,Region of the Americas,2020.0,YFEVER,Yellow fever,"per 1,000,000 total population",0.0
WHO_REGIONS,AMR,Region of the Americas,2019.0,CRS,Congenital rubella syndrome,"per 10,000 live births",0.0
WHO_REGIONS,AMR,Region of the Americas,2019.0,DIPHTHERIA,Diphtheria,"per 1,000,000 total population",0.3
WHO_REGIONS,AMR,Region of the Americas,2019.0,JAPENC,Japanese encephalitis,"per 1,000,000 total population",0.0
WHO_REGIONS,AMR,Region of the Americas,2019.0,MEASLES,Measles,"per 1,000,000 total population",32.6
WHO_REGIONS,AMR,Region of the Americas,2019.0,MUMPS,Mumps,"per 1,000,000 total population",132.1
WHO_REGIONS,AMR,Region of the Americas,2019.0,NTETANUS,Neonatal tetanus,per 1000 live births,0.0
WHO_REGIONS,AMR,Region of the Americas,2019.0,PERTUSSIS,Pertussis,"per 1,000,000 total population",11.5
WHO_REGIONS,AMR,Region of the Americas,2019.0,POLIO,Poliomyelitis,"per 1,000,000 <15 population",0.0
WHO_REGIONS,AMR,Region of the Americas,2019.0,RUBELLA,Rubella,"per 1,000,000 total population",0.0
WHO_REGIONS,AMR,Region of the Americas,2019.0,TTETANUS,Total tetanus,"per 1,000,000 total population",0.5
WHO_REGIONS,AMR,Region of the Americas,2019.0,TYPHOID,Typhoid,"per 1,000,000 total population",4.0
WHO_REGIONS,AMR,Region of the Americas,2019.0,YFEVER,Yellow fever,"per 1,000,000 total population",0.2
WHO_REGIONS,AMR,Region of the Americas,2018.0,CRS,Congenital rubella syndrome,"per 10,000 live births",0.0
WHO_REGIONS,AMR,Region of the Americas,2018.0,DIPHTHERIA,Diphtheria,"per 1,000,000 total population",0.9
WHO_REGIONS,AMR,Region of the Americas,2018.0,JAPENC,Japanese encephalitis,"per 1,000,000 total population",0.0
WHO_REGIONS,AMR,Region of the Americas,2018.0,MEASLES,Measles,"per 1,000,000 total population",16.6
WHO_REGIONS,AMR,Region of the Americas,2018.0,MUMPS,Mumps,"per 1,000,000 total population",107.9
WHO_REGIONS,AMR,Region of the Americas,2018.0,NTETANUS,Neonatal tetanus,per 1000 live births,0.0
WHO_REGIONS,AMR,Region of the Americas,2018.0,PERTUSSIS,Pertussis,"per 1,000,000 total population",23.5
WHO_REGIONS,AMR,Region of the Americas,2018.0,POLIO,Poliomyelitis,"per 1,000,000 <15 population",0.0
WHO_REGIONS,AMR,Region of the Americas,2018.0,RUBELLA,Rubella,"per 1,000,000 total population",0.0
WHO_REGIONS,AMR,Region of the Americas,2018.0,TTETANUS,Total tetanus,"per 1,000,000 total population",0.3
WHO_REGIONS,AMR,Region of the Americas,2018.0,TYPHOID,Typhoid,"per 1,000,000 total population",6.8
WHO_REGIONS,AMR,Region of the Americas,2018.0,YFEVER,Yellow fever,"per 1,000,000 total population",2.0
WHO_REGIONS,AMR,Region of the Americas,2017.0,CRS,Congenital rubella syndrome,"per 10,000 live births",0.0
WHO_REGIONS,AMR,Region of the Americas,2017.0,DIPHTHERIA,Diphtheria,"per 1,000,000 total population",0.9
WHO_REGIONS,AMR,Region of the Americas,2017.0,MEASLES,Measles,"per 1,000,000 total population",1.1
WHO_REGIONS,AMR,Region of the Americas,2017.0,MUMPS,Mumps,"per 1,000,000 total population",84.6
WHO_REGIONS,AMR,Region of the Americas,2017.0,NTETANUS,Neonatal tetanus,per 1000 live births,0.0
WHO_REGIONS,AMR,Region of the Americas,2017.0,PERTUSSIS,Pertussis,"per 1,000,000 total population",29.4
WHO_REGIONS,AMR,Region of the Americas,2017.0,POLIO,Poliomyelitis,"per 1,000,000 <15 population",0.0
WHO_REGIONS,AMR,Region of the Americas,2017.0,RUBELLA,Rubella,"per 1,000,000 total population",0.0
WHO_REGIONS,AMR,Region of the Americas,2017.0,TTETANUS,Total tetanus,"per 1,000,000 total population",0.5
WHO_REGIONS,AMR,Region of the Americas,2017.0,YFEVER,Yellow fever,"per 1,000,000 total population",1.3
WHO_REGIONS,AMR,Region of the Americas,2016.0,CRS,Congenital rubella syndrome,"per 10,000 live births",0.0
WHO_REGIONS,AMR,Region of the Americas,2016.0,DIPHTHERIA,Diphtheria,"per 1,000,000 total population",0.0
WHO_REGIONS,AMR,Region of the Americas,2016.0,MEASLES,Measles,"per 1,000,000 total population",0.1
WHO_REGIONS,AMR,Region of the Americas,2016.0,MUMPS,Mumps,"per 1,000,000 total population",37.1
WHO_REGIONS,AMR,Region of the Americas,2016.0,NTETANUS,Neonatal tetanus,per 1000 live births,0.0
WHO_REGIONS,AMR,Region of the Americas,2016.0,PERTUSSIS,Pertussis,"per 1,000,000 total population",28.8
WHO_REGIONS,AMR,Region of the Americas,2016.0,POLIO,Poliomyelitis,"per 1,000,000 <15 population",0.0
WHO_REGIONS,AMR,Region of the Americas,2016.0,RUBELLA,Rubella,"per 1,000,000 total population",0.0
WHO_REGIONS,AMR,Region of the Americas,2016.0,TTETANUS,Total tetanus,"per 1,000,000 total population",0.5
WHO_REGIONS,AMR,Region of the Americas,2016.0,YFEVER,Yellow fever,"per 1,000,000 total population",0.2
WHO_REGIONS,AMR,Region of the Americas,2015.0,CRS,Congenital rubella syndrome,"per 10,000 live births",0.0
WHO_REGIONS,AMR,Region of the Americas,2015.0,DIPHTHERIA,Diphtheria,"per 1,000,000 total population",0.1
WHO_REGIONS,AMR,Region of the Americas,2015.0,JAPENC,Japanese encephalitis,"per 1,000,000 total population",
WHO_REGIONS,AMR,Region of the Americas,2015.0,MEASLES,Measles,"per 1,000,000 total population",0.6
WHO_REGIONS,AMR,Region of the Americas,2015.0,MUMPS,Mumps,"per 1,000,000 total population",21.1
WHO_REGIONS,AMR,Region of the Americas,2015.0,NTETANUS,Neonatal tetanus,per 1000 live births,0.0
WHO_REGIONS,AMR,Region of the Americas,2015.0,PERTUSSIS,Pertussis,"per 1,000,000 total population",32.9
WHO_REGIONS,AMR,Region of the Americas,2015.0,POLIO,Poliomyelitis,"per 1,000,000 <15 population",0.0
WHO_REGIONS,AMR,Region of the Americas,2015.0,RUBELLA,Rubella,"per 1,000,000 total population",0.0
WHO_REGIONS,AMR,Region of the Americas,2015.0,TTETANUS,Total tetanus,"per 1,000,000 total population",0.6
WHO_REGIONS,AMR,Region of the Americas,2015.0,YFEVER,Yellow fever,"per 1,000,000 total population",0.1
WHO_REGIONS,AMR,Region of the Americas,2014.0,CRS,Congenital rubella syndrome,"per 10,000 live births",0.0
WHO_REGIONS,AMR,Region of the Americas,2014.0,DIPHTHERIA,Diphtheria,"per 1,000,000 total population",0.0
WHO_REGIONS,AMR,Region of the Americas,2014.0,JAPENC,Japanese encephalitis,"per 1,000,000 total population",
WHO_REGIONS,AMR,Region of the Americas,2014.0,MEASLES,Measles,"per 1,000,000 total population",2.0
WHO_REGIONS,AMR,Region of the Americas,2014.0,MUMPS,Mumps,"per 1,000,000 total population",19.0
WHO_REGIONS,AMR,Region of the Americas,2014.0,NTETANUS,Neonatal tetanus,per 1000 live births,0.0
WHO_REGIONS,AMR,Region of the Americas,2014.0,PERTUSSIS,Pertussis,"per 1,000,000 total population",48.4
WHO_REGIONS,AMR,Region of the Americas,2014.0,POLIO,Poliomyelitis,"per 1,000,000 <15 population",0.0
WHO_REGIONS,AMR,Region of the Americas,2014.0,RUBELLA,Rubella,"per 1,000,000 total population",0.0
WHO_REGIONS,AMR,Region of the Americas,2014.0,TTETANUS,Total tetanus,"per 1,000,000 total population",0.5
WHO_REGIONS,AMR,Region of the Americas,2014.0,YFEVER,Yellow fever,"per 1,000,000 total population",0.0
WHO_REGIONS,AMR,Region of the Americas,2013.0,CRS,Congenital rubella syndrome,"per 10,000 live births",0.0
WHO_REGIONS,AMR,Region of the Americas,2013.0,DIPHTHERIA,Diphtheria,"per 1,000,000 total population",0.0
WHO_REGIONS,AMR,Region of the Americas,2013.0,JAPENC,Japanese encephalitis,"per 1,000,000 total population",
WHO_REGIONS,AMR,Region of the Americas,2013.0,MEASLES,Measles,"per 1,000,000 total population",0.5
WHO_REGIONS,AMR,Region of the Americas,2013.0,MUMPS,Mumps,"per 1,000,000 total population",17.9
WHO_REGIONS,AMR,Region of the Americas,2013.0,NTETANUS,Neonatal tetanus,per 1000 live births,0.0
WHO_REGIONS,AMR,Region of the Americas,2013.0,PERTUSSIS,Pertussis,"per 1,000,000 total population",58.0
WHO_REGIONS,AMR,Region of the Americas,2013.0,POLIO,Poliomyelitis,"per 1,000,000 <15 population",0.0
WHO_REGIONS,AMR,Region of the Americas,2013.0,RUBELLA,Rubella,"per 1,000,000 total population",0.0
WHO_REGIONS,AMR,Region of the Americas,2013.0,TTETANUS,Total tetanus,"per 1,000,000 total population",0.5
WHO_REGIONS,AMR,Region of the Americas,2013.0,YFEVER,Yellow fever,"per 1,000,000 total population",0.0
WHO_REGIONS,AMR,Region of the Americas,2012.0,CRS,Congenital rubella syndrome,"per 10,000 live births",0.0
WHO_REGIONS,AMR,Region of the Americas,2012.0,DIPHTHERIA,Diphtheria,"per 1,000,000 total population",0.0
WHO_REGIONS,AMR,Region of the Americas,2012.0,JAPENC,Japanese encephalitis,"per 1,000,000 total population",
WHO_REGIONS,AMR,Region of the Americas,2012.0,MEASLES,Measles,"per 1,000,000 total population",0.2
WHO_REGIONS,AMR,Region of the Americas,2012.0,MUMPS,Mumps,"per 1,000,000 total population",24.8
WHO_REGIONS,AMR,Region of the Americas,2012.0,NTETANUS,Neonatal tetanus,per 1000 live births,0.0
WHO_REGIONS,AMR,Region of the Americas,2012.0,PERTUSSIS,Pertussis,"per 1,000,000 total population",76.3
WHO_REGIONS,AMR,Region of the Americas,2012.0,POLIO,Poliomyelitis,"per 1,000,000 <15 population",0.0
WHO_REGIONS,AMR,Region of the Americas,2012.0,RUBELLA,Rubella,"per 1,000,000 total population",0.0
WHO_REGIONS,AMR,Region of the Americas,2012.0,TTETANUS,Total tetanus,"per 1,000,000 total population",0.6
WHO_REGIONS,AMR,Region of the Americas,2012.0,YFEVER,Yellow fever,"per 1,000,000 total population",0.0
WHO_REGIONS,AMR,Region of the Americas,2011.0,CRS,Congenital rubella syndrome,"per 10,000 live births",0.0
WHO_REGIONS,AMR,Region of the Americas,2011.0,DIPHTHERIA,Diphtheria,"per 1,000,000 total population",0.0
WHO_REGIONS,AMR,Region of the Americas,2011.0,MEASLES,Measles,"per 1,000,000 total population",1.4
WHO_REGIONS,AMR,Region of the Americas,2011.0,MUMPS,Mumps,"per 1,000,000 total population",43.1
WHO_REGIONS,AMR,Region of the Americas,2011.0,NTETANUS,Neonatal tetanus,per 1000 live births,0.0
WHO_REGIONS,AMR,Region of the Americas,2011.0,PERTUSSIS,Pertussis,"per 1,000,000 total population",31.7
WHO_REGIONS,AMR,Region of the Americas,2011.0,POLIO,Poliomyelitis,"per 1,000,000 <15 population",0.0
WHO_REGIONS,AMR,Region of the Americas,2011.0,RUBELLA,Rubella,"per 1,000,000 total population",0.0
WHO_REGIONS,AMR,Region of the Americas,2011.0,TTETANUS,Total tetanus,"per 1,000,000 total population",0.6
WHO_REGIONS,AMR,Region of the Americas,2011.0,YFEVER,Yellow fever,"per 1,000,000 total population",0.0
WHO_REGIONS,AMR,Region of the Americas,2010.0,CRS,Congenital rubella syndrome,"per 10,000 live births",0.0
WHO_REGIONS,AMR,Region of the Americas,2010.0,DIPHTHERIA,Diphtheria,"per 1,000,000 total population",0.1
WHO_REGIONS,AMR,Region of the Americas,2010.0,MEASLES,Measles,"per 1,000,000 total population",0.3
WHO_REGIONS,AMR,Region of the Americas,2010.0,MUMPS,Mumps,"per 1,000,000 total population",41.3
WHO_REGIONS,AMR,Region of the Americas,2010.0,NTETANUS,Neonatal tetanus,per 1000 live births,0.0
WHO_REGIONS,AMR,Region of the Americas,2010.0,PERTUSSIS,Pertussis,"per 1,000,000 total population",33.9
WHO_REGIONS,AMR,Region of the Americas,2010.0,POLIO,Poliomyelitis,"per 1,000,000 <15 population",0.0
WHO_REGIONS,AMR,Region of the Americas,2010.0,RUBELLA,Rubella,"per 1,000,000 total population",0.0
WHO_REGIONS,AMR,Region of the Americas,2010.0,TTETANUS,Total tetanus,"per 1,000,000 total population",0.7
WHO_REGIONS,AMR,Region of the Americas,2010.0,YFEVER,Yellow fever,"per 1,000,000 total population",0.0
WHO_REGIONS,AMR,Region of the Americas,2009.0,CRS,Congenital rubella syndrome,"per 10,000 live births",0.0
WHO_REGIONS,AMR,Region of the Americas,2009.0,DIPHTHERIA,Diphtheria,"per 1,000,000 total population",0.0
WHO_REGIONS,AMR,Region of the Americas,2009.0,MEASLES,Measles,"per 1,000,000 total population",0.1
WHO_REGIONS,AMR,Region of the Americas,2009.0,MUMPS,Mumps,"per 1,000,000 total population",34.1
WHO_REGIONS,AMR,Region of the Americas,2009.0,NTETANUS,Neonatal tetanus,per 1000 live births,0.0
WHO_REGIONS,AMR,Region of the Americas,2009.0,PERTUSSIS,Pertussis,"per 1,000,000 total population",8.0
WHO_REGIONS,AMR,Region of the Americas,2009.0,POLIO,Poliomyelitis,"per 1,000,000 <15 population",0.0
WHO_REGIONS,AMR,Region of the Americas,2009.0,RUBELLA,Rubella,"per 1,000,000 total population",0.0
WHO_REGIONS,AMR,Region of the Americas,2009.0,TTETANUS,Total tetanus,"per 1,000,000 total population",0.6
WHO_REGIONS,AMR,Region of the Americas,2009.0,YFEVER,Yellow fever,"per 1,000,000 total population",0.1
WHO_REGIONS,AMR,Region of the Americas,2008.0,CRS,Congenital rubella syndrome,"per 10,000 live births",0.2
WHO_REGIONS,AMR,Region of the Americas,2008.0,DIPHTHERIA,Diphtheria,"per 1,000,000 total population",0.1
WHO_REGIONS,AMR,Region of the Americas,2008.0,MEASLES,Measles,"per 1,000,000 total population",0.2
WHO_REGIONS,AMR,Region of the Americas,2008.0,MUMPS,Mumps,"per 1,000,000 total population",58.9
WHO_REGIONS,AMR,Region of the Americas,2008.0,NTETANUS,Neonatal tetanus,per 1000 live births,0.0
WHO_REGIONS,AMR,Region of the Americas,2008.0,PERTUSSIS,Pertussis,"per 1,000,000 total population",27.0
WHO_REGIONS,AMR,Region of the Americas,2008.0,POLIO,Poliomyelitis,"per 1,000,000 <15 population",0.0
WHO_REGIONS,AMR,Region of the Americas,2008.0,RUBELLA,Rubella,"per 1,000,000 total population",5.0
WHO_REGIONS,AMR,Region of the Americas,2008.0,TTETANUS,Total tetanus,"per 1,000,000 total population",0.7
WHO_REGIONS,AMR,Region of the Americas,2008.0,YFEVER,Yellow fever,"per 1,000,000 total population",0.1
WHO_REGIONS,AMR,Region of the Americas,2007.0,CRS,Congenital rubella syndrome,"per 10,000 live births",0.0
WHO_REGIONS,AMR,Region of the Americas,2007.0,DIPHTHERIA,Diphtheria,"per 1,000,000 total population",0.0
WHO_REGIONS,AMR,Region of the Americas,2007.0,JAPENC,Japanese encephalitis,"per 1,000,000 total population",0.0
WHO_REGIONS,AMR,Region of the Americas,2007.0,MEASLES,Measles,"per 1,000,000 total population",0.2
WHO_REGIONS,AMR,Region of the Americas,2007.0,MUMPS,Mumps,"per 1,000,000 total population",56.6
WHO_REGIONS,AMR,Region of the Americas,2007.0,NTETANUS,Neonatal tetanus,per 1000 live births,0.0
WHO_REGIONS,AMR,Region of the Americas,2007.0,PERTUSSIS,Pertussis,"per 1,000,000 total population",22.7
WHO_REGIONS,AMR,Region of the Americas,2007.0,POLIO,Poliomyelitis,"per 1,000,000 <15 population",0.0
WHO_REGIONS,AMR,Region of the Americas,2007.0,RUBELLA,Rubella,"per 1,000,000 total population",14.7
WHO_REGIONS,AMR,Region of the Americas,2007.0,TTETANUS,Total tetanus,"per 1,000,000 total population",0.8
WHO_REGIONS,AMR,Region of the Americas,2007.0,YFEVER,Yellow fever,"per 1,000,000 total population",0.1
WHO_REGIONS,AMR,Region of the Americas,2006.0,CRS,Congenital rubella syndrome,"per 10,000 live births",0.0
WHO_REGIONS,AMR,Region of the Americas,2006.0,DIPHTHERIA,Diphtheria,"per 1,000,000 total population",0.0
WHO_REGIONS,AMR,Region of the Americas,2006.0,JAPENC,Japanese encephalitis,"per 1,000,000 total population",0.0
WHO_REGIONS,AMR,Region of the Americas,2006.0,MEASLES,Measles,"per 1,000,000 total population",0.3
WHO_REGIONS,AMR,Region of the Americas,2006.0,MUMPS,Mumps,"per 1,000,000 total population",57.1
WHO_REGIONS,AMR,Region of the Americas,2006.0,NTETANUS,Neonatal tetanus,per 1000 live births,0.0
WHO_REGIONS,AMR,Region of the Americas,2006.0,PERTUSSIS,Pertussis,"per 1,000,000 total population",27.9
WHO_REGIONS,AMR,Region of the Americas,2006.0,POLIO,Poliomyelitis,"per 1,000,000 <15 population",0.0
WHO_REGIONS,AMR,Region of the Americas,2006.0,RUBELLA,Rubella,"per 1,000,000 total population",3.4
WHO_REGIONS,AMR,Region of the Americas,2006.0,TTETANUS,Total tetanus,"per 1,000,000 total population",1.0
WHO_REGIONS,AMR,Region of the Americas,2006.0,YFEVER,Yellow fever,"per 1,000,000 total population",0.2
WHO_REGIONS,AMR,Region of the Americas,2005.0,CRS,Congenital rubella syndrome,"per 10,000 live births",0.0
WHO_REGIONS,AMR,Region of the Americas,2005.0,DIPHTHERIA,Diphtheria,"per 1,000,000 total population",0.1
WHO_REGIONS,AMR,Region of the Americas,2005.0,MEASLES,Measles,"per 1,000,000 total population",0.1
WHO_REGIONS,AMR,Region of the Americas,2005.0,MUMPS,Mumps,"per 1,000,000 total population",94.4
WHO_REGIONS,AMR,Region of the Americas,2005.0,NTETANUS,Neonatal tetanus,per 1000 live births,0.0
WHO_REGIONS,AMR,Region of the Americas,2005.0,PERTUSSIS,Pertussis,"per 1,000,000 total population",40.1
WHO_REGIONS,AMR,Region of the Americas,2005.0,POLIO,Poliomyelitis,"per 1,000,000 <15 population",0.0
WHO_REGIONS,AMR,Region of the Americas,2005.0,RUBELLA,Rubella,"per 1,000,000 total population",6.0
WHO_REGIONS,AMR,Region of the Americas,2005.0,TTETANUS,Total tetanus,"per 1,000,000 total population",1.1
WHO_REGIONS,AMR,Region of the Americas,2005.0,YFEVER,Yellow fever,"per 1,000,000 total population",0.2
WHO_REGIONS,AMR,Region of the Americas,2004.0,CRS,Congenital rubella syndrome,"per 10,000 live births",0.0
WHO_REGIONS,AMR,Region of the Americas,2004.0,DIPHTHERIA,Diphtheria,"per 1,000,000 total population",0.2
WHO_REGIONS,AMR,Region of the Americas,2004.0,MEASLES,Measles,"per 1,000,000 total population",0.1
WHO_REGIONS,AMR,Region of the Americas,2004.0,MUMPS,Mumps,"per 1,000,000 total population",46.0
WHO_REGIONS,AMR,Region of the Americas,2004.0,NTETANUS,Neonatal tetanus,per 1000 live births,0.0
WHO_REGIONS,AMR,Region of the Americas,2004.0,PERTUSSIS,Pertussis,"per 1,000,000 total population",38.5
WHO_REGIONS,AMR,Region of the Americas,2004.0,POLIO,Poliomyelitis,"per 1,000,000 <15 population",0.0
WHO_REGIONS,AMR,Region of the Americas,2004.0,RUBELLA,Rubella,"per 1,000,000 total population",3.7
WHO_REGIONS,AMR,Region of the Americas,2004.0,TTETANUS,Total tetanus,"per 1,000,000 total population",1.0
WHO_REGIONS,AMR,Region of the Americas,2004.0,YFEVER,Yellow fever,"per 1,000,000 total population",0.2
WHO_REGIONS,AMR,Region of the Americas,2003.0,CRS,Congenital rubella syndrome,"per 10,000 live births",0.0
WHO_REGIONS,AMR,Region of the Americas,2003.0,DIPHTHERIA,Diphtheria,"per 1,000,000 total population",0.1
WHO_REGIONS,AMR,Region of the Americas,2003.0,MEASLES,Measles,"per 1,000,000 total population",0.1
WHO_REGIONS,AMR,Region of the Americas,2003.0,MUMPS,Mumps,"per 1,000,000 total population",33.6
WHO_REGIONS,AMR,Region of the Americas,2003.0,NTETANUS,Neonatal tetanus,per 1000 live births,0.0
WHO_REGIONS,AMR,Region of the Americas,2003.0,PERTUSSIS,Pertussis,"per 1,000,000 total population",20.7
WHO_REGIONS,AMR,Region of the Americas,2003.0,POLIO,Poliomyelitis,"per 1,000,000 <15 population",0.0
WHO_REGIONS,AMR,Region of the Americas,2003.0,RUBELLA,Rubella,"per 1,000,000 total population",1.4
WHO_REGIONS,AMR,Region of the Americas,2003.0,TTETANUS,Total tetanus,"per 1,000,000 total population",1.1
WHO_REGIONS,AMR,Region of the Americas,2003.0,YFEVER,Yellow fever,"per 1,000,000 total population",0.3
WHO_REGIONS,AMR,Region of the Americas,2002.0,CRS,Congenital rubella syndrome,"per 10,000 live births",0.0
WHO_REGIONS,AMR,Region of the Americas,2002.0,DIPHTHERIA,Diphtheria,"per 1,000,000 total population",0.2
WHO_REGIONS,AMR,Region of the Americas,2002.0,MEASLES,Measles,"per 1,000,000 total population",3.0
WHO_REGIONS,AMR,Region of the Americas,2002.0,MUMPS,Mumps,"per 1,000,000 total population",20.6
WHO_REGIONS,AMR,Region of the Americas,2002.0,NTETANUS,Neonatal tetanus,per 1000 live births,0.0
WHO_REGIONS,AMR,Region of the Americas,2002.0,PERTUSSIS,Pertussis,"per 1,000,000 total population",19.0
WHO_REGIONS,AMR,Region of the Americas,2002.0,POLIO,Poliomyelitis,"per 1,000,000 <15 population",0.0
WHO_REGIONS,AMR,Region of the Americas,2002.0,RUBELLA,Rubella,"per 1,000,000 total population",17.5
WHO_REGIONS,AMR,Region of the Americas,2002.0,TTETANUS,Total tetanus,"per 1,000,000 total population",0.8
WHO_REGIONS,AMR,Region of the Americas,2002.0,YFEVER,Yellow fever,"per 1,000,000 total population",0.2
WHO_REGIONS,AMR,Region of the Americas,2001.0,CRS,Congenital rubella syndrome,"per 10,000 live births",0.0
WHO_REGIONS,AMR,Region of the Americas,2001.0,DIPHTHERIA,Diphtheria,"per 1,000,000 total population",0.1
WHO_REGIONS,AMR,Region of the Americas,2001.0,MEASLES,Measles,"per 1,000,000 total population",0.7
WHO_REGIONS,AMR,Region of the Americas,2001.0,MUMPS,Mumps,"per 1,000,000 total population",62.1
WHO_REGIONS,AMR,Region of the Americas,2001.0,NTETANUS,Neonatal tetanus,per 1000 live births,0.1
WHO_REGIONS,AMR,Region of the Americas,2001.0,PERTUSSIS,Pertussis,"per 1,000,000 total population",18.0
WHO_REGIONS,AMR,Region of the Americas,2001.0,POLIO,Poliomyelitis,"per 1,000,000 <15 population",0.0
WHO_REGIONS,AMR,Region of the Americas,2001.0,RUBELLA,Rubella,"per 1,000,000 total population",30.8
WHO_REGIONS,AMR,Region of the Americas,2001.0,TTETANUS,Total tetanus,"per 1,000,000 total population",1.9
WHO_REGIONS,AMR,Region of the Americas,2001.0,YFEVER,Yellow fever,"per 1,000,000 total population",0.1
WHO_REGIONS,AMR,Region of the Americas,2000.0,CRS,Congenital rubella syndrome,"per 10,000 live births",0.1
WHO_REGIONS,AMR,Region of the Americas,2000.0,DIPHTHERIA,Diphtheria,"per 1,000,000 total population",0.1
WHO_REGIONS,AMR,Region of the Americas,2000.0,MEASLES,Measles,"per 1,000,000 total population",2.1
WHO_REGIONS,AMR,Region of the Americas,2000.0,MUMPS,Mumps,"per 1,000,000 total population",85.0
WHO_REGIONS,AMR,Region of the Americas,2000.0,NTETANUS,Neonatal tetanus,per 1000 live births,0.1
WHO_REGIONS,AMR,Region of the Americas,2000.0,PERTUSSIS,Pertussis,"per 1,000,000 total population",22.8
WHO_REGIONS,AMR,Region of the Americas,2000.0,POLIO,Poliomyelitis,"per 1,000,000 <15 population",0.1
WHO_REGIONS,AMR,Region of the Americas,2000.0,RUBELLA,Rubella,"per 1,000,000 total population",52.0
WHO_REGIONS,AMR,Region of the Americas,2000.0,TTETANUS,Total tetanus,"per 1,000,000 total population",2.1
WHO_REGIONS,AMR,Region of the Americas,2000.0,YFEVER,Yellow fever,"per 1,000,000 total population",0.1
WHO_REGIONS,AMR,Region of the Americas,1999.0,CRS,Congenital rubella syndrome,"per 10,000 live births",0.0
WHO_REGIONS,AMR,Region of the Americas,1999.0,DIPHTHERIA,Diphtheria,"per 1,000,000 total population",0.1
WHO_REGIONS,AMR,Region of the Americas,1999.0,MEASLES,Measles,"per 1,000,000 total population",3.9
WHO_REGIONS,AMR,Region of the Americas,1999.0,MUMPS,Mumps,"per 1,000,000 total population",320.8
WHO_REGIONS,AMR,Region of the Americas,1999.0,NTETANUS,Neonatal tetanus,per 1000 live births,0.0
WHO_REGIONS,AMR,Region of the Americas,1999.0,PERTUSSIS,Pertussis,"per 1,000,000 total population",27.8
WHO_REGIONS,AMR,Region of the Americas,1999.0,POLIO,Poliomyelitis,"per 1,000,000 <15 population",
WHO_REGIONS,AMR,Region of the Americas,1999.0,RUBELLA,Rubella,"per 1,000,000 total population",75.7
WHO_REGIONS,AMR,Region of the Americas,1999.0,TTETANUS,Total tetanus,"per 1,000,000 total population",1.3
WHO_REGIONS,AMR,Region of the Americas,1999.0,YFEVER,Yellow fever,"per 1,000,000 total population",0.6
WHO_REGIONS,AMR,Region of the Americas,1998.0,CRS,Congenital rubella syndrome,"per 10,000 live births",0.0
WHO_REGIONS,AMR,Region of the Americas,1998.0,DIPHTHERIA,Diphtheria,"per 1,000,000 total population",0.3
WHO_REGIONS,AMR,Region of the Americas,1998.0,MEASLES,Measles,"per 1,000,000 total population",17.8
WHO_REGIONS,AMR,Region of the Americas,1998.0,NTETANUS,Neonatal tetanus,per 1000 live births,0.1
WHO_REGIONS,AMR,Region of the Americas,1998.0,PERTUSSIS,Pertussis,"per 1,000,000 total population",33.5
WHO_REGIONS,AMR,Region of the Americas,1998.0,POLIO,Poliomyelitis,"per 1,000,000 <15 population",
WHO_REGIONS,AMR,Region of the Americas,1998.0,RUBELLA,Rubella,"per 1,000,000 total population",170.8
WHO_REGIONS,AMR,Region of the Americas,1998.0,TTETANUS,Total tetanus,"per 1,000,000 total population",2.8
WHO_REGIONS,AMR,Region of the Americas,1998.0,YFEVER,Yellow fever,"per 1,000,000 total population",0.4
WHO_REGIONS,AMR,Region of the Americas,1997.0,CRS,Congenital rubella syndrome,"per 10,000 live births",0.1
WHO_REGIONS,AMR,Region of the Americas,1997.0,DIPHTHERIA,Diphtheria,"per 1,000,000 total population",0.1
WHO_REGIONS,AMR,Region of the Americas,1997.0,MEASLES,Measles,"per 1,000,000 total population",67.3
WHO_REGIONS,AMR,Region of the Americas,1997.0,NTETANUS,Neonatal tetanus,per 1000 live births,0.0
WHO_REGIONS,AMR,Region of the Americas,1997.0,PERTUSSIS,Pertussis,"per 1,000,000 total population",22.1
WHO_REGIONS,AMR,Region of the Americas,1997.0,POLIO,Poliomyelitis,"per 1,000,000 <15 population",
WHO_REGIONS,AMR,Region of the Americas,1997.0,RUBELLA,Rubella,"per 1,000,000 total population",165.9
WHO_REGIONS,AMR,Region of the Americas,1997.0,TTETANUS,Total tetanus,"per 1,000,000 total population",0.9
WHO_REGIONS,AMR,Region of the Americas,1997.0,YFEVER,Yellow fever,"per 1,000,000 total population",0.3
WHO_REGIONS,AMR,Region of the Americas,1996.0,DIPHTHERIA,Diphtheria,"per 1,000,000 total population",0.3
WHO_REGIONS,AMR,Region of the Americas,1996.0,MEASLES,Measles,"per 1,000,000 total population",2.4
WHO_REGIONS,AMR,Region of the Americas,1996.0,NTETANUS,Neonatal tetanus,per 1000 live births,0.0
WHO_REGIONS,AMR,Region of the Americas,1996.0,PERTUSSIS,Pertussis,"per 1,000,000 total population",23.0
WHO_REGIONS,AMR,Region of the Americas,1996.0,POLIO,Poliomyelitis,"per 1,000,000 <15 population",
WHO_REGIONS,AMR,Region of the Americas,1996.0,TTETANUS,Total tetanus,"per 1,000,000 total population",2.9
WHO_REGIONS,AMR,Region of the Americas,1996.0,YFEVER,Yellow fever,"per 1,000,000 total population",0.6
WHO_REGIONS,AMR,Region of the Americas,1995.0,DIPHTHERIA,Diphtheria,"per 1,000,000 total population",0.5
WHO_REGIONS,AMR,Region of the Americas,1995.0,MEASLES,Measles,"per 1,000,000 total population",8.4
WHO_REGIONS,AMR,Region of the Americas,1995.0,NTETANUS,Neonatal tetanus,per 1000 live births,0.0
WHO_REGIONS,AMR,Region of the Americas,1995.0,PERTUSSIS,Pertussis,"per 1,000,000 total population",30.1
WHO_REGIONS,AMR,Region of the Americas,1995.0,POLIO,Poliomyelitis,"per 1,000,000 <15 population",
WHO_REGIONS,AMR,Region of the Americas,1995.0,TTETANUS,Total tetanus,"per 1,000,000 total population",2.3
WHO_REGIONS,AMR,Region of the Americas,1995.0,YFEVER,Yellow fever,"per 1,000,000 total population",2.0
WHO_REGIONS,AMR,Region of the Americas,1994.0,DIPHTHERIA,Diphtheria,"per 1,000,000 total population",1.2
WHO_REGIONS,AMR,Region of the Americas,1994.0,MEASLES,Measles,"per 1,000,000 total population",31.4
WHO_REGIONS,AMR,Region of the Americas,1994.0,NTETANUS,Neonatal tetanus,per 1000 live births,0.0
WHO_REGIONS,AMR,Region of the Americas,1994.0,PERTUSSIS,Pertussis,"per 1,000,000 total population",36.6
WHO_REGIONS,AMR,Region of the Americas,1994.0,POLIO,Poliomyelitis,"per 1,000,000 <15 population",
WHO_REGIONS,AMR,Region of the Americas,1994.0,TTETANUS,Total tetanus,"per 1,000,000 total population",2.7
WHO_REGIONS,AMR,Region of the Americas,1994.0,YFEVER,Yellow fever,"per 1,000,000 total population",0.4
WHO_REGIONS,AMR,Region of the Americas,1993.0,DIPHTHERIA,Diphtheria,"per 1,000,000 total population",0.5
WHO_REGIONS,AMR,Region of the Americas,1993.0,MEASLES,Measles,"per 1,000,000 total population",77.0
WHO_REGIONS,AMR,Region of the Americas,1993.0,NTETANUS,Neonatal tetanus,per 1000 live births,0.0
WHO_REGIONS,AMR,Region of the Americas,1993.0,PERTUSSIS,Pertussis,"per 1,000,000 total population",34.1
WHO_REGIONS,AMR,Region of the Americas,1993.0,POLIO,Poliomyelitis,"per 1,000,000 <15 population",
WHO_REGIONS,AMR,Region of the Americas,1993.0,TTETANUS,Total tetanus,"per 1,000,000 total population",2.9
WHO_REGIONS,AMR,Region of the Americas,1993.0,YFEVER,Yellow fever,"per 1,000,000 total population",0.8
WHO_REGIONS,AMR,Region of the Americas,1992.0,DIPHTHERIA,Diphtheria,"per 1,000,000 total population",0.6
WHO_REGIONS,AMR,Region of the Americas,1992.0,MEASLES,Measles,"per 1,000,000 total population",137.2
WHO_REGIONS,AMR,Region of the Americas,1992.0,NTETANUS,Neonatal tetanus,per 1000 live births,0.1
WHO_REGIONS,AMR,Region of the Americas,1992.0,PERTUSSIS,Pertussis,"per 1,000,000 total population",26.2
WHO_REGIONS,AMR,Region of the Americas,1992.0,POLIO,Poliomyelitis,"per 1,000,000 <15 population",
WHO_REGIONS,AMR,Region of the Americas,1992.0,TTETANUS,Total tetanus,"per 1,000,000 total population",3.2
WHO_REGIONS,AMR,Region of the Americas,1992.0,YFEVER,Yellow fever,"per 1,000,000 total population",0.5
WHO_REGIONS,AMR,Region of the Americas,1991.0,DIPHTHERIA,Diphtheria,"per 1,000,000 total population",0.8
WHO_REGIONS,AMR,Region of the Americas,1991.0,MEASLES,Measles,"per 1,000,000 total population",218.1
WHO_REGIONS,AMR,Region of the Americas,1991.0,NTETANUS,Neonatal tetanus,per 1000 live births,0.1
WHO_REGIONS,AMR,Region of the Americas,1991.0,PERTUSSIS,Pertussis,"per 1,000,000 total population",27.3
WHO_REGIONS,AMR,Region of the Americas,1991.0,POLIO,Poliomyelitis,"per 1,000,000 <15 population",
WHO_REGIONS,AMR,Region of the Americas,1991.0,TTETANUS,Total tetanus,"per 1,000,000 total population",3.7
WHO_REGIONS,AMR,Region of the Americas,1991.0,YFEVER,Yellow fever,"per 1,000,000 total population",0.7
WHO_REGIONS,AMR,Region of the Americas,1990.0,DIPHTHERIA,Diphtheria,"per 1,000,000 total population",1.2
WHO_REGIONS,AMR,Region of the Americas,1990.0,MEASLES,Measles,"per 1,000,000 total population",304.4
WHO_REGIONS,AMR,Region of the Americas,1990.0,NTETANUS,Neonatal tetanus,per 1000 live births,0.1
WHO_REGIONS,AMR,Region of the Americas,1990.0,PERTUSSIS,Pertussis,"per 1,000,000 total population",52.9
WHO_REGIONS,AMR,Region of the Americas,1990.0,POLIO,Poliomyelitis,"per 1,000,000 <15 population",
WHO_REGIONS,AMR,Region of the Americas,1990.0,TTETANUS,Total tetanus,"per 1,000,000 total population",4.4
WHO_REGIONS,AMR,Region of the Americas,1990.0,YFEVER,Yellow fever,"per 1,000,000 total population",0.4
WHO_REGIONS,AMR,Region of the Americas,1989.0,DIPHTHERIA,Diphtheria,"per 1,000,000 total population",1.5
WHO_REGIONS,AMR,Region of the Americas,1989.0,MEASLES,Measles,"per 1,000,000 total population",194.4
WHO_REGIONS,AMR,Region of the Americas,1989.0,NTETANUS,Neonatal tetanus,per 1000 live births,0.1
WHO_REGIONS,AMR,Region of the Americas,1989.0,PERTUSSIS,Pertussis,"per 1,000,000 total population",48.1
WHO_REGIONS,AMR,Region of the Americas,1989.0,POLIO,Poliomyelitis,"per 1,000,000 <15 population",
WHO_REGIONS,AMR,Region of the Americas,1989.0,TTETANUS,Total tetanus,"per 1,000,000 total population",5.0
WHO_REGIONS,AMR,Region of the Americas,1989.0,YFEVER,Yellow fever,"per 1,000,000 total population",1.1
WHO_REGIONS,AMR,Region of the Americas,1988.0,DIPHTHERIA,Diphtheria,"per 1,000,000 total population",2.0
WHO_REGIONS,AMR,Region of the Americas,1988.0,MEASLES,Measles,"per 1,000,000 total population",191.5
WHO_REGIONS,AMR,Region of the Americas,1988.0,NTETANUS,Neonatal tetanus,per 1000 live births,0.1
WHO_REGIONS,AMR,Region of the Americas,1988.0,PERTUSSIS,Pertussis,"per 1,000,000 total population",36.6
WHO_REGIONS,AMR,Region of the Americas,1988.0,POLIO,Poliomyelitis,"per 1,000,000 <15 population",
WHO_REGIONS,AMR,Region of the Americas,1988.0,TTETANUS,Total tetanus,"per 1,000,000 total population",5.6
WHO_REGIONS,AMR,Region of the Americas,1988.0,YFEVER,Yellow fever,"per 1,000,000 total population",1.1
WHO_REGIONS,AMR,Region of the Americas,1987.0,DIPHTHERIA,Diphtheria,"per 1,000,000 total population",2.6
WHO_REGIONS,AMR,Region of the Americas,1987.0,MEASLES,Measles,"per 1,000,000 total population",221.0
WHO_REGIONS,AMR,Region of the Americas,1987.0,NTETANUS,Neonatal tetanus,per 1000 live births,0.1
WHO_REGIONS,AMR,Region of the Americas,1987.0,PERTUSSIS,Pertussis,"per 1,000,000 total population",49.9
WHO_REGIONS,AMR,Region of the Americas,1987.0,POLIO,Poliomyelitis,"per 1,000,000 <15 population",
WHO_REGIONS,AMR,Region of the Americas,1987.0,TTETANUS,Total tetanus,"per 1,000,000 total population",6.5
WHO_REGIONS,AMR,Region of the Americas,1987.0,YFEVER,Yellow fever,"per 1,000,000 total population",1.1
WHO_REGIONS,AMR,Region of the Americas,1986.0,DIPHTHERIA,Diphtheria,"per 1,000,000 total population",3.6
WHO_REGIONS,AMR,Region of the Americas,1986.0,MEASLES,Measles,"per 1,000,000 total population",337.2
WHO_REGIONS,AMR,Region of the Americas,1986.0,NTETANUS,Neonatal tetanus,per 1000 live births,0.1
WHO_REGIONS,AMR,Region of the Americas,1986.0,PERTUSSIS,Pertussis,"per 1,000,000 total population",70.2
WHO_REGIONS,AMR,Region of the Americas,1986.0,POLIO,Poliomyelitis,"per 1,000,000 <15 population",
WHO_REGIONS,AMR,Region of the Americas,1986.0,TTETANUS,Total tetanus,"per 1,000,000 total population",7.2
WHO_REGIONS,AMR,Region of the Americas,1986.0,YFEVER,Yellow fever,"per 1,000,000 total population",0.8
WHO_REGIONS,AMR,Region of the Americas,1985.0,DIPHTHERIA,Diphtheria,"per 1,000,000 total population",4.9
WHO_REGIONS,AMR,Region of the Americas,1985.0,MEASLES,Measles,"per 1,000,000 total population",300.9
WHO_REGIONS,AMR,Region of the Americas,1985.0,NTETANUS,Neonatal tetanus,per 1000 live births,0.1
WHO_REGIONS,AMR,Region of the Americas,1985.0,PERTUSSIS,Pertussis,"per 1,000,000 total population",84.3
WHO_REGIONS,AMR,Region of the Americas,1985.0,POLIO,Poliomyelitis,"per 1,000,000 <15 population",
WHO_REGIONS,AMR,Region of the Americas,1985.0,TTETANUS,Total tetanus,"per 1,000,000 total population",8.4
WHO_REGIONS,AMR,Region of the Americas,1985.0,YFEVER,Yellow fever,"per 1,000,000 total population",0.6
WHO_REGIONS,AMR,Region of the Americas,1984.0,DIPHTHERIA,Diphtheria,"per 1,000,000 total population",5.4
WHO_REGIONS,AMR,Region of the Americas,1984.0,MEASLES,Measles,"per 1,000,000 total population",310.4
WHO_REGIONS,AMR,Region of the Americas,1984.0,NTETANUS,Neonatal tetanus,per 1000 live births,0.1
WHO_REGIONS,AMR,Region of the Americas,1984.0,PERTUSSIS,Pertussis,"per 1,000,000 total population",95.6
WHO_REGIONS,AMR,Region of the Americas,1984.0,POLIO,Poliomyelitis,"per 1,000,000 <15 population",
WHO_REGIONS,AMR,Region of the Americas,1984.0,TTETANUS,Total tetanus,"per 1,000,000 total population",9.4
WHO_REGIONS,AMR,Region of the Americas,1984.0,YFEVER,Yellow fever,"per 1,000,000 total population",0.5
WHO_REGIONS,AMR,Region of the Americas,1983.0,DIPHTHERIA,Diphtheria,"per 1,000,000 total population",6.3
WHO_REGIONS,AMR,Region of the Americas,1983.0,MEASLES,Measles,"per 1,000,000 total population",213.9
WHO_REGIONS,AMR,Region of the Americas,1983.0,NTETANUS,Neonatal tetanus,per 1000 live births,0.1
WHO_REGIONS,AMR,Region of the Americas,1983.0,PERTUSSIS,Pertussis,"per 1,000,000 total population",95.5
WHO_REGIONS,AMR,Region of the Americas,1983.0,POLIO,Poliomyelitis,"per 1,000,000 <15 population",
WHO_REGIONS,AMR,Region of the Americas,1983.0,TTETANUS,Total tetanus,"per 1,000,000 total population",9.4
WHO_REGIONS,AMR,Region of the Americas,1983.0,YFEVER,Yellow fever,"per 1,000,000 total population",0.3
WHO_REGIONS,AMR,Region of the Americas,1982.0,DIPHTHERIA,Diphtheria,"per 1,000,000 total population",6.5
WHO_REGIONS,AMR,Region of the Americas,1982.0,MEASLES,Measles,"per 1,000,000 total population",243.4
WHO_REGIONS,AMR,Region of the Americas,1982.0,NTETANUS,Neonatal tetanus,per 1000 live births,0.1
WHO_REGIONS,AMR,Region of the Americas,1982.0,PERTUSSIS,Pertussis,"per 1,000,000 total population",156.8
WHO_REGIONS,AMR,Region of the Americas,1982.0,POLIO,Poliomyelitis,"per 1,000,000 <15 population",
WHO_REGIONS,AMR,Region of the Americas,1982.0,TTETANUS,Total tetanus,"per 1,000,000 total population",10.0
WHO_REGIONS,AMR,Region of the Americas,1982.0,YFEVER,Yellow fever,"per 1,000,000 total population",0.8
WHO_REGIONS,AMR,Region of the Americas,1981.0,DIPHTHERIA,Diphtheria,"per 1,000,000 total population",7.6
WHO_REGIONS,AMR,Region of the Americas,1981.0,MEASLES,Measles,"per 1,000,000 total population",406.4
WHO_REGIONS,AMR,Region of the Americas,1981.0,NTETANUS,Neonatal tetanus,per 1000 live births,0.0
WHO_REGIONS,AMR,Region of the Americas,1981.0,PERTUSSIS,Pertussis,"per 1,000,000 total population",182.0
WHO_REGIONS,AMR,Region of the Americas,1981.0,POLIO,Poliomyelitis,"per 1,000,000 <15 population",
WHO_REGIONS,AMR,Region of the Americas,1981.0,TTETANUS,Total tetanus,"per 1,000,000 total population",10.1
WHO_REGIONS,AMR,Region of the Americas,1981.0,YFEVER,Yellow fever,"per 1,000,000 total population",1.3
WHO_REGIONS,AMR,Region of the Americas,1980.0,DIPHTHERIA,Diphtheria,"per 1,000,000 total population",9.1
WHO_REGIONS,AMR,Region of the Americas,1980.0,MEASLES,Measles,"per 1,000,000 total population",422.2
WHO_REGIONS,AMR,Region of the Americas,1980.0,NTETANUS,Neonatal tetanus,per 1000 live births,0.1
WHO_REGIONS,AMR,Region of the Americas,1980.0,PERTUSSIS,Pertussis,"per 1,000,000 total population",202.7
WHO_REGIONS,AMR,Region of the Americas,1980.0,POLIO,Poliomyelitis,"per 1,000,000 <15 population",
WHO_REGIONS,AMR,Region of the Americas,1980.0,TTETANUS,Total tetanus,"per 1,000,000 total population",11.6
WHO_REGIONS,AMR,Region of the Americas,1980.0,YFEVER,Yellow fever,"per 1,000,000 total population",0.6
WHO_REGIONS,EMR,Eastern Mediterranean Region,2023.0,CRS,Congenital rubella syndrome,"per 10,000 live births",0.6
WHO_REGIONS,EMR,Eastern Mediterranean Region,2023.0,DIPHTHERIA,Diphtheria,"per 1,000,000 total population",0.7
WHO_REGIONS,EMR,Eastern Mediterranean Region,2023.0,INVASIVE_MENING,Invasive meningococcal disease,"per 1,000,000 total population",0.4
WHO_REGIONS,EMR,Eastern Mediterranean Region,2023.0,JAPENC,Japanese encephalitis,"per 1,000,000 total population",0.0
WHO_REGIONS,EMR,Eastern Mediterranean Region,2023.0,MEASLES,Measles,"per 1,000,000 total population",122.8
WHO_REGIONS,EMR,Eastern Mediterranean Region,2023.0,MUMPS,Mumps,"per 1,000,000 total population",27.1
WHO_REGIONS,EMR,Eastern Mediterranean Region,2023.0,NTETANUS,Neonatal tetanus,per 1000 live births,0.0
WHO_REGIONS,EMR,Eastern Mediterranean Region,2023.0,PERTUSSIS,Pertussis,"per 1,000,000 total population",5.5
WHO_REGIONS,EMR,Eastern Mediterranean Region,2023.0,POLIO,Poliomyelitis,"per 1,000,000 <15 population",0.2
WHO_REGIONS,EMR,Eastern Mediterranean Region,2023.0,RUBELLA,Rubella,"per 1,000,000 total population",6.0
WHO_REGIONS,EMR,Eastern Mediterranean Region,2023.0,TTETANUS,Total tetanus,"per 1,000,000 total population",1.0
WHO_REGIONS,EMR,Eastern Mediterranean Region,2023.0,TYPHOID,Typhoid,"per 1,000,000 total population",41.4
WHO_REGIONS,EMR,Eastern Mediterranean Region,2023.0,YFEVER,Yellow fever,"per 1,000,000 total population",0.0
WHO_REGIONS,EMR,Eastern Mediterranean Region,2022.0,CRS,Congenital rubella syndrome,"per 10,000 live births",0.6
WHO_REGIONS,EMR,Eastern Mediterranean Region,2022.0,DIPHTHERIA,Diphtheria,"per 1,000,000 total population",0.6
WHO_REGIONS,EMR,Eastern Mediterranean Region,2022.0,INVASIVE_MENING,Invasive meningococcal disease,"per 1,000,000 total population",2.4
WHO_REGIONS,EMR,Eastern Mediterranean Region,2022.0,JAPENC,Japanese encephalitis,"per 1,000,000 total population",0.0
WHO_REGIONS,EMR,Eastern Mediterranean Region,2022.0,MEASLES,Measles,"per 1,000,000 total population",80.9
WHO_REGIONS,EMR,Eastern Mediterranean Region,2022.0,MUMPS,Mumps,"per 1,000,000 total population",17.7
WHO_REGIONS,EMR,Eastern Mediterranean Region,2022.0,NTETANUS,Neonatal tetanus,per 1000 live births,0.0
WHO_REGIONS,EMR,Eastern Mediterranean Region,2022.0,PERTUSSIS,Pertussis,"per 1,000,000 total population",2.3
WHO_REGIONS,EMR,Eastern Mediterranean Region,2022.0,POLIO,Poliomyelitis,"per 1,000,000 <15 population",3.8
WHO_REGIONS,EMR,Eastern Mediterranean Region,2022.0,RUBELLA,Rubella,"per 1,000,000 total population",4.0
WHO_REGIONS,EMR,Eastern Mediterranean Region,2022.0,TTETANUS,Total tetanus,"per 1,000,000 total population",1.0
WHO_REGIONS,EMR,Eastern Mediterranean Region,2022.0,TYPHOID,Typhoid,"per 1,000,000 total population",19.5
WHO_REGIONS,EMR,Eastern Mediterranean Region,2022.0,YFEVER,Yellow fever,"per 1,000,000 total population",0.0
WHO_REGIONS,EMR,Eastern Mediterranean Region,2021.0,CRS,Congenital rubella syndrome,"per 10,000 live births",0.2
WHO_REGIONS,EMR,Eastern Mediterranean Region,2021.0,DIPHTHERIA,Diphtheria,"per 1,000,000 total population",2.7
WHO_REGIONS,EMR,Eastern Mediterranean Region,2021.0,INVASIVE_MENING,Invasive meningococcal disease,"per 1,000,000 total population",1.9
WHO_REGIONS,EMR,Eastern Mediterranean Region,2021.0,JAPENC,Japanese encephalitis,"per 1,000,000 total population",0.0
WHO_REGIONS,EMR,Eastern Mediterranean Region,2021.0,MEASLES,Measles,"per 1,000,000 total population",39.2
WHO_REGIONS,EMR,Eastern Mediterranean Region,2021.0,MUMPS,Mumps,"per 1,000,000 total population",10.0
WHO_REGIONS,EMR,Eastern Mediterranean Region,2021.0,NTETANUS,Neonatal tetanus,per 1000 live births,0.4
WHO_REGIONS,EMR,Eastern Mediterranean Region,2021.0,PERTUSSIS,Pertussis,"per 1,000,000 total population",8.8
WHO_REGIONS,EMR,Eastern Mediterranean Region,2021.0,POLIO,Poliomyelitis,"per 1,000,000 <15 population",0.5
WHO_REGIONS,EMR,Eastern Mediterranean Region,2021.0,RUBELLA,Rubella,"per 1,000,000 total population",4.5
WHO_REGIONS,EMR,Eastern Mediterranean Region,2021.0,TTETANUS,Total tetanus,"per 1,000,000 total population",7.9
WHO_REGIONS,EMR,Eastern Mediterranean Region,2021.0,TYPHOID,Typhoid,"per 1,000,000 total population",7.9
WHO_REGIONS,EMR,Eastern Mediterranean Region,2021.0,YFEVER,Yellow fever,"per 1,000,000 total population",0.0
WHO_REGIONS,EMR,Eastern Mediterranean Region,2020.0,CRS,Congenital rubella syndrome,"per 10,000 live births",0.7
WHO_REGIONS,EMR,Eastern Mediterranean Region,2020.0,DIPHTHERIA,Diphtheria,"per 1,000,000 total population",0.4
WHO_REGIONS,EMR,Eastern Mediterranean Region,2020.0,INVASIVE_MENING,Invasive meningococcal disease,"per 1,000,000 total population",3.7
WHO_REGIONS,EMR,Eastern Mediterranean Region,2020.0,JAPENC,Japanese encephalitis,"per 1,000,000 total population",0.0
WHO_REGIONS,EMR,Eastern Mediterranean Region,2020.0,MEASLES,Measles,"per 1,000,000 total population",10.1
WHO_REGIONS,EMR,Eastern Mediterranean Region,2020.0,MUMPS,Mumps,"per 1,000,000 total population",7.4
WHO_REGIONS,EMR,Eastern Mediterranean Region,2020.0,NTETANUS,Neonatal tetanus,per 1000 live births,0.0
WHO_REGIONS,EMR,Eastern Mediterranean Region,2020.0,PERTUSSIS,Pertussis,"per 1,000,000 total population",1.0
WHO_REGIONS,EMR,Eastern Mediterranean Region,2020.0,POLIO,Poliomyelitis,"per 1,000,000 <15 population",2.1
WHO_REGIONS,EMR,Eastern Mediterranean Region,2020.0,RUBELLA,Rubella,"per 1,000,000 total population",1.3
WHO_REGIONS,EMR,Eastern Mediterranean Region,2020.0,TTETANUS,Total tetanus,"per 1,000,000 total population",1.0
WHO_REGIONS,EMR,Eastern Mediterranean Region,2020.0,TYPHOID,Typhoid,"per 1,000,000 total population",16.9
WHO_REGIONS,EMR,Eastern Mediterranean Region,2020.0,YFEVER,Yellow fever,"per 1,000,000 total population",0.0
WHO_REGIONS,EMR,Eastern Mediterranean Region,2019.0,CRS,Congenital rubella syndrome,"per 10,000 live births",0.0
WHO_REGIONS,EMR,Eastern Mediterranean Region,2019.0,DIPHTHERIA,Diphtheria,"per 1,000,000 total population",1.1
WHO_REGIONS,EMR,Eastern Mediterranean Region,2019.0,JAPENC,Japanese encephalitis,"per 1,000,000 total population",0.0
WHO_REGIONS,EMR,Eastern Mediterranean Region,2019.0,MEASLES,Measles,"per 1,000,000 total population",26.0
WHO_REGIONS,EMR,Eastern Mediterranean Region,2019.0,MUMPS,Mumps,"per 1,000,000 total population",39.0
WHO_REGIONS,EMR,Eastern Mediterranean Region,2019.0,NTETANUS,Neonatal tetanus,per 1000 live births,0.0
WHO_REGIONS,EMR,Eastern Mediterranean Region,2019.0,PERTUSSIS,Pertussis,"per 1,000,000 total population",3.2
WHO_REGIONS,EMR,Eastern Mediterranean Region,2019.0,POLIO,Poliomyelitis,"per 1,000,000 <15 population",0.1
WHO_REGIONS,EMR,Eastern Mediterranean Region,2019.0,RUBELLA,Rubella,"per 1,000,000 total population",3.7
WHO_REGIONS,EMR,Eastern Mediterranean Region,2019.0,TTETANUS,Total tetanus,"per 1,000,000 total population",1.4
WHO_REGIONS,EMR,Eastern Mediterranean Region,2019.0,TYPHOID,Typhoid,"per 1,000,000 total population",11.9
WHO_REGIONS,EMR,Eastern Mediterranean Region,2019.0,YFEVER,Yellow fever,"per 1,000,000 total population",0.0
WHO_REGIONS,EMR,Eastern Mediterranean Region,2018.0,CRS,Congenital rubella syndrome,"per 10,000 live births",0.0
WHO_REGIONS,EMR,Eastern Mediterranean Region,2018.0,DIPHTHERIA,Diphtheria,"per 1,000,000 total population",5.2
WHO_REGIONS,EMR,Eastern Mediterranean Region,2018.0,JAPENC,Japanese encephalitis,"per 1,000,000 total population",0.0
WHO_REGIONS,EMR,Eastern Mediterranean Region,2018.0,MEASLES,Measles,"per 1,000,000 total population",88.2
WHO_REGIONS,EMR,Eastern Mediterranean Region,2018.0,MUMPS,Mumps,"per 1,000,000 total population",100.4
WHO_REGIONS,EMR,Eastern Mediterranean Region,2018.0,NTETANUS,Neonatal tetanus,per 1000 live births,0.0
WHO_REGIONS,EMR,Eastern Mediterranean Region,2018.0,PERTUSSIS,Pertussis,"per 1,000,000 total population",5.4
WHO_REGIONS,EMR,Eastern Mediterranean Region,2018.0,POLIO,Poliomyelitis,"per 1,000,000 <15 population",0.2
WHO_REGIONS,EMR,Eastern Mediterranean Region,2018.0,RUBELLA,Rubella,"per 1,000,000 total population",2.3
WHO_REGIONS,EMR,Eastern Mediterranean Region,2018.0,TTETANUS,Total tetanus,"per 1,000,000 total population",0.4
WHO_REGIONS,EMR,Eastern Mediterranean Region,2018.0,TYPHOID,Typhoid,"per 1,000,000 total population",3.5
WHO_REGIONS,EMR,Eastern Mediterranean Region,2018.0,YFEVER,Yellow fever,"per 1,000,000 total population",0.0
WHO_REGIONS,EMR,Eastern Mediterranean Region,2017.0,CRS,Congenital rubella syndrome,"per 10,000 live births",0.0
WHO_REGIONS,EMR,Eastern Mediterranean Region,2017.0,DIPHTHERIA,Diphtheria,"per 1,000,000 total population",0.9
WHO_REGIONS,EMR,Eastern Mediterranean Region,2017.0,JAPENC,Japanese encephalitis,"per 1,000,000 total population",0.0
WHO_REGIONS,EMR,Eastern Mediterranean Region,2017.0,MEASLES,Measles,"per 1,000,000 total population",53.1
WHO_REGIONS,EMR,Eastern Mediterranean Region,2017.0,MUMPS,Mumps,"per 1,000,000 total population",197.3
WHO_REGIONS,EMR,Eastern Mediterranean Region,2017.0,NTETANUS,Neonatal tetanus,per 1000 live births,0.0
WHO_REGIONS,EMR,Eastern Mediterranean Region,2017.0,PERTUSSIS,Pertussis,"per 1,000,000 total population",3.3
WHO_REGIONS,EMR,Eastern Mediterranean Region,2017.0,POLIO,Poliomyelitis,"per 1,000,000 <15 population",0.4
WHO_REGIONS,EMR,Eastern Mediterranean Region,2017.0,RUBELLA,Rubella,"per 1,000,000 total population",1.4
WHO_REGIONS,EMR,Eastern Mediterranean Region,2017.0,TTETANUS,Total tetanus,"per 1,000,000 total population",1.2
WHO_REGIONS,EMR,Eastern Mediterranean Region,2017.0,YFEVER,Yellow fever,"per 1,000,000 total population",0.0
WHO_REGIONS,EMR,Eastern Mediterranean Region,2016.0,CRS,Congenital rubella syndrome,"per 10,000 live births",0.0
WHO_REGIONS,EMR,Eastern Mediterranean Region,2016.0,DIPHTHERIA,Diphtheria,"per 1,000,000 total population",0.0
WHO_REGIONS,EMR,Eastern Mediterranean Region,2016.0,JAPENC,Japanese encephalitis,"per 1,000,000 total population",0.0
WHO_REGIONS,EMR,Eastern Mediterranean Region,2016.0,MEASLES,Measles,"per 1,000,000 total population",9.3
WHO_REGIONS,EMR,Eastern Mediterranean Region,2016.0,MUMPS,Mumps,"per 1,000,000 total population",303.4
WHO_REGIONS,EMR,Eastern Mediterranean Region,2016.0,NTETANUS,Neonatal tetanus,per 1000 live births,0.0
WHO_REGIONS,EMR,Eastern Mediterranean Region,2016.0,PERTUSSIS,Pertussis,"per 1,000,000 total population",2.6
WHO_REGIONS,EMR,Eastern Mediterranean Region,2016.0,POLIO,Poliomyelitis,"per 1,000,000 <15 population",0.1
WHO_REGIONS,EMR,Eastern Mediterranean Region,2016.0,RUBELLA,Rubella,"per 1,000,000 total population",3.2
WHO_REGIONS,EMR,Eastern Mediterranean Region,2016.0,TTETANUS,Total tetanus,"per 1,000,000 total population",0.3
WHO_REGIONS,EMR,Eastern Mediterranean Region,2016.0,YFEVER,Yellow fever,"per 1,000,000 total population",0.0
WHO_REGIONS,EMR,Eastern Mediterranean Region,2015.0,CRS,Congenital rubella syndrome,"per 10,000 live births",0.0
WHO_REGIONS,EMR,Eastern Mediterranean Region,2015.0,DIPHTHERIA,Diphtheria,"per 1,000,000 total population",0.1
WHO_REGIONS,EMR,Eastern Mediterranean Region,2015.0,JAPENC,Japanese encephalitis,"per 1,000,000 total population",0.0
WHO_REGIONS,EMR,Eastern Mediterranean Region,2015.0,MEASLES,Measles,"per 1,000,000 total population",30.8
WHO_REGIONS,EMR,Eastern Mediterranean Region,2015.0,MUMPS,Mumps,"per 1,000,000 total population",104.6
WHO_REGIONS,EMR,Eastern Mediterranean Region,2015.0,NTETANUS,Neonatal tetanus,per 1000 live births,0.0
WHO_REGIONS,EMR,Eastern Mediterranean Region,2015.0,PERTUSSIS,Pertussis,"per 1,000,000 total population",2.4
WHO_REGIONS,EMR,Eastern Mediterranean Region,2015.0,POLIO,Poliomyelitis,"per 1,000,000 <15 population",0.3
WHO_REGIONS,EMR,Eastern Mediterranean Region,2015.0,RUBELLA,Rubella,"per 1,000,000 total population",2.8
WHO_REGIONS,EMR,Eastern Mediterranean Region,2015.0,TTETANUS,Total tetanus,"per 1,000,000 total population",1.8
WHO_REGIONS,EMR,Eastern Mediterranean Region,2015.0,YFEVER,Yellow fever,"per 1,000,000 total population",0.0
WHO_REGIONS,EMR,Eastern Mediterranean Region,2014.0,CRS,Congenital rubella syndrome,"per 10,000 live births",0.0
WHO_REGIONS,EMR,Eastern Mediterranean Region,2014.0,DIPHTHERIA,Diphtheria,"per 1,000,000 total population",0.1
WHO_REGIONS,EMR,Eastern Mediterranean Region,2014.0,JAPENC,Japanese encephalitis,"per 1,000,000 total population",0.0
WHO_REGIONS,EMR,Eastern Mediterranean Region,2014.0,MEASLES,Measles,"per 1,000,000 total population",26.7
WHO_REGIONS,EMR,Eastern Mediterranean Region,2014.0,MUMPS,Mumps,"per 1,000,000 total population",41.7
WHO_REGIONS,EMR,Eastern Mediterranean Region,2014.0,NTETANUS,Neonatal tetanus,per 1000 live births,0.0
WHO_REGIONS,EMR,Eastern Mediterranean Region,2014.0,PERTUSSIS,Pertussis,"per 1,000,000 total population",3.9
WHO_REGIONS,EMR,Eastern Mediterranean Region,2014.0,POLIO,Poliomyelitis,"per 1,000,000 <15 population",1.4
WHO_REGIONS,EMR,Eastern Mediterranean Region,2014.0,RUBELLA,Rubella,"per 1,000,000 total population",4.4
WHO_REGIONS,EMR,Eastern Mediterranean Region,2014.0,TTETANUS,Total tetanus,"per 1,000,000 total population",0.7
WHO_REGIONS,EMR,Eastern Mediterranean Region,2014.0,YFEVER,Yellow fever,"per 1,000,000 total population",0.0
WHO_REGIONS,EMR,Eastern Mediterranean Region,2013.0,CRS,Congenital rubella syndrome,"per 10,000 live births",0.0
WHO_REGIONS,EMR,Eastern Mediterranean Region,2013.0,DIPHTHERIA,Diphtheria,"per 1,000,000 total population",0.6
WHO_REGIONS,EMR,Eastern Mediterranean Region,2013.0,JAPENC,Japanese encephalitis,"per 1,000,000 total population",0.0
WHO_REGIONS,EMR,Eastern Mediterranean Region,2013.0,MEASLES,Measles,"per 1,000,000 total population",32.0
WHO_REGIONS,EMR,Eastern Mediterranean Region,2013.0,MUMPS,Mumps,"per 1,000,000 total population",105.3
WHO_REGIONS,EMR,Eastern Mediterranean Region,2013.0,NTETANUS,Neonatal tetanus,per 1000 live births,0.1
WHO_REGIONS,EMR,Eastern Mediterranean Region,2013.0,PERTUSSIS,Pertussis,"per 1,000,000 total population",13.4
WHO_REGIONS,EMR,Eastern Mediterranean Region,2013.0,POLIO,Poliomyelitis,"per 1,000,000 <15 population",1.6
WHO_REGIONS,EMR,Eastern Mediterranean Region,2013.0,RUBELLA,Rubella,"per 1,000,000 total population",6.1
WHO_REGIONS,EMR,Eastern Mediterranean Region,2013.0,TTETANUS,Total tetanus,"per 1,000,000 total population",2.3
WHO_REGIONS,EMR,Eastern Mediterranean Region,2013.0,YFEVER,Yellow fever,"per 1,000,000 total population",0.0
WHO_REGIONS,EMR,Eastern Mediterranean Region,2012.0,CRS,Congenital rubella syndrome,"per 10,000 live births",0.1
WHO_REGIONS,EMR,Eastern Mediterranean Region,2012.0,DIPHTHERIA,Diphtheria,"per 1,000,000 total population",0.5
WHO_REGIONS,EMR,Eastern Mediterranean Region,2012.0,JAPENC,Japanese encephalitis,"per 1,000,000 total population",0.0
WHO_REGIONS,EMR,Eastern Mediterranean Region,2012.0,MEASLES,Measles,"per 1,000,000 total population",52.8
WHO_REGIONS,EMR,Eastern Mediterranean Region,2012.0,MUMPS,Mumps,"per 1,000,000 total population",57.4
WHO_REGIONS,EMR,Eastern Mediterranean Region,2012.0,NTETANUS,Neonatal tetanus,per 1000 live births,0.0
WHO_REGIONS,EMR,Eastern Mediterranean Region,2012.0,PERTUSSIS,Pertussis,"per 1,000,000 total population",22.3
WHO_REGIONS,EMR,Eastern Mediterranean Region,2012.0,POLIO,Poliomyelitis,"per 1,000,000 <15 population",0.5
WHO_REGIONS,EMR,Eastern Mediterranean Region,2012.0,RUBELLA,Rubella,"per 1,000,000 total population",2.8
WHO_REGIONS,EMR,Eastern Mediterranean Region,2012.0,TTETANUS,Total tetanus,"per 1,000,000 total population",1.4
WHO_REGIONS,EMR,Eastern Mediterranean Region,2012.0,YFEVER,Yellow fever,"per 1,000,000 total population",0.0
WHO_REGIONS,EMR,Eastern Mediterranean Region,2011.0,CRS,Congenital rubella syndrome,"per 10,000 live births",0.0
WHO_REGIONS,EMR,Eastern Mediterranean Region,2011.0,DIPHTHERIA,Diphtheria,"per 1,000,000 total population",0.6
WHO_REGIONS,EMR,Eastern Mediterranean Region,2011.0,JAPENC,Japanese encephalitis,"per 1,000,000 total population",0.0
WHO_REGIONS,EMR,Eastern Mediterranean Region,2011.0,MEASLES,Measles,"per 1,000,000 total population",55.3
WHO_REGIONS,EMR,Eastern Mediterranean Region,2011.0,MUMPS,Mumps,"per 1,000,000 total population",30.0
WHO_REGIONS,EMR,Eastern Mediterranean Region,2011.0,NTETANUS,Neonatal tetanus,per 1000 live births,0.1
WHO_REGIONS,EMR,Eastern Mediterranean Region,2011.0,PERTUSSIS,Pertussis,"per 1,000,000 total population",13.6
WHO_REGIONS,EMR,Eastern Mediterranean Region,2011.0,POLIO,Poliomyelitis,"per 1,000,000 <15 population",1.3
WHO_REGIONS,EMR,Eastern Mediterranean Region,2011.0,RUBELLA,Rubella,"per 1,000,000 total population",4.7
WHO_REGIONS,EMR,Eastern Mediterranean Region,2011.0,TTETANUS,Total tetanus,"per 1,000,000 total population",2.2
WHO_REGIONS,EMR,Eastern Mediterranean Region,2011.0,YFEVER,Yellow fever,"per 1,000,000 total population",0.0
WHO_REGIONS,EMR,Eastern Mediterranean Region,2010.0,CRS,Congenital rubella syndrome,"per 10,000 live births",0.0
WHO_REGIONS,EMR,Eastern Mediterranean Region,2010.0,DIPHTHERIA,Diphtheria,"per 1,000,000 total population",0.3
WHO_REGIONS,EMR,Eastern Mediterranean Region,2010.0,JAPENC,Japanese encephalitis,"per 1,000,000 total population",0.0
WHO_REGIONS,EMR,Eastern Mediterranean Region,2010.0,MEASLES,Measles,"per 1,000,000 total population",16.3
WHO_REGIONS,EMR,Eastern Mediterranean Region,2010.0,MUMPS,Mumps,"per 1,000,000 total population",35.0
WHO_REGIONS,EMR,Eastern Mediterranean Region,2010.0,NTETANUS,Neonatal tetanus,per 1000 live births,0.1
WHO_REGIONS,EMR,Eastern Mediterranean Region,2010.0,PERTUSSIS,Pertussis,"per 1,000,000 total population",10.1
WHO_REGIONS,EMR,Eastern Mediterranean Region,2010.0,POLIO,Poliomyelitis,"per 1,000,000 <15 population",0.8
WHO_REGIONS,EMR,Eastern Mediterranean Region,2010.0,RUBELLA,Rubella,"per 1,000,000 total population",3.4
WHO_REGIONS,EMR,Eastern Mediterranean Region,2010.0,TTETANUS,Total tetanus,"per 1,000,000 total population",2.1
WHO_REGIONS,EMR,Eastern Mediterranean Region,2010.0,YFEVER,Yellow fever,"per 1,000,000 total population",0.0
WHO_REGIONS,EMR,Eastern Mediterranean Region,2009.0,CRS,Congenital rubella syndrome,"per 10,000 live births",0.2
WHO_REGIONS,EMR,Eastern Mediterranean Region,2009.0,DIPHTHERIA,Diphtheria,"per 1,000,000 total population",0.2
WHO_REGIONS,EMR,Eastern Mediterranean Region,2009.0,JAPENC,Japanese encephalitis,"per 1,000,000 total population",0.0
WHO_REGIONS,EMR,Eastern Mediterranean Region,2009.0,MEASLES,Measles,"per 1,000,000 total population",60.8
WHO_REGIONS,EMR,Eastern Mediterranean Region,2009.0,MUMPS,Mumps,"per 1,000,000 total population",46.4
WHO_REGIONS,EMR,Eastern Mediterranean Region,2009.0,NTETANUS,Neonatal tetanus,per 1000 live births,0.1
WHO_REGIONS,EMR,Eastern Mediterranean Region,2009.0,PERTUSSIS,Pertussis,"per 1,000,000 total population",16.3
WHO_REGIONS,EMR,Eastern Mediterranean Region,2009.0,POLIO,Poliomyelitis,"per 1,000,000 <15 population",0.8
WHO_REGIONS,EMR,Eastern Mediterranean Region,2009.0,RUBELLA,Rubella,"per 1,000,000 total population",5.6
WHO_REGIONS,EMR,Eastern Mediterranean Region,2009.0,TTETANUS,Total tetanus,"per 1,000,000 total population",2.0
WHO_REGIONS,EMR,Eastern Mediterranean Region,2009.0,YFEVER,Yellow fever,"per 1,000,000 total population",0.0
WHO_REGIONS,EMR,Eastern Mediterranean Region,2008.0,CRS,Congenital rubella syndrome,"per 10,000 live births",0.0
WHO_REGIONS,EMR,Eastern Mediterranean Region,2008.0,DIPHTHERIA,Diphtheria,"per 1,000,000 total population",0.2
WHO_REGIONS,EMR,Eastern Mediterranean Region,2008.0,JAPENC,Japanese encephalitis,"per 1,000,000 total population",0.0
WHO_REGIONS,EMR,Eastern Mediterranean Region,2008.0,MEASLES,Measles,"per 1,000,000 total population",20.4
WHO_REGIONS,EMR,Eastern Mediterranean Region,2008.0,MUMPS,Mumps,"per 1,000,000 total population",47.6
WHO_REGIONS,EMR,Eastern Mediterranean Region,2008.0,NTETANUS,Neonatal tetanus,per 1000 live births,0.1
WHO_REGIONS,EMR,Eastern Mediterranean Region,2008.0,PERTUSSIS,Pertussis,"per 1,000,000 total population",12.3
WHO_REGIONS,EMR,Eastern Mediterranean Region,2008.0,POLIO,Poliomyelitis,"per 1,000,000 <15 population",0.8
WHO_REGIONS,EMR,Eastern Mediterranean Region,2008.0,RUBELLA,Rubella,"per 1,000,000 total population",6.6
WHO_REGIONS,EMR,Eastern Mediterranean Region,2008.0,TTETANUS,Total tetanus,"per 1,000,000 total population",2.7
WHO_REGIONS,EMR,Eastern Mediterranean Region,2008.0,YFEVER,Yellow fever,"per 1,000,000 total population",0.0
WHO_REGIONS,EMR,Eastern Mediterranean Region,2007.0,CRS,Congenital rubella syndrome,"per 10,000 live births",0.0
WHO_REGIONS,EMR,Eastern Mediterranean Region,2007.0,DIPHTHERIA,Diphtheria,"per 1,000,000 total population",0.3
WHO_REGIONS,EMR,Eastern Mediterranean Region,2007.0,JAPENC,Japanese encephalitis,"per 1,000,000 total population",0.0
WHO_REGIONS,EMR,Eastern Mediterranean Region,2007.0,MEASLES,Measles,"per 1,000,000 total population",27.3
WHO_REGIONS,EMR,Eastern Mediterranean Region,2007.0,MUMPS,Mumps,"per 1,000,000 total population",40.1
WHO_REGIONS,EMR,Eastern Mediterranean Region,2007.0,NTETANUS,Neonatal tetanus,per 1000 live births,0.1
WHO_REGIONS,EMR,Eastern Mediterranean Region,2007.0,PERTUSSIS,Pertussis,"per 1,000,000 total population",24.7
WHO_REGIONS,EMR,Eastern Mediterranean Region,2007.0,POLIO,Poliomyelitis,"per 1,000,000 <15 population",0.3
WHO_REGIONS,EMR,Eastern Mediterranean Region,2007.0,RUBELLA,Rubella,"per 1,000,000 total population",34.8
WHO_REGIONS,EMR,Eastern Mediterranean Region,2007.0,TTETANUS,Total tetanus,"per 1,000,000 total population",2.1
WHO_REGIONS,EMR,Eastern Mediterranean Region,2007.0,YFEVER,Yellow fever,"per 1,000,000 total population",0.0
WHO_REGIONS,EMR,Eastern Mediterranean Region,2006.0,CRS,Congenital rubella syndrome,"per 10,000 live births",0.1
WHO_REGIONS,EMR,Eastern Mediterranean Region,2006.0,DIPHTHERIA,Diphtheria,"per 1,000,000 total population",0.3
WHO_REGIONS,EMR,Eastern Mediterranean Region,2006.0,JAPENC,Japanese encephalitis,"per 1,000,000 total population",0.0
WHO_REGIONS,EMR,Eastern Mediterranean Region,2006.0,MEASLES,Measles,"per 1,000,000 total population",41.5
WHO_REGIONS,EMR,Eastern Mediterranean Region,2006.0,MUMPS,Mumps,"per 1,000,000 total population",55.5
WHO_REGIONS,EMR,Eastern Mediterranean Region,2006.0,NTETANUS,Neonatal tetanus,per 1000 live births,0.1
WHO_REGIONS,EMR,Eastern Mediterranean Region,2006.0,PERTUSSIS,Pertussis,"per 1,000,000 total population",18.3
WHO_REGIONS,EMR,Eastern Mediterranean Region,2006.0,POLIO,Poliomyelitis,"per 1,000,000 <15 population",0.5
WHO_REGIONS,EMR,Eastern Mediterranean Region,2006.0,RUBELLA,Rubella,"per 1,000,000 total population",13.9
WHO_REGIONS,EMR,Eastern Mediterranean Region,2006.0,TTETANUS,Total tetanus,"per 1,000,000 total population",1.9
WHO_REGIONS,EMR,Eastern Mediterranean Region,2006.0,YFEVER,Yellow fever,"per 1,000,000 total population",0.0
WHO_REGIONS,EMR,Eastern Mediterranean Region,2005.0,CRS,Congenital rubella syndrome,"per 10,000 live births",0.0
WHO_REGIONS,EMR,Eastern Mediterranean Region,2005.0,DIPHTHERIA,Diphtheria,"per 1,000,000 total population",0.5
WHO_REGIONS,EMR,Eastern Mediterranean Region,2005.0,MEASLES,Measles,"per 1,000,000 total population",29.4
WHO_REGIONS,EMR,Eastern Mediterranean Region,2005.0,MUMPS,Mumps,"per 1,000,000 total population",71.4
WHO_REGIONS,EMR,Eastern Mediterranean Region,2005.0,NTETANUS,Neonatal tetanus,per 1000 live births,0.1
WHO_REGIONS,EMR,Eastern Mediterranean Region,2005.0,PERTUSSIS,Pertussis,"per 1,000,000 total population",10.5
WHO_REGIONS,EMR,Eastern Mediterranean Region,2005.0,POLIO,Poliomyelitis,"per 1,000,000 <15 population",3.5
WHO_REGIONS,EMR,Eastern Mediterranean Region,2005.0,RUBELLA,Rubella,"per 1,000,000 total population",71.4
WHO_REGIONS,EMR,Eastern Mediterranean Region,2005.0,TTETANUS,Total tetanus,"per 1,000,000 total population",2.2
WHO_REGIONS,EMR,Eastern Mediterranean Region,2005.0,YFEVER,Yellow fever,"per 1,000,000 total population",0.0
WHO_REGIONS,EMR,Eastern Mediterranean Region,2004.0,CRS,Congenital rubella syndrome,"per 10,000 live births",0.0
WHO_REGIONS,EMR,Eastern Mediterranean Region,2004.0,DIPHTHERIA,Diphtheria,"per 1,000,000 total population",0.4
WHO_REGIONS,EMR,Eastern Mediterranean Region,2004.0,MEASLES,Measles,"per 1,000,000 total population",110.6
WHO_REGIONS,EMR,Eastern Mediterranean Region,2004.0,MUMPS,Mumps,"per 1,000,000 total population",289.0
WHO_REGIONS,EMR,Eastern Mediterranean Region,2004.0,NTETANUS,Neonatal tetanus,per 1000 live births,0.1
WHO_REGIONS,EMR,Eastern Mediterranean Region,2004.0,PERTUSSIS,Pertussis,"per 1,000,000 total population",154.7
WHO_REGIONS,EMR,Eastern Mediterranean Region,2004.0,POLIO,Poliomyelitis,"per 1,000,000 <15 population",0.9
WHO_REGIONS,EMR,Eastern Mediterranean Region,2004.0,RUBELLA,Rubella,"per 1,000,000 total population",46.2
WHO_REGIONS,EMR,Eastern Mediterranean Region,2004.0,TTETANUS,Total tetanus,"per 1,000,000 total population",2.2
WHO_REGIONS,EMR,Eastern Mediterranean Region,2004.0,YFEVER,Yellow fever,"per 1,000,000 total population",0.0
WHO_REGIONS,EMR,Eastern Mediterranean Region,2003.0,CRS,Congenital rubella syndrome,"per 10,000 live births",0.0
WHO_REGIONS,EMR,Eastern Mediterranean Region,2003.0,DIPHTHERIA,Diphtheria,"per 1,000,000 total population",0.7
WHO_REGIONS,EMR,Eastern Mediterranean Region,2003.0,MEASLES,Measles,"per 1,000,000 total population",105.6
WHO_REGIONS,EMR,Eastern Mediterranean Region,2003.0,MUMPS,Mumps,"per 1,000,000 total population",92.9
WHO_REGIONS,EMR,Eastern Mediterranean Region,2003.0,NTETANUS,Neonatal tetanus,per 1000 live births,0.1
WHO_REGIONS,EMR,Eastern Mediterranean Region,2003.0,PERTUSSIS,Pertussis,"per 1,000,000 total population",2.6
WHO_REGIONS,EMR,Eastern Mediterranean Region,2003.0,POLIO,Poliomyelitis,"per 1,000,000 <15 population",0.6
WHO_REGIONS,EMR,Eastern Mediterranean Region,2003.0,RUBELLA,Rubella,"per 1,000,000 total population",3.8
WHO_REGIONS,EMR,Eastern Mediterranean Region,2003.0,TTETANUS,Total tetanus,"per 1,000,000 total population",3.8
WHO_REGIONS,EMR,Eastern Mediterranean Region,2003.0,YFEVER,Yellow fever,"per 1,000,000 total population",0.0
WHO_REGIONS,EMR,Eastern Mediterranean Region,2002.0,CRS,Congenital rubella syndrome,"per 10,000 live births",0.0
WHO_REGIONS,EMR,Eastern Mediterranean Region,2002.0,DIPHTHERIA,Diphtheria,"per 1,000,000 total population",2.0
WHO_REGIONS,EMR,Eastern Mediterranean Region,2002.0,MEASLES,Measles,"per 1,000,000 total population",87.5
WHO_REGIONS,EMR,Eastern Mediterranean Region,2002.0,MUMPS,Mumps,"per 1,000,000 total population",338.2
WHO_REGIONS,EMR,Eastern Mediterranean Region,2002.0,NTETANUS,Neonatal tetanus,per 1000 live births,0.1
WHO_REGIONS,EMR,Eastern Mediterranean Region,2002.0,PERTUSSIS,Pertussis,"per 1,000,000 total population",5.8
WHO_REGIONS,EMR,Eastern Mediterranean Region,2002.0,POLIO,Poliomyelitis,"per 1,000,000 <15 population",0.5
WHO_REGIONS,EMR,Eastern Mediterranean Region,2002.0,RUBELLA,Rubella,"per 1,000,000 total population",4.2
WHO_REGIONS,EMR,Eastern Mediterranean Region,2002.0,TTETANUS,Total tetanus,"per 1,000,000 total population",6.3
WHO_REGIONS,EMR,Eastern Mediterranean Region,2002.0,YFEVER,Yellow fever,"per 1,000,000 total population",0.0
WHO_REGIONS,EMR,Eastern Mediterranean Region,2001.0,CRS,Congenital rubella syndrome,"per 10,000 live births",0.0
WHO_REGIONS,EMR,Eastern Mediterranean Region,2001.0,DIPHTHERIA,Diphtheria,"per 1,000,000 total population",0.2
WHO_REGIONS,EMR,Eastern Mediterranean Region,2001.0,MEASLES,Measles,"per 1,000,000 total population",82.0
WHO_REGIONS,EMR,Eastern Mediterranean Region,2001.0,MUMPS,Mumps,"per 1,000,000 total population",226.2
WHO_REGIONS,EMR,Eastern Mediterranean Region,2001.0,NTETANUS,Neonatal tetanus,per 1000 live births,0.1
WHO_REGIONS,EMR,Eastern Mediterranean Region,2001.0,PERTUSSIS,Pertussis,"per 1,000,000 total population",9.4
WHO_REGIONS,EMR,Eastern Mediterranean Region,2001.0,POLIO,Poliomyelitis,"per 1,000,000 <15 population",0.7
WHO_REGIONS,EMR,Eastern Mediterranean Region,2001.0,RUBELLA,Rubella,"per 1,000,000 total population",8.0
WHO_REGIONS,EMR,Eastern Mediterranean Region,2001.0,TTETANUS,Total tetanus,"per 1,000,000 total population",5.1
WHO_REGIONS,EMR,Eastern Mediterranean Region,2001.0,YFEVER,Yellow fever,"per 1,000,000 total population",0.0
WHO_REGIONS,EMR,Eastern Mediterranean Region,2000.0,CRS,Congenital rubella syndrome,"per 10,000 live births",0.0
WHO_REGIONS,EMR,Eastern Mediterranean Region,2000.0,DIPHTHERIA,Diphtheria,"per 1,000,000 total population",0.4
WHO_REGIONS,EMR,Eastern Mediterranean Region,2000.0,MEASLES,Measles,"per 1,000,000 total population",85.8
WHO_REGIONS,EMR,Eastern Mediterranean Region,2000.0,MUMPS,Mumps,"per 1,000,000 total population",330.8
WHO_REGIONS,EMR,Eastern Mediterranean Region,2000.0,NTETANUS,Neonatal tetanus,per 1000 live births,0.2
WHO_REGIONS,EMR,Eastern Mediterranean Region,2000.0,PERTUSSIS,Pertussis,"per 1,000,000 total population",4.8
WHO_REGIONS,EMR,Eastern Mediterranean Region,2000.0,POLIO,Poliomyelitis,"per 1,000,000 <15 population",2.6
WHO_REGIONS,EMR,Eastern Mediterranean Region,2000.0,RUBELLA,Rubella,"per 1,000,000 total population",15.7
WHO_REGIONS,EMR,Eastern Mediterranean Region,2000.0,TTETANUS,Total tetanus,"per 1,000,000 total population",5.8
WHO_REGIONS,EMR,Eastern Mediterranean Region,2000.0,YFEVER,Yellow fever,"per 1,000,000 total population",0.0
WHO_REGIONS,EMR,Eastern Mediterranean Region,1999.0,CRS,Congenital rubella syndrome,"per 10,000 live births",0.0
WHO_REGIONS,EMR,Eastern Mediterranean Region,1999.0,DIPHTHERIA,Diphtheria,"per 1,000,000 total population",1.1
WHO_REGIONS,EMR,Eastern Mediterranean Region,1999.0,MEASLES,Measles,"per 1,000,000 total population",151.2
WHO_REGIONS,EMR,Eastern Mediterranean Region,1999.0,MUMPS,Mumps,"per 1,000,000 total population",882.4
WHO_REGIONS,EMR,Eastern Mediterranean Region,1999.0,NTETANUS,Neonatal tetanus,per 1000 live births,0.2
WHO_REGIONS,EMR,Eastern Mediterranean Region,1999.0,PERTUSSIS,Pertussis,"per 1,000,000 total population",6.3
WHO_REGIONS,EMR,Eastern Mediterranean Region,1999.0,POLIO,Poliomyelitis,"per 1,000,000 <15 population",
WHO_REGIONS,EMR,Eastern Mediterranean Region,1999.0,RUBELLA,Rubella,"per 1,000,000 total population",39.8
WHO_REGIONS,EMR,Eastern Mediterranean Region,1999.0,TTETANUS,Total tetanus,"per 1,000,000 total population",6.9
WHO_REGIONS,EMR,Eastern Mediterranean Region,1999.0,YFEVER,Yellow fever,"per 1,000,000 total population",0.0
WHO_REGIONS,EMR,Eastern Mediterranean Region,1998.0,DIPHTHERIA,Diphtheria,"per 1,000,000 total population",0.9
WHO_REGIONS,EMR,Eastern Mediterranean Region,1998.0,MEASLES,Measles,"per 1,000,000 total population",191.4
WHO_REGIONS,EMR,Eastern Mediterranean Region,1998.0,NTETANUS,Neonatal tetanus,per 1000 live births,0.2
WHO_REGIONS,EMR,Eastern Mediterranean Region,1998.0,PERTUSSIS,Pertussis,"per 1,000,000 total population",9.7
WHO_REGIONS,EMR,Eastern Mediterranean Region,1998.0,POLIO,Poliomyelitis,"per 1,000,000 <15 population",
WHO_REGIONS,EMR,Eastern Mediterranean Region,1998.0,TTETANUS,Total tetanus,"per 1,000,000 total population",9.1
WHO_REGIONS,EMR,Eastern Mediterranean Region,1998.0,YFEVER,Yellow fever,"per 1,000,000 total population",0.0
WHO_REGIONS,EMR,Eastern Mediterranean Region,1997.0,DIPHTHERIA,Diphtheria,"per 1,000,000 total population",1.0
WHO_REGIONS,EMR,Eastern Mediterranean Region,1997.0,MEASLES,Measles,"per 1,000,000 total population",77.1
WHO_REGIONS,EMR,Eastern Mediterranean Region,1997.0,NTETANUS,Neonatal tetanus,per 1000 live births,0.2
WHO_REGIONS,EMR,Eastern Mediterranean Region,1997.0,PERTUSSIS,Pertussis,"per 1,000,000 total population",7.8
WHO_REGIONS,EMR,Eastern Mediterranean Region,1997.0,POLIO,Poliomyelitis,"per 1,000,000 <15 population",
WHO_REGIONS,EMR,Eastern Mediterranean Region,1997.0,TTETANUS,Total tetanus,"per 1,000,000 total population",9.7
WHO_REGIONS,EMR,Eastern Mediterranean Region,1997.0,YFEVER,Yellow fever,"per 1,000,000 total population",
WHO_REGIONS,EMR,Eastern Mediterranean Region,1996.0,DIPHTHERIA,Diphtheria,"per 1,000,000 total population",1.3
WHO_REGIONS,EMR,Eastern Mediterranean Region,1996.0,MEASLES,Measles,"per 1,000,000 total population",50.0
WHO_REGIONS,EMR,Eastern Mediterranean Region,1996.0,NTETANUS,Neonatal tetanus,per 1000 live births,0.2
WHO_REGIONS,EMR,Eastern Mediterranean Region,1996.0,PERTUSSIS,Pertussis,"per 1,000,000 total population",7.1
WHO_REGIONS,EMR,Eastern Mediterranean Region,1996.0,POLIO,Poliomyelitis,"per 1,000,000 <15 population",
WHO_REGIONS,EMR,Eastern Mediterranean Region,1996.0,TTETANUS,Total tetanus,"per 1,000,000 total population",10.1
WHO_REGIONS,EMR,Eastern Mediterranean Region,1996.0,YFEVER,Yellow fever,"per 1,000,000 total population",
WHO_REGIONS,EMR,Eastern Mediterranean Region,1995.0,DIPHTHERIA,Diphtheria,"per 1,000,000 total population",0.7
WHO_REGIONS,EMR,Eastern Mediterranean Region,1995.0,MEASLES,Measles,"per 1,000,000 total population",50.9
WHO_REGIONS,EMR,Eastern Mediterranean Region,1995.0,NTETANUS,Neonatal tetanus,per 1000 live births,0.2
WHO_REGIONS,EMR,Eastern Mediterranean Region,1995.0,PERTUSSIS,Pertussis,"per 1,000,000 total population",8.9
WHO_REGIONS,EMR,Eastern Mediterranean Region,1995.0,POLIO,Poliomyelitis,"per 1,000,000 <15 population",
WHO_REGIONS,EMR,Eastern Mediterranean Region,1995.0,TTETANUS,Total tetanus,"per 1,000,000 total population",8.5
WHO_REGIONS,EMR,Eastern Mediterranean Region,1995.0,YFEVER,Yellow fever,"per 1,000,000 total population",
WHO_REGIONS,EMR,Eastern Mediterranean Region,1994.0,DIPHTHERIA,Diphtheria,"per 1,000,000 total population",0.8
WHO_REGIONS,EMR,Eastern Mediterranean Region,1994.0,MEASLES,Measles,"per 1,000,000 total population",61.6
WHO_REGIONS,EMR,Eastern Mediterranean Region,1994.0,NTETANUS,Neonatal tetanus,per 1000 live births,0.2
WHO_REGIONS,EMR,Eastern Mediterranean Region,1994.0,PERTUSSIS,Pertussis,"per 1,000,000 total population",4.3
WHO_REGIONS,EMR,Eastern Mediterranean Region,1994.0,POLIO,Poliomyelitis,"per 1,000,000 <15 population",
WHO_REGIONS,EMR,Eastern Mediterranean Region,1994.0,TTETANUS,Total tetanus,"per 1,000,000 total population",10.5
WHO_REGIONS,EMR,Eastern Mediterranean Region,1994.0,YFEVER,Yellow fever,"per 1,000,000 total population",
WHO_REGIONS,EMR,Eastern Mediterranean Region,1993.0,DIPHTHERIA,Diphtheria,"per 1,000,000 total population",1.1
WHO_REGIONS,EMR,Eastern Mediterranean Region,1993.0,MEASLES,Measles,"per 1,000,000 total population",130.0
WHO_REGIONS,EMR,Eastern Mediterranean Region,1993.0,NTETANUS,Neonatal tetanus,per 1000 live births,0.2
WHO_REGIONS,EMR,Eastern Mediterranean Region,1993.0,PERTUSSIS,Pertussis,"per 1,000,000 total population",5.5
WHO_REGIONS,EMR,Eastern Mediterranean Region,1993.0,POLIO,Poliomyelitis,"per 1,000,000 <15 population",
WHO_REGIONS,EMR,Eastern Mediterranean Region,1993.0,TTETANUS,Total tetanus,"per 1,000,000 total population",12.4
WHO_REGIONS,EMR,Eastern Mediterranean Region,1993.0,YFEVER,Yellow fever,"per 1,000,000 total population",
WHO_REGIONS,EMR,Eastern Mediterranean Region,1992.0,DIPHTHERIA,Diphtheria,"per 1,000,000 total population",2.8
WHO_REGIONS,EMR,Eastern Mediterranean Region,1992.0,MEASLES,Measles,"per 1,000,000 total population",235.4
WHO_REGIONS,EMR,Eastern Mediterranean Region,1992.0,NTETANUS,Neonatal tetanus,per 1000 live births,0.3
WHO_REGIONS,EMR,Eastern Mediterranean Region,1992.0,PERTUSSIS,Pertussis,"per 1,000,000 total population",12.2
WHO_REGIONS,EMR,Eastern Mediterranean Region,1992.0,POLIO,Poliomyelitis,"per 1,000,000 <15 population",
WHO_REGIONS,EMR,Eastern Mediterranean Region,1992.0,TTETANUS,Total tetanus,"per 1,000,000 total population",14.7
WHO_REGIONS,EMR,Eastern Mediterranean Region,1992.0,YFEVER,Yellow fever,"per 1,000,000 total population",
WHO_REGIONS,EMR,Eastern Mediterranean Region,1991.0,DIPHTHERIA,Diphtheria,"per 1,000,000 total population",3.2
WHO_REGIONS,EMR,Eastern Mediterranean Region,1991.0,MEASLES,Measles,"per 1,000,000 total population",169.0
WHO_REGIONS,EMR,Eastern Mediterranean Region,1991.0,NTETANUS,Neonatal tetanus,per 1000 live births,0.3
WHO_REGIONS,EMR,Eastern Mediterranean Region,1991.0,PERTUSSIS,Pertussis,"per 1,000,000 total population",12.1
WHO_REGIONS,EMR,Eastern Mediterranean Region,1991.0,POLIO,Poliomyelitis,"per 1,000,000 <15 population",
WHO_REGIONS,EMR,Eastern Mediterranean Region,1991.0,TTETANUS,Total tetanus,"per 1,000,000 total population",19.5
WHO_REGIONS,EMR,Eastern Mediterranean Region,1991.0,YFEVER,Yellow fever,"per 1,000,000 total population",
WHO_REGIONS,EMR,Eastern Mediterranean Region,1990.0,DIPHTHERIA,Diphtheria,"per 1,000,000 total population",10.1
WHO_REGIONS,EMR,Eastern Mediterranean Region,1990.0,MEASLES,Measles,"per 1,000,000 total population",166.2
WHO_REGIONS,EMR,Eastern Mediterranean Region,1990.0,NTETANUS,Neonatal tetanus,per 1000 live births,0.3
WHO_REGIONS,EMR,Eastern Mediterranean Region,1990.0,PERTUSSIS,Pertussis,"per 1,000,000 total population",77.2
WHO_REGIONS,EMR,Eastern Mediterranean Region,1990.0,POLIO,Poliomyelitis,"per 1,000,000 <15 population",
WHO_REGIONS,EMR,Eastern Mediterranean Region,1990.0,TTETANUS,Total tetanus,"per 1,000,000 total population",29.0
WHO_REGIONS,EMR,Eastern Mediterranean Region,1990.0,YFEVER,Yellow fever,"per 1,000,000 total population",
WHO_REGIONS,EMR,Eastern Mediterranean Region,1989.0,DIPHTHERIA,Diphtheria,"per 1,000,000 total population",17.2
WHO_REGIONS,EMR,Eastern Mediterranean Region,1989.0,MEASLES,Measles,"per 1,000,000 total population",228.7
WHO_REGIONS,EMR,Eastern Mediterranean Region,1989.0,NTETANUS,Neonatal tetanus,per 1000 live births,0.5
WHO_REGIONS,EMR,Eastern Mediterranean Region,1989.0,PERTUSSIS,Pertussis,"per 1,000,000 total population",109.6
WHO_REGIONS,EMR,Eastern Mediterranean Region,1989.0,POLIO,Poliomyelitis,"per 1,000,000 <15 population",
WHO_REGIONS,EMR,Eastern Mediterranean Region,1989.0,TTETANUS,Total tetanus,"per 1,000,000 total population",36.3
WHO_REGIONS,EMR,Eastern Mediterranean Region,1989.0,YFEVER,Yellow fever,"per 1,000,000 total population",
WHO_REGIONS,EMR,Eastern Mediterranean Region,1988.0,DIPHTHERIA,Diphtheria,"per 1,000,000 total population",13.9
WHO_REGIONS,EMR,Eastern Mediterranean Region,1988.0,MEASLES,Measles,"per 1,000,000 total population",356.9
WHO_REGIONS,EMR,Eastern Mediterranean Region,1988.0,NTETANUS,Neonatal tetanus,per 1000 live births,0.7
WHO_REGIONS,EMR,Eastern Mediterranean Region,1988.0,PERTUSSIS,Pertussis,"per 1,000,000 total population",220.7
WHO_REGIONS,EMR,Eastern Mediterranean Region,1988.0,POLIO,Poliomyelitis,"per 1,000,000 <15 population",
WHO_REGIONS,EMR,Eastern Mediterranean Region,1988.0,TTETANUS,Total tetanus,"per 1,000,000 total population",39.0
WHO_REGIONS,EMR,Eastern Mediterranean Region,1988.0,YFEVER,Yellow fever,"per 1,000,000 total population",
WHO_REGIONS,EMR,Eastern Mediterranean Region,1987.0,DIPHTHERIA,Diphtheria,"per 1,000,000 total population",17.8
WHO_REGIONS,EMR,Eastern Mediterranean Region,1987.0,MEASLES,Measles,"per 1,000,000 total population",495.7
WHO_REGIONS,EMR,Eastern Mediterranean Region,1987.0,NTETANUS,Neonatal tetanus,per 1000 live births,0.8
WHO_REGIONS,EMR,Eastern Mediterranean Region,1987.0,PERTUSSIS,Pertussis,"per 1,000,000 total population",198.6
WHO_REGIONS,EMR,Eastern Mediterranean Region,1987.0,POLIO,Poliomyelitis,"per 1,000,000 <15 population",
WHO_REGIONS,EMR,Eastern Mediterranean Region,1987.0,TTETANUS,Total tetanus,"per 1,000,000 total population",42.3
WHO_REGIONS,EMR,Eastern Mediterranean Region,1987.0,YFEVER,Yellow fever,"per 1,000,000 total population",
WHO_REGIONS,EMR,Eastern Mediterranean Region,1986.0,DIPHTHERIA,Diphtheria,"per 1,000,000 total population",20.5
WHO_REGIONS,EMR,Eastern Mediterranean Region,1986.0,MEASLES,Measles,"per 1,000,000 total population",512.0
WHO_REGIONS,EMR,Eastern Mediterranean Region,1986.0,NTETANUS,Neonatal tetanus,per 1000 live births,1.0
WHO_REGIONS,EMR,Eastern Mediterranean Region,1986.0,PERTUSSIS,Pertussis,"per 1,000,000 total population",305.9
WHO_REGIONS,EMR,Eastern Mediterranean Region,1986.0,POLIO,Poliomyelitis,"per 1,000,000 <15 population",
WHO_REGIONS,EMR,Eastern Mediterranean Region,1986.0,TTETANUS,Total tetanus,"per 1,000,000 total population",65.8
WHO_REGIONS,EMR,Eastern Mediterranean Region,1986.0,YFEVER,Yellow fever,"per 1,000,000 total population",
WHO_REGIONS,EMR,Eastern Mediterranean Region,1985.0,DIPHTHERIA,Diphtheria,"per 1,000,000 total population",26.3
WHO_REGIONS,EMR,Eastern Mediterranean Region,1985.0,MEASLES,Measles,"per 1,000,000 total population",708.1
WHO_REGIONS,EMR,Eastern Mediterranean Region,1985.0,NTETANUS,Neonatal tetanus,per 1000 live births,0.8
WHO_REGIONS,EMR,Eastern Mediterranean Region,1985.0,PERTUSSIS,Pertussis,"per 1,000,000 total population",343.8
WHO_REGIONS,EMR,Eastern Mediterranean Region,1985.0,POLIO,Poliomyelitis,"per 1,000,000 <15 population",
WHO_REGIONS,EMR,Eastern Mediterranean Region,1985.0,TTETANUS,Total tetanus,"per 1,000,000 total population",91.8
WHO_REGIONS,EMR,Eastern Mediterranean Region,1985.0,YFEVER,Yellow fever,"per 1,000,000 total population",
WHO_REGIONS,EMR,Eastern Mediterranean Region,1984.0,DIPHTHERIA,Diphtheria,"per 1,000,000 total population",16.7
WHO_REGIONS,EMR,Eastern Mediterranean Region,1984.0,MEASLES,Measles,"per 1,000,000 total population",694.4
WHO_REGIONS,EMR,Eastern Mediterranean Region,1984.0,NTETANUS,Neonatal tetanus,per 1000 live births,0.8
WHO_REGIONS,EMR,Eastern Mediterranean Region,1984.0,PERTUSSIS,Pertussis,"per 1,000,000 total population",324.6
WHO_REGIONS,EMR,Eastern Mediterranean Region,1984.0,POLIO,Poliomyelitis,"per 1,000,000 <15 population",
WHO_REGIONS,EMR,Eastern Mediterranean Region,1984.0,TTETANUS,Total tetanus,"per 1,000,000 total population",55.6
WHO_REGIONS,EMR,Eastern Mediterranean Region,1984.0,YFEVER,Yellow fever,"per 1,000,000 total population",
WHO_REGIONS,EMR,Eastern Mediterranean Region,1983.0,DIPHTHERIA,Diphtheria,"per 1,000,000 total population",24.8
WHO_REGIONS,EMR,Eastern Mediterranean Region,1983.0,MEASLES,Measles,"per 1,000,000 total population",983.7
WHO_REGIONS,EMR,Eastern Mediterranean Region,1983.0,NTETANUS,Neonatal tetanus,per 1000 live births,0.9
WHO_REGIONS,EMR,Eastern Mediterranean Region,1983.0,PERTUSSIS,Pertussis,"per 1,000,000 total population",415.6
WHO_REGIONS,EMR,Eastern Mediterranean Region,1983.0,POLIO,Poliomyelitis,"per 1,000,000 <15 population",
WHO_REGIONS,EMR,Eastern Mediterranean Region,1983.0,TTETANUS,Total tetanus,"per 1,000,000 total population",61.1
WHO_REGIONS,EMR,Eastern Mediterranean Region,1983.0,YFEVER,Yellow fever,"per 1,000,000 total population",
WHO_REGIONS,EMR,Eastern Mediterranean Region,1982.0,DIPHTHERIA,Diphtheria,"per 1,000,000 total population",44.3
WHO_REGIONS,EMR,Eastern Mediterranean Region,1982.0,MEASLES,Measles,"per 1,000,000 total population",1148.3
WHO_REGIONS,EMR,Eastern Mediterranean Region,1982.0,NTETANUS,Neonatal tetanus,per 1000 live births,0.7
WHO_REGIONS,EMR,Eastern Mediterranean Region,1982.0,PERTUSSIS,Pertussis,"per 1,000,000 total population",629.7
WHO_REGIONS,EMR,Eastern Mediterranean Region,1982.0,POLIO,Poliomyelitis,"per 1,000,000 <15 population",
WHO_REGIONS,EMR,Eastern Mediterranean Region,1982.0,TTETANUS,Total tetanus,"per 1,000,000 total population",74.0
WHO_REGIONS,EMR,Eastern Mediterranean Region,1982.0,YFEVER,Yellow fever,"per 1,000,000 total population",
WHO_REGIONS,EMR,Eastern Mediterranean Region,1981.0,DIPHTHERIA,Diphtheria,"per 1,000,000 total population",70.7
WHO_REGIONS,EMR,Eastern Mediterranean Region,1981.0,MEASLES,Measles,"per 1,000,000 total population",1604.0
WHO_REGIONS,EMR,Eastern Mediterranean Region,1981.0,NTETANUS,Neonatal tetanus,per 1000 live births,0.6
WHO_REGIONS,EMR,Eastern Mediterranean Region,1981.0,PERTUSSIS,Pertussis,"per 1,000,000 total population",620.1
WHO_REGIONS,EMR,Eastern Mediterranean Region,1981.0,POLIO,Poliomyelitis,"per 1,000,000 <15 population",
WHO_REGIONS,EMR,Eastern Mediterranean Region,1981.0,TTETANUS,Total tetanus,"per 1,000,000 total population",65.3
WHO_REGIONS,EMR,Eastern Mediterranean Region,1981.0,YFEVER,Yellow fever,"per 1,000,000 total population",
WHO_REGIONS,EMR,Eastern Mediterranean Region,1980.0,DIPHTHERIA,Diphtheria,"per 1,000,000 total population",73.8
WHO_REGIONS,EMR,Eastern Mediterranean Region,1980.0,MEASLES,Measles,"per 1,000,000 total population",1263.7
WHO_REGIONS,EMR,Eastern Mediterranean Region,1980.0,NTETANUS,Neonatal tetanus,per 1000 live births,0.6
WHO_REGIONS,EMR,Eastern Mediterranean Region,1980.0,PERTUSSIS,Pertussis,"per 1,000,000 total population",634.9
WHO_REGIONS,EMR,Eastern Mediterranean Region,1980.0,POLIO,Poliomyelitis,"per 1,000,000 <15 population",
WHO_REGIONS,EMR,Eastern Mediterranean Region,1980.0,TTETANUS,Total tetanus,"per 1,000,000 total population",65.6
WHO_REGIONS,EMR,Eastern Mediterranean Region,1980.0,YFEVER,Yellow fever,"per 1,000,000 total population",
WHO_REGIONS,EUR,European Region,2023.0,CRS,Congenital rubella syndrome,"per 10,000 live births",0.0
WHO_REGIONS,EUR,European Region,2023.0,DIPHTHERIA,Diphtheria,"per 1,000,000 total population",0.3
WHO_REGIONS,EUR,European Region,2023.0,INVASIVE_MENING,Invasive meningococcal disease,"per 1,000,000 total population",4.3
WHO_REGIONS,EUR,European Region,2023.0,MEASLES,Measles,"per 1,000,000 total population",71.0
WHO_REGIONS,EUR,European Region,2023.0,MUMPS,Mumps,"per 1,000,000 total population",10.3
WHO_REGIONS,EUR,European Region,2023.0,NTETANUS,Neonatal tetanus,per 1000 live births,0.0
WHO_REGIONS,EUR,European Region,2023.0,PERTUSSIS,Pertussis,"per 1,000,000 total population",104.4
WHO_REGIONS,EUR,European Region,2023.0,POLIO,Poliomyelitis,"per 1,000,000 <15 population",0.4
WHO_REGIONS,EUR,European Region,2023.0,RUBELLA,Rubella,"per 1,000,000 total population",0.4
WHO_REGIONS,EUR,European Region,2023.0,TTETANUS,Total tetanus,"per 1,000,000 total population",0.1
WHO_REGIONS,EUR,European Region,2023.0,TYPHOID,Typhoid,"per 1,000,000 total population",1.5
WHO_REGIONS,EUR,European Region,2023.0,YFEVER,Yellow fever,"per 1,000,000 total population",0.0
WHO_REGIONS,EUR,European Region,2022.0,CRS,Congenital rubella syndrome,"per 10,000 live births",0.0
WHO_REGIONS,EUR,European Region,2022.0,DIPHTHERIA,Diphtheria,"per 1,000,000 total population",0.6
WHO_REGIONS,EUR,European Region,2022.0,INVASIVE_MENING,Invasive meningococcal disease,"per 1,000,000 total population",2.8
WHO_REGIONS,EUR,European Region,2022.0,MEASLES,Measles,"per 1,000,000 total population",0.9
WHO_REGIONS,EUR,European Region,2022.0,MUMPS,Mumps,"per 1,000,000 total population",8.3
WHO_REGIONS,EUR,European Region,2022.0,NTETANUS,Neonatal tetanus,per 1000 live births,0.0
WHO_REGIONS,EUR,European Region,2022.0,PERTUSSIS,Pertussis,"per 1,000,000 total population",6.8
WHO_REGIONS,EUR,European Region,2022.0,POLIO,Poliomyelitis,"per 1,000,000 <15 population",0.1
WHO_REGIONS,EUR,European Region,2022.0,RUBELLA,Rubella,"per 1,000,000 total population",0.2
WHO_REGIONS,EUR,European Region,2022.0,TTETANUS,Total tetanus,"per 1,000,000 total population",0.1
WHO_REGIONS,EUR,European Region,2022.0,TYPHOID,Typhoid,"per 1,000,000 total population",0.6
WHO_REGIONS,EUR,European Region,2022.0,YFEVER,Yellow fever,"per 1,000,000 total population",0.0
WHO_REGIONS,EUR,European Region,2021.0,CRS,Congenital rubella syndrome,"per 10,000 live births",0.0
WHO_REGIONS,EUR,European Region,2021.0,DIPHTHERIA,Diphtheria,"per 1,000,000 total population",0.1
WHO_REGIONS,EUR,European Region,2021.0,INVASIVE_MENING,Invasive meningococcal disease,"per 1,000,000 total population",1.5
WHO_REGIONS,EUR,European Region,2021.0,JAPENC,Japanese encephalitis,"per 1,000,000 total population",0.0
WHO_REGIONS,EUR,European Region,2021.0,MEASLES,Measles,"per 1,000,000 total population",0.1
WHO_REGIONS,EUR,European Region,2021.0,MUMPS,Mumps,"per 1,000,000 total population",4.4
WHO_REGIONS,EUR,European Region,2021.0,NTETANUS,Neonatal tetanus,per 1000 live births,0.0
WHO_REGIONS,EUR,European Region,2021.0,PERTUSSIS,Pertussis,"per 1,000,000 total population",3.4
WHO_REGIONS,EUR,European Region,2021.0,POLIO,Poliomyelitis,"per 1,000,000 <15 population",0.2
WHO_REGIONS,EUR,European Region,2021.0,RUBELLA,Rubella,"per 1,000,000 total population",0.1
WHO_REGIONS,EUR,European Region,2021.0,TTETANUS,Total tetanus,"per 1,000,000 total population",0.1
WHO_REGIONS,EUR,European Region,2021.0,TYPHOID,Typhoid,"per 1,000,000 total population",0.2
WHO_REGIONS,EUR,European Region,2021.0,YFEVER,Yellow fever,"per 1,000,000 total population",0.0
WHO_REGIONS,EUR,European Region,2020.0,CRS,Congenital rubella syndrome,"per 10,000 live births",0.0
WHO_REGIONS,EUR,European Region,2020.0,DIPHTHERIA,Diphtheria,"per 1,000,000 total population",0.0
WHO_REGIONS,EUR,European Region,2020.0,INVASIVE_MENING,Invasive meningococcal disease,"per 1,000,000 total population",2.5
WHO_REGIONS,EUR,European Region,2020.0,JAPENC,Japanese encephalitis,"per 1,000,000 total population",0.0
WHO_REGIONS,EUR,European Region,2020.0,MEASLES,Measles,"per 1,000,000 total population",13.3
WHO_REGIONS,EUR,European Region,2020.0,MUMPS,Mumps,"per 1,000,000 total population",16.2
WHO_REGIONS,EUR,European Region,2020.0,NTETANUS,Neonatal tetanus,per 1000 live births,0.0
WHO_REGIONS,EUR,European Region,2020.0,PERTUSSIS,Pertussis,"per 1,000,000 total population",23.7
WHO_REGIONS,EUR,European Region,2020.0,POLIO,Poliomyelitis,"per 1,000,000 <15 population",0.0
WHO_REGIONS,EUR,European Region,2020.0,RUBELLA,Rubella,"per 1,000,000 total population",0.3
WHO_REGIONS,EUR,European Region,2020.0,TTETANUS,Total tetanus,"per 1,000,000 total population",0.1
WHO_REGIONS,EUR,European Region,2020.0,TYPHOID,Typhoid,"per 1,000,000 total population",0.3
WHO_REGIONS,EUR,European Region,2020.0,YFEVER,Yellow fever,"per 1,000,000 total population",0.0
WHO_REGIONS,EUR,European Region,2019.0,CRS,Congenital rubella syndrome,"per 10,000 live births",0.0
WHO_REGIONS,EUR,European Region,2019.0,DIPHTHERIA,Diphtheria,"per 1,000,000 total population",0.1
WHO_REGIONS,EUR,European Region,2019.0,JAPENC,Japanese encephalitis,"per 1,000,000 total population",0.0
WHO_REGIONS,EUR,European Region,2019.0,MEASLES,Measles,"per 1,000,000 total population",115.0
WHO_REGIONS,EUR,European Region,2019.0,MUMPS,Mumps,"per 1,000,000 total population",30.9
WHO_REGIONS,EUR,European Region,2019.0,NTETANUS,Neonatal tetanus,per 1000 live births,0.0
WHO_REGIONS,EUR,European Region,2019.0,PERTUSSIS,Pertussis,"per 1,000,000 total population",74.7
WHO_REGIONS,EUR,European Region,2019.0,POLIO,Poliomyelitis,"per 1,000,000 <15 population",0.0
WHO_REGIONS,EUR,European Region,2019.0,RUBELLA,Rubella,"per 1,000,000 total population",0.7
WHO_REGIONS,EUR,European Region,2019.0,TTETANUS,Total tetanus,"per 1,000,000 total population",0.1
WHO_REGIONS,EUR,European Region,2019.0,TYPHOID,Typhoid,"per 1,000,000 total population",1.0
WHO_REGIONS,EUR,European Region,2019.0,YFEVER,Yellow fever,"per 1,000,000 total population",0.0
WHO_REGIONS,EUR,European Region,2018.0,CRS,Congenital rubella syndrome,"per 10,000 live births",0.0
WHO_REGIONS,EUR,European Region,2018.0,DIPHTHERIA,Diphtheria,"per 1,000,000 total population",0.1
WHO_REGIONS,EUR,European Region,2018.0,JAPENC,Japanese encephalitis,"per 1,000,000 total population",0.0
WHO_REGIONS,EUR,European Region,2018.0,MEASLES,Measles,"per 1,000,000 total population",95.8
WHO_REGIONS,EUR,European Region,2018.0,MUMPS,Mumps,"per 1,000,000 total population",23.7
WHO_REGIONS,EUR,European Region,2018.0,NTETANUS,Neonatal tetanus,per 1000 live births,0.0
WHO_REGIONS,EUR,European Region,2018.0,PERTUSSIS,Pertussis,"per 1,000,000 total population",66.1
WHO_REGIONS,EUR,European Region,2018.0,POLIO,Poliomyelitis,"per 1,000,000 <15 population",0.0
WHO_REGIONS,EUR,European Region,2018.0,RUBELLA,Rubella,"per 1,000,000 total population",0.9
WHO_REGIONS,EUR,European Region,2018.0,TTETANUS,Total tetanus,"per 1,000,000 total population",0.2
WHO_REGIONS,EUR,European Region,2018.0,TYPHOID,Typhoid,"per 1,000,000 total population",0.4
WHO_REGIONS,EUR,European Region,2018.0,YFEVER,Yellow fever,"per 1,000,000 total population",0.0
WHO_REGIONS,EUR,European Region,2017.0,CRS,Congenital rubella syndrome,"per 10,000 live births",0.0
WHO_REGIONS,EUR,European Region,2017.0,DIPHTHERIA,Diphtheria,"per 1,000,000 total population",0.0
WHO_REGIONS,EUR,European Region,2017.0,JAPENC,Japanese encephalitis,"per 1,000,000 total population",0.0
WHO_REGIONS,EUR,European Region,2017.0,MEASLES,Measles,"per 1,000,000 total population",26.3
WHO_REGIONS,EUR,European Region,2017.0,MUMPS,Mumps,"per 1,000,000 total population",31.9
WHO_REGIONS,EUR,European Region,2017.0,NTETANUS,Neonatal tetanus,per 1000 live births,0.0
WHO_REGIONS,EUR,European Region,2017.0,PERTUSSIS,Pertussis,"per 1,000,000 total population",68.1
WHO_REGIONS,EUR,European Region,2017.0,POLIO,Poliomyelitis,"per 1,000,000 <15 population",0.0
WHO_REGIONS,EUR,European Region,2017.0,RUBELLA,Rubella,"per 1,000,000 total population",1.0
WHO_REGIONS,EUR,European Region,2017.0,TTETANUS,Total tetanus,"per 1,000,000 total population",0.2
WHO_REGIONS,EUR,European Region,2017.0,TYPHOID,Typhoid,"per 1,000,000 total population",3.0
WHO_REGIONS,EUR,European Region,2017.0,YFEVER,Yellow fever,"per 1,000,000 total population",0.0
WHO_REGIONS,EUR,European Region,2016.0,CRS,Congenital rubella syndrome,"per 10,000 live births",0.0
WHO_REGIONS,EUR,European Region,2016.0,DIPHTHERIA,Diphtheria,"per 1,000,000 total population",0.1
WHO_REGIONS,EUR,European Region,2016.0,JAPENC,Japanese encephalitis,"per 1,000,000 total population",0.0
WHO_REGIONS,EUR,European Region,2016.0,MEASLES,Measles,"per 1,000,000 total population",5.2
WHO_REGIONS,EUR,European Region,2016.0,MUMPS,Mumps,"per 1,000,000 total population",27.4
WHO_REGIONS,EUR,European Region,2016.0,NTETANUS,Neonatal tetanus,per 1000 live births,0.0
WHO_REGIONS,EUR,European Region,2016.0,PERTUSSIS,Pertussis,"per 1,000,000 total population",81.1
WHO_REGIONS,EUR,European Region,2016.0,POLIO,Poliomyelitis,"per 1,000,000 <15 population",0.0
WHO_REGIONS,EUR,European Region,2016.0,RUBELLA,Rubella,"per 1,000,000 total population",1.9
WHO_REGIONS,EUR,European Region,2016.0,TTETANUS,Total tetanus,"per 1,000,000 total population",0.2
WHO_REGIONS,EUR,European Region,2016.0,TYPHOID,Typhoid,"per 1,000,000 total population",3.1
WHO_REGIONS,EUR,European Region,2016.0,YFEVER,Yellow fever,"per 1,000,000 total population",0.0
WHO_REGIONS,EUR,European Region,2015.0,CRS,Congenital rubella syndrome,"per 10,000 live births",0.0
WHO_REGIONS,EUR,European Region,2015.0,DIPHTHERIA,Diphtheria,"per 1,000,000 total population",0.1
WHO_REGIONS,EUR,European Region,2015.0,JAPENC,Japanese encephalitis,"per 1,000,000 total population",0.0
WHO_REGIONS,EUR,European Region,2015.0,MEASLES,Measles,"per 1,000,000 total population",29.6
WHO_REGIONS,EUR,European Region,2015.0,MUMPS,Mumps,"per 1,000,000 total population",14.9
WHO_REGIONS,EUR,European Region,2015.0,NTETANUS,Neonatal tetanus,per 1000 live births,0.0
WHO_REGIONS,EUR,European Region,2015.0,PERTUSSIS,Pertussis,"per 1,000,000 total population",67.1
WHO_REGIONS,EUR,European Region,2015.0,POLIO,Poliomyelitis,"per 1,000,000 <15 population",0.0
WHO_REGIONS,EUR,European Region,2015.0,RUBELLA,Rubella,"per 1,000,000 total population",0.8
WHO_REGIONS,EUR,European Region,2015.0,TTETANUS,Total tetanus,"per 1,000,000 total population",0.2
WHO_REGIONS,EUR,European Region,2015.0,TYPHOID,Typhoid,"per 1,000,000 total population",2.8
WHO_REGIONS,EUR,European Region,2015.0,YFEVER,Yellow fever,"per 1,000,000 total population",0.0
WHO_REGIONS,EUR,European Region,2014.0,CRS,Congenital rubella syndrome,"per 10,000 live births",0.0
WHO_REGIONS,EUR,European Region,2014.0,DIPHTHERIA,Diphtheria,"per 1,000,000 total population",0.1
WHO_REGIONS,EUR,European Region,2014.0,JAPENC,Japanese encephalitis,"per 1,000,000 total population",0.0
WHO_REGIONS,EUR,European Region,2014.0,MEASLES,Measles,"per 1,000,000 total population",19.1
WHO_REGIONS,EUR,European Region,2014.0,MUMPS,Mumps,"per 1,000,000 total population",17.8
WHO_REGIONS,EUR,European Region,2014.0,NTETANUS,Neonatal tetanus,per 1000 live births,0.0
WHO_REGIONS,EUR,European Region,2014.0,PERTUSSIS,Pertussis,"per 1,000,000 total population",76.2
WHO_REGIONS,EUR,European Region,2014.0,POLIO,Poliomyelitis,"per 1,000,000 <15 population",0.3
WHO_REGIONS,EUR,European Region,2014.0,RUBELLA,Rubella,"per 1,000,000 total population",1.0
WHO_REGIONS,EUR,European Region,2014.0,TTETANUS,Total tetanus,"per 1,000,000 total population",0.1
WHO_REGIONS,EUR,European Region,2014.0,TYPHOID,Typhoid,"per 1,000,000 total population",2.8
WHO_REGIONS,EUR,European Region,2014.0,YFEVER,Yellow fever,"per 1,000,000 total population",0.0
WHO_REGIONS,EUR,European Region,2013.0,CRS,Congenital rubella syndrome,"per 10,000 live births",0.1
WHO_REGIONS,EUR,European Region,2013.0,DIPHTHERIA,Diphtheria,"per 1,000,000 total population",0.0
WHO_REGIONS,EUR,European Region,2013.0,JAPENC,Japanese encephalitis,"per 1,000,000 total population",0.0
WHO_REGIONS,EUR,European Region,2013.0,MEASLES,Measles,"per 1,000,000 total population",33.4
WHO_REGIONS,EUR,European Region,2013.0,MUMPS,Mumps,"per 1,000,000 total population",55.6
WHO_REGIONS,EUR,European Region,2013.0,NTETANUS,Neonatal tetanus,per 1000 live births,0.0
WHO_REGIONS,EUR,European Region,2013.0,PERTUSSIS,Pertussis,"per 1,000,000 total population",54.1
WHO_REGIONS,EUR,European Region,2013.0,POLIO,Poliomyelitis,"per 1,000,000 <15 population",0.0
WHO_REGIONS,EUR,European Region,2013.0,RUBELLA,Rubella,"per 1,000,000 total population",62.3
WHO_REGIONS,EUR,European Region,2013.0,TTETANUS,Total tetanus,"per 1,000,000 total population",0.2
WHO_REGIONS,EUR,European Region,2013.0,TYPHOID,Typhoid,"per 1,000,000 total population",1.7
WHO_REGIONS,EUR,European Region,2013.0,YFEVER,Yellow fever,"per 1,000,000 total population",0.0
WHO_REGIONS,EUR,European Region,2012.0,CRS,Congenital rubella syndrome,"per 10,000 live births",0.1
WHO_REGIONS,EUR,European Region,2012.0,DIPHTHERIA,Diphtheria,"per 1,000,000 total population",0.0
WHO_REGIONS,EUR,European Region,2012.0,JAPENC,Japanese encephalitis,"per 1,000,000 total population",0.0
WHO_REGIONS,EUR,European Region,2012.0,MEASLES,Measles,"per 1,000,000 total population",34.0
WHO_REGIONS,EUR,European Region,2012.0,MUMPS,Mumps,"per 1,000,000 total population",53.4
WHO_REGIONS,EUR,European Region,2012.0,NTETANUS,Neonatal tetanus,per 1000 live births,0.0
WHO_REGIONS,EUR,European Region,2012.0,PERTUSSIS,Pertussis,"per 1,000,000 total population",77.2
WHO_REGIONS,EUR,European Region,2012.0,POLIO,Poliomyelitis,"per 1,000,000 <15 population",0.0
WHO_REGIONS,EUR,European Region,2012.0,RUBELLA,Rubella,"per 1,000,000 total population",42.2
WHO_REGIONS,EUR,European Region,2012.0,TTETANUS,Total tetanus,"per 1,000,000 total population",0.3
WHO_REGIONS,EUR,European Region,2012.0,YFEVER,Yellow fever,"per 1,000,000 total population",0.0
WHO_REGIONS,EUR,European Region,2011.0,CRS,Congenital rubella syndrome,"per 10,000 live births",0.0
WHO_REGIONS,EUR,European Region,2011.0,DIPHTHERIA,Diphtheria,"per 1,000,000 total population",0.0
WHO_REGIONS,EUR,European Region,2011.0,JAPENC,Japanese encephalitis,"per 1,000,000 total population",0.0
WHO_REGIONS,EUR,European Region,2011.0,MEASLES,Measles,"per 1,000,000 total population",43.0
WHO_REGIONS,EUR,European Region,2011.0,MUMPS,Mumps,"per 1,000,000 total population",38.7
WHO_REGIONS,EUR,European Region,2011.0,NTETANUS,Neonatal tetanus,per 1000 live births,0.0
WHO_REGIONS,EUR,European Region,2011.0,PERTUSSIS,Pertussis,"per 1,000,000 total population",47.9
WHO_REGIONS,EUR,European Region,2011.0,POLIO,Poliomyelitis,"per 1,000,000 <15 population",0.0
WHO_REGIONS,EUR,European Region,2011.0,RUBELLA,Rubella,"per 1,000,000 total population",13.7
WHO_REGIONS,EUR,European Region,2011.0,TTETANUS,Total tetanus,"per 1,000,000 total population",0.3
WHO_REGIONS,EUR,European Region,2011.0,YFEVER,Yellow fever,"per 1,000,000 total population",0.0
WHO_REGIONS,EUR,European Region,2010.0,CRS,Congenital rubella syndrome,"per 10,000 live births",0.0
WHO_REGIONS,EUR,European Region,2010.0,DIPHTHERIA,Diphtheria,"per 1,000,000 total population",0.0
WHO_REGIONS,EUR,European Region,2010.0,JAPENC,Japanese encephalitis,"per 1,000,000 total population",0.0
WHO_REGIONS,EUR,European Region,2010.0,MEASLES,Measles,"per 1,000,000 total population",34.1
WHO_REGIONS,EUR,European Region,2010.0,MUMPS,Mumps,"per 1,000,000 total population",35.3
WHO_REGIONS,EUR,European Region,2010.0,NTETANUS,Neonatal tetanus,per 1000 live births,0.0
WHO_REGIONS,EUR,European Region,2010.0,PERTUSSIS,Pertussis,"per 1,000,000 total population",37.4
WHO_REGIONS,EUR,European Region,2010.0,POLIO,Poliomyelitis,"per 1,000,000 <15 population",3.1
WHO_REGIONS,EUR,European Region,2010.0,RUBELLA,Rubella,"per 1,000,000 total population",14.2
WHO_REGIONS,EUR,European Region,2010.0,TTETANUS,Total tetanus,"per 1,000,000 total population",0.3
WHO_REGIONS,EUR,European Region,2010.0,YFEVER,Yellow fever,"per 1,000,000 total population",0.0
WHO_REGIONS,EUR,European Region,2009.0,CRS,Congenital rubella syndrome,"per 10,000 live births",0.0
WHO_REGIONS,EUR,European Region,2009.0,DIPHTHERIA,Diphtheria,"per 1,000,000 total population",0.0
WHO_REGIONS,EUR,European Region,2009.0,JAPENC,Japanese encephalitis,"per 1,000,000 total population",0.0
WHO_REGIONS,EUR,European Region,2009.0,MEASLES,Measles,"per 1,000,000 total population",8.9
WHO_REGIONS,EUR,European Region,2009.0,MUMPS,Mumps,"per 1,000,000 total population",59.6
WHO_REGIONS,EUR,European Region,2009.0,NTETANUS,Neonatal tetanus,per 1000 live births,0.0
WHO_REGIONS,EUR,European Region,2009.0,PERTUSSIS,Pertussis,"per 1,000,000 total population",42.2
WHO_REGIONS,EUR,European Region,2009.0,POLIO,Poliomyelitis,"per 1,000,000 <15 population",0.0
WHO_REGIONS,EUR,European Region,2009.0,RUBELLA,Rubella,"per 1,000,000 total population",17.1
WHO_REGIONS,EUR,European Region,2009.0,TTETANUS,Total tetanus,"per 1,000,000 total population",0.2
WHO_REGIONS,EUR,European Region,2009.0,YFEVER,Yellow fever,"per 1,000,000 total population",0.0
WHO_REGIONS,EUR,European Region,2008.0,CRS,Congenital rubella syndrome,"per 10,000 live births",0.0
WHO_REGIONS,EUR,European Region,2008.0,DIPHTHERIA,Diphtheria,"per 1,000,000 total population",0.2
WHO_REGIONS,EUR,European Region,2008.0,JAPENC,Japanese encephalitis,"per 1,000,000 total population",0.0
WHO_REGIONS,EUR,European Region,2008.0,MEASLES,Measles,"per 1,000,000 total population",10.4
WHO_REGIONS,EUR,European Region,2008.0,MUMPS,Mumps,"per 1,000,000 total population",105.2
WHO_REGIONS,EUR,European Region,2008.0,NTETANUS,Neonatal tetanus,per 1000 live births,0.0
WHO_REGIONS,EUR,European Region,2008.0,PERTUSSIS,Pertussis,"per 1,000,000 total population",36.0
WHO_REGIONS,EUR,European Region,2008.0,POLIO,Poliomyelitis,"per 1,000,000 <15 population",0.0
WHO_REGIONS,EUR,European Region,2008.0,RUBELLA,Rubella,"per 1,000,000 total population",34.2
WHO_REGIONS,EUR,European Region,2008.0,TTETANUS,Total tetanus,"per 1,000,000 total population",0.2
WHO_REGIONS,EUR,European Region,2008.0,YFEVER,Yellow fever,"per 1,000,000 total population",0.0
WHO_REGIONS,EUR,European Region,2007.0,CRS,Congenital rubella syndrome,"per 10,000 live births",0.0
WHO_REGIONS,EUR,European Region,2007.0,DIPHTHERIA,Diphtheria,"per 1,000,000 total population",0.3
WHO_REGIONS,EUR,European Region,2007.0,JAPENC,Japanese encephalitis,"per 1,000,000 total population",0.0
WHO_REGIONS,EUR,European Region,2007.0,MEASLES,Measles,"per 1,000,000 total population",7.9
WHO_REGIONS,EUR,European Region,2007.0,MUMPS,Mumps,"per 1,000,000 total population",92.5
WHO_REGIONS,EUR,European Region,2007.0,NTETANUS,Neonatal tetanus,per 1000 live births,0.0
WHO_REGIONS,EUR,European Region,2007.0,PERTUSSIS,Pertussis,"per 1,000,000 total population",39.4
WHO_REGIONS,EUR,European Region,2007.0,POLIO,Poliomyelitis,"per 1,000,000 <15 population",0.0
WHO_REGIONS,EUR,European Region,2007.0,RUBELLA,Rubella,"per 1,000,000 total population",94.2
WHO_REGIONS,EUR,European Region,2007.0,TTETANUS,Total tetanus,"per 1,000,000 total population",0.3
WHO_REGIONS,EUR,European Region,2007.0,YFEVER,Yellow fever,"per 1,000,000 total population",0.0
WHO_REGIONS,EUR,European Region,2006.0,CRS,Congenital rubella syndrome,"per 10,000 live births",0.0
WHO_REGIONS,EUR,European Region,2006.0,DIPHTHERIA,Diphtheria,"per 1,000,000 total population",0.4
WHO_REGIONS,EUR,European Region,2006.0,JAPENC,Japanese encephalitis,"per 1,000,000 total population",0.0
WHO_REGIONS,EUR,European Region,2006.0,MEASLES,Measles,"per 1,000,000 total population",61.6
WHO_REGIONS,EUR,European Region,2006.0,MUMPS,Mumps,"per 1,000,000 total population",118.3
WHO_REGIONS,EUR,European Region,2006.0,NTETANUS,Neonatal tetanus,per 1000 live births,0.0
WHO_REGIONS,EUR,European Region,2006.0,PERTUSSIS,Pertussis,"per 1,000,000 total population",38.5
WHO_REGIONS,EUR,European Region,2006.0,POLIO,Poliomyelitis,"per 1,000,000 <15 population",0.0
WHO_REGIONS,EUR,European Region,2006.0,RUBELLA,Rubella,"per 1,000,000 total population",277.7
WHO_REGIONS,EUR,European Region,2006.0,TTETANUS,Total tetanus,"per 1,000,000 total population",0.3
WHO_REGIONS,EUR,European Region,2006.0,YFEVER,Yellow fever,"per 1,000,000 total population",0.0
WHO_REGIONS,EUR,European Region,2005.0,CRS,Congenital rubella syndrome,"per 10,000 live births",0.0
WHO_REGIONS,EUR,European Region,2005.0,DIPHTHERIA,Diphtheria,"per 1,000,000 total population",0.6
WHO_REGIONS,EUR,European Region,2005.0,MEASLES,Measles,"per 1,000,000 total population",42.7
WHO_REGIONS,EUR,European Region,2005.0,MUMPS,Mumps,"per 1,000,000 total population",342.9
WHO_REGIONS,EUR,European Region,2005.0,NTETANUS,Neonatal tetanus,per 1000 live births,0.0
WHO_REGIONS,EUR,European Region,2005.0,PERTUSSIS,Pertussis,"per 1,000,000 total population",36.2
WHO_REGIONS,EUR,European Region,2005.0,POLIO,Poliomyelitis,"per 1,000,000 <15 population",0.0
WHO_REGIONS,EUR,European Region,2005.0,RUBELLA,Rubella,"per 1,000,000 total population",290.2
WHO_REGIONS,EUR,European Region,2005.0,TTETANUS,Total tetanus,"per 1,000,000 total population",0.3
WHO_REGIONS,EUR,European Region,2005.0,YFEVER,Yellow fever,"per 1,000,000 total population",0.0
WHO_REGIONS,EUR,European Region,2004.0,CRS,Congenital rubella syndrome,"per 10,000 live births",0.0
WHO_REGIONS,EUR,European Region,2004.0,DIPHTHERIA,Diphtheria,"per 1,000,000 total population",0.8
WHO_REGIONS,EUR,European Region,2004.0,MEASLES,Measles,"per 1,000,000 total population",33.6
WHO_REGIONS,EUR,European Region,2004.0,MUMPS,Mumps,"per 1,000,000 total population",384.3
WHO_REGIONS,EUR,European Region,2004.0,NTETANUS,Neonatal tetanus,per 1000 live births,0.0
WHO_REGIONS,EUR,European Region,2004.0,PERTUSSIS,Pertussis,"per 1,000,000 total population",61.6
WHO_REGIONS,EUR,European Region,2004.0,POLIO,Poliomyelitis,"per 1,000,000 <15 population",0.0
WHO_REGIONS,EUR,European Region,2004.0,RUBELLA,Rubella,"per 1,000,000 total population",433.9
WHO_REGIONS,EUR,European Region,2004.0,TTETANUS,Total tetanus,"per 1,000,000 total population",0.4
WHO_REGIONS,EUR,European Region,2004.0,YFEVER,Yellow fever,"per 1,000,000 total population",0.0
WHO_REGIONS,EUR,European Region,2003.0,CRS,Congenital rubella syndrome,"per 10,000 live births",0.0
WHO_REGIONS,EUR,European Region,2003.0,DIPHTHERIA,Diphtheria,"per 1,000,000 total population",1.0
WHO_REGIONS,EUR,European Region,2003.0,MEASLES,Measles,"per 1,000,000 total population",35.1
WHO_REGIONS,EUR,European Region,2003.0,MUMPS,Mumps,"per 1,000,000 total population",338.8
WHO_REGIONS,EUR,European Region,2003.0,NTETANUS,Neonatal tetanus,per 1000 live births,0.0
WHO_REGIONS,EUR,European Region,2003.0,PERTUSSIS,Pertussis,"per 1,000,000 total population",36.5
WHO_REGIONS,EUR,European Region,2003.0,POLIO,Poliomyelitis,"per 1,000,000 <15 population",0.0
WHO_REGIONS,EUR,European Region,2003.0,RUBELLA,Rubella,"per 1,000,000 total population",480.4
WHO_REGIONS,EUR,European Region,2003.0,TTETANUS,Total tetanus,"per 1,000,000 total population",0.5
WHO_REGIONS,EUR,European Region,2003.0,YFEVER,Yellow fever,"per 1,000,000 total population",0.0
WHO_REGIONS,EUR,European Region,2002.0,CRS,Congenital rubella syndrome,"per 10,000 live births",0.0
WHO_REGIONS,EUR,European Region,2002.0,DIPHTHERIA,Diphtheria,"per 1,000,000 total population",1.4
WHO_REGIONS,EUR,European Region,2002.0,MEASLES,Measles,"per 1,000,000 total population",55.3
WHO_REGIONS,EUR,European Region,2002.0,MUMPS,Mumps,"per 1,000,000 total population",272.1
WHO_REGIONS,EUR,European Region,2002.0,NTETANUS,Neonatal tetanus,per 1000 live births,0.0
WHO_REGIONS,EUR,European Region,2002.0,PERTUSSIS,Pertussis,"per 1,000,000 total population",34.8
WHO_REGIONS,EUR,European Region,2002.0,POLIO,Poliomyelitis,"per 1,000,000 <15 population",0.0
WHO_REGIONS,EUR,European Region,2002.0,RUBELLA,Rubella,"per 1,000,000 total population",953.4
WHO_REGIONS,EUR,European Region,2002.0,TTETANUS,Total tetanus,"per 1,000,000 total population",0.5
WHO_REGIONS,EUR,European Region,2002.0,YFEVER,Yellow fever,"per 1,000,000 total population",0.0
WHO_REGIONS,EUR,European Region,2001.0,CRS,Congenital rubella syndrome,"per 10,000 live births",0.0
WHO_REGIONS,EUR,European Region,2001.0,DIPHTHERIA,Diphtheria,"per 1,000,000 total population",2.0
WHO_REGIONS,EUR,European Region,2001.0,MEASLES,Measles,"per 1,000,000 total population",85.7
WHO_REGIONS,EUR,European Region,2001.0,MUMPS,Mumps,"per 1,000,000 total population",305.8
WHO_REGIONS,EUR,European Region,2001.0,NTETANUS,Neonatal tetanus,per 1000 live births,0.0
WHO_REGIONS,EUR,European Region,2001.0,PERTUSSIS,Pertussis,"per 1,000,000 total population",51.9
WHO_REGIONS,EUR,European Region,2001.0,POLIO,Poliomyelitis,"per 1,000,000 <15 population",0.0
WHO_REGIONS,EUR,European Region,2001.0,RUBELLA,Rubella,"per 1,000,000 total population",1532.4
WHO_REGIONS,EUR,European Region,2001.0,TTETANUS,Total tetanus,"per 1,000,000 total population",0.5
WHO_REGIONS,EUR,European Region,2001.0,YFEVER,Yellow fever,"per 1,000,000 total population",0.0
WHO_REGIONS,EUR,European Region,2000.0,CRS,Congenital rubella syndrome,"per 10,000 live births",0.1
WHO_REGIONS,EUR,European Region,2000.0,DIPHTHERIA,Diphtheria,"per 1,000,000 total population",1.9
WHO_REGIONS,EUR,European Region,2000.0,MEASLES,Measles,"per 1,000,000 total population",49.8
WHO_REGIONS,EUR,European Region,2000.0,MUMPS,Mumps,"per 1,000,000 total population",363.3
WHO_REGIONS,EUR,European Region,2000.0,NTETANUS,Neonatal tetanus,per 1000 live births,0.0
WHO_REGIONS,EUR,European Region,2000.0,PERTUSSIS,Pertussis,"per 1,000,000 total population",76.7
WHO_REGIONS,EUR,European Region,2000.0,POLIO,Poliomyelitis,"per 1,000,000 <15 population",0.0
WHO_REGIONS,EUR,European Region,2000.0,RUBELLA,Rubella,"per 1,000,000 total population",991.3
WHO_REGIONS,EUR,European Region,2000.0,TTETANUS,Total tetanus,"per 1,000,000 total population",0.5
WHO_REGIONS,EUR,European Region,2000.0,YFEVER,Yellow fever,"per 1,000,000 total population",0.0
WHO_REGIONS,EUR,European Region,1999.0,CRS,Congenital rubella syndrome,"per 10,000 live births",0.0
WHO_REGIONS,EUR,European Region,1999.0,DIPHTHERIA,Diphtheria,"per 1,000,000 total population",2.3
WHO_REGIONS,EUR,European Region,1999.0,MEASLES,Measles,"per 1,000,000 total population",61.2
WHO_REGIONS,EUR,European Region,1999.0,MUMPS,Mumps,"per 1,000,000 total population",715.1
WHO_REGIONS,EUR,European Region,1999.0,NTETANUS,Neonatal tetanus,per 1000 live births,0.0
WHO_REGIONS,EUR,European Region,1999.0,PERTUSSIS,Pertussis,"per 1,000,000 total population",77.1
WHO_REGIONS,EUR,European Region,1999.0,POLIO,Poliomyelitis,"per 1,000,000 <15 population",
WHO_REGIONS,EUR,European Region,1999.0,RUBELLA,Rubella,"per 1,000,000 total population",1450.5
WHO_REGIONS,EUR,European Region,1999.0,TTETANUS,Total tetanus,"per 1,000,000 total population",0.6
WHO_REGIONS,EUR,European Region,1999.0,YFEVER,Yellow fever,"per 1,000,000 total population",0.0
WHO_REGIONS,EUR,European Region,1998.0,DIPHTHERIA,Diphtheria,"per 1,000,000 total population",3.5
WHO_REGIONS,EUR,European Region,1998.0,MEASLES,Measles,"per 1,000,000 total population",110.4
WHO_REGIONS,EUR,European Region,1998.0,NTETANUS,Neonatal tetanus,per 1000 live births,0.0
WHO_REGIONS,EUR,European Region,1998.0,PERTUSSIS,Pertussis,"per 1,000,000 total population",81.0
WHO_REGIONS,EUR,European Region,1998.0,POLIO,Poliomyelitis,"per 1,000,000 <15 population",
WHO_REGIONS,EUR,European Region,1998.0,TTETANUS,Total tetanus,"per 1,000,000 total population",0.6
WHO_REGIONS,EUR,European Region,1998.0,YFEVER,Yellow fever,"per 1,000,000 total population",0.0
WHO_REGIONS,EUR,European Region,1997.0,DIPHTHERIA,Diphtheria,"per 1,000,000 total population",9.6
WHO_REGIONS,EUR,European Region,1997.0,MEASLES,Measles,"per 1,000,000 total population",275.1
WHO_REGIONS,EUR,European Region,1997.0,NTETANUS,Neonatal tetanus,per 1000 live births,0.0
WHO_REGIONS,EUR,European Region,1997.0,PERTUSSIS,Pertussis,"per 1,000,000 total population",93.3
WHO_REGIONS,EUR,European Region,1997.0,POLIO,Poliomyelitis,"per 1,000,000 <15 population",
WHO_REGIONS,EUR,European Region,1997.0,TTETANUS,Total tetanus,"per 1,000,000 total population",0.6
WHO_REGIONS,EUR,European Region,1997.0,YFEVER,Yellow fever,"per 1,000,000 total population",
WHO_REGIONS,EUR,European Region,1996.0,DIPHTHERIA,Diphtheria,"per 1,000,000 total population",23.6
WHO_REGIONS,EUR,European Region,1996.0,MEASLES,Measles,"per 1,000,000 total population",231.3
WHO_REGIONS,EUR,European Region,1996.0,NTETANUS,Neonatal tetanus,per 1000 live births,0.0
WHO_REGIONS,EUR,European Region,1996.0,PERTUSSIS,Pertussis,"per 1,000,000 total population",70.3
WHO_REGIONS,EUR,European Region,1996.0,POLIO,Poliomyelitis,"per 1,000,000 <15 population",
WHO_REGIONS,EUR,European Region,1996.0,TTETANUS,Total tetanus,"per 1,000,000 total population",0.7
WHO_REGIONS,EUR,European Region,1996.0,YFEVER,Yellow fever,"per 1,000,000 total population",
WHO_REGIONS,EUR,European Region,1995.0,DIPHTHERIA,Diphtheria,"per 1,000,000 total population",58.4
WHO_REGIONS,EUR,European Region,1995.0,MEASLES,Measles,"per 1,000,000 total population",199.1
WHO_REGIONS,EUR,European Region,1995.0,NTETANUS,Neonatal tetanus,per 1000 live births,0.0
WHO_REGIONS,EUR,European Region,1995.0,PERTUSSIS,Pertussis,"per 1,000,000 total population",109.5
WHO_REGIONS,EUR,European Region,1995.0,POLIO,Poliomyelitis,"per 1,000,000 <15 population",
WHO_REGIONS,EUR,European Region,1995.0,TTETANUS,Total tetanus,"per 1,000,000 total population",0.8
WHO_REGIONS,EUR,European Region,1995.0,YFEVER,Yellow fever,"per 1,000,000 total population",
WHO_REGIONS,EUR,European Region,1994.0,DIPHTHERIA,Diphtheria,"per 1,000,000 total population",55.5
WHO_REGIONS,EUR,European Region,1994.0,MEASLES,Measles,"per 1,000,000 total population",247.2
WHO_REGIONS,EUR,European Region,1994.0,NTETANUS,Neonatal tetanus,per 1000 live births,0.0
WHO_REGIONS,EUR,European Region,1994.0,PERTUSSIS,Pertussis,"per 1,000,000 total population",174.0
WHO_REGIONS,EUR,European Region,1994.0,POLIO,Poliomyelitis,"per 1,000,000 <15 population",
WHO_REGIONS,EUR,European Region,1994.0,TTETANUS,Total tetanus,"per 1,000,000 total population",0.9
WHO_REGIONS,EUR,European Region,1994.0,YFEVER,Yellow fever,"per 1,000,000 total population",
WHO_REGIONS,EUR,European Region,1993.0,DIPHTHERIA,Diphtheria,"per 1,000,000 total population",22.8
WHO_REGIONS,EUR,European Region,1993.0,MEASLES,Measles,"per 1,000,000 total population",439.5
WHO_REGIONS,EUR,European Region,1993.0,NTETANUS,Neonatal tetanus,per 1000 live births,0.0
WHO_REGIONS,EUR,European Region,1993.0,PERTUSSIS,Pertussis,"per 1,000,000 total population",125.9
WHO_REGIONS,EUR,European Region,1993.0,POLIO,Poliomyelitis,"per 1,000,000 <15 population",
WHO_REGIONS,EUR,European Region,1993.0,TTETANUS,Total tetanus,"per 1,000,000 total population",0.9
WHO_REGIONS,EUR,European Region,1993.0,YFEVER,Yellow fever,"per 1,000,000 total population",
WHO_REGIONS,EUR,European Region,1992.0,DIPHTHERIA,Diphtheria,"per 1,000,000 total population",6.8
WHO_REGIONS,EUR,European Region,1992.0,MEASLES,Measles,"per 1,000,000 total population",429.9
WHO_REGIONS,EUR,European Region,1992.0,NTETANUS,Neonatal tetanus,per 1000 live births,0.0
WHO_REGIONS,EUR,European Region,1992.0,PERTUSSIS,Pertussis,"per 1,000,000 total population",106.7
WHO_REGIONS,EUR,European Region,1992.0,POLIO,Poliomyelitis,"per 1,000,000 <15 population",
WHO_REGIONS,EUR,European Region,1992.0,TTETANUS,Total tetanus,"per 1,000,000 total population",0.9
WHO_REGIONS,EUR,European Region,1992.0,YFEVER,Yellow fever,"per 1,000,000 total population",
WHO_REGIONS,EUR,European Region,1991.0,DIPHTHERIA,Diphtheria,"per 1,000,000 total population",3.8
WHO_REGIONS,EUR,European Region,1991.0,MEASLES,Measles,"per 1,000,000 total population",396.8
WHO_REGIONS,EUR,European Region,1991.0,NTETANUS,Neonatal tetanus,per 1000 live births,0.0
WHO_REGIONS,EUR,European Region,1991.0,PERTUSSIS,Pertussis,"per 1,000,000 total population",132.7
WHO_REGIONS,EUR,European Region,1991.0,POLIO,Poliomyelitis,"per 1,000,000 <15 population",
WHO_REGIONS,EUR,European Region,1991.0,TTETANUS,Total tetanus,"per 1,000,000 total population",0.9
WHO_REGIONS,EUR,European Region,1991.0,YFEVER,Yellow fever,"per 1,000,000 total population",
WHO_REGIONS,EUR,European Region,1990.0,DIPHTHERIA,Diphtheria,"per 1,000,000 total population",1.8
WHO_REGIONS,EUR,European Region,1990.0,MEASLES,Measles,"per 1,000,000 total population",273.6
WHO_REGIONS,EUR,European Region,1990.0,NTETANUS,Neonatal tetanus,per 1000 live births,0.0
WHO_REGIONS,EUR,European Region,1990.0,PERTUSSIS,Pertussis,"per 1,000,000 total population",140.3
WHO_REGIONS,EUR,European Region,1990.0,POLIO,Poliomyelitis,"per 1,000,000 <15 population",
WHO_REGIONS,EUR,European Region,1990.0,TTETANUS,Total tetanus,"per 1,000,000 total population",1.2
WHO_REGIONS,EUR,European Region,1990.0,YFEVER,Yellow fever,"per 1,000,000 total population",
WHO_REGIONS,EUR,European Region,1989.0,DIPHTHERIA,Diphtheria,"per 1,000,000 total population",0.1
WHO_REGIONS,EUR,European Region,1989.0,MEASLES,Measles,"per 1,000,000 total population",826.9
WHO_REGIONS,EUR,European Region,1989.0,NTETANUS,Neonatal tetanus,per 1000 live births,0.0
WHO_REGIONS,EUR,European Region,1989.0,PERTUSSIS,Pertussis,"per 1,000,000 total population",154.5
WHO_REGIONS,EUR,European Region,1989.0,POLIO,Poliomyelitis,"per 1,000,000 <15 population",
WHO_REGIONS,EUR,European Region,1989.0,TTETANUS,Total tetanus,"per 1,000,000 total population",1.2
WHO_REGIONS,EUR,European Region,1989.0,YFEVER,Yellow fever,"per 1,000,000 total population",
WHO_REGIONS,EUR,European Region,1988.0,DIPHTHERIA,Diphtheria,"per 1,000,000 total population",0.0
WHO_REGIONS,EUR,European Region,1988.0,MEASLES,Measles,"per 1,000,000 total population",629.3
WHO_REGIONS,EUR,European Region,1988.0,NTETANUS,Neonatal tetanus,per 1000 live births,0.0
WHO_REGIONS,EUR,European Region,1988.0,PERTUSSIS,Pertussis,"per 1,000,000 total population",109.9
WHO_REGIONS,EUR,European Region,1988.0,POLIO,Poliomyelitis,"per 1,000,000 <15 population",
WHO_REGIONS,EUR,European Region,1988.0,TTETANUS,Total tetanus,"per 1,000,000 total population",1.3
WHO_REGIONS,EUR,European Region,1988.0,YFEVER,Yellow fever,"per 1,000,000 total population",
WHO_REGIONS,EUR,European Region,1987.0,DIPHTHERIA,Diphtheria,"per 1,000,000 total population",0.1
WHO_REGIONS,EUR,European Region,1987.0,MEASLES,Measles,"per 1,000,000 total population",329.8
WHO_REGIONS,EUR,European Region,1987.0,NTETANUS,Neonatal tetanus,per 1000 live births,0.0
WHO_REGIONS,EUR,European Region,1987.0,PERTUSSIS,Pertussis,"per 1,000,000 total population",224.4
WHO_REGIONS,EUR,European Region,1987.0,POLIO,Poliomyelitis,"per 1,000,000 <15 population",
WHO_REGIONS,EUR,European Region,1987.0,TTETANUS,Total tetanus,"per 1,000,000 total population",1.4
WHO_REGIONS,EUR,European Region,1987.0,YFEVER,Yellow fever,"per 1,000,000 total population",
WHO_REGIONS,EUR,European Region,1986.0,DIPHTHERIA,Diphtheria,"per 1,000,000 total population",0.1
WHO_REGIONS,EUR,European Region,1986.0,MEASLES,Measles,"per 1,000,000 total population",871.0
WHO_REGIONS,EUR,European Region,1986.0,NTETANUS,Neonatal tetanus,per 1000 live births,0.0
WHO_REGIONS,EUR,European Region,1986.0,PERTUSSIS,Pertussis,"per 1,000,000 total population",291.8
WHO_REGIONS,EUR,European Region,1986.0,POLIO,Poliomyelitis,"per 1,000,000 <15 population",
WHO_REGIONS,EUR,European Region,1986.0,TTETANUS,Total tetanus,"per 1,000,000 total population",1.5
WHO_REGIONS,EUR,European Region,1986.0,YFEVER,Yellow fever,"per 1,000,000 total population",
WHO_REGIONS,EUR,European Region,1985.0,DIPHTHERIA,Diphtheria,"per 1,000,000 total population",0.4
WHO_REGIONS,EUR,European Region,1985.0,MEASLES,Measles,"per 1,000,000 total population",773.9
WHO_REGIONS,EUR,European Region,1985.0,NTETANUS,Neonatal tetanus,per 1000 live births,0.0
WHO_REGIONS,EUR,European Region,1985.0,PERTUSSIS,Pertussis,"per 1,000,000 total population",256.2
WHO_REGIONS,EUR,European Region,1985.0,POLIO,Poliomyelitis,"per 1,000,000 <15 population",
WHO_REGIONS,EUR,European Region,1985.0,TTETANUS,Total tetanus,"per 1,000,000 total population",1.7
WHO_REGIONS,EUR,European Region,1985.0,YFEVER,Yellow fever,"per 1,000,000 total population",
WHO_REGIONS,EUR,European Region,1984.0,DIPHTHERIA,Diphtheria,"per 1,000,000 total population",0.4
WHO_REGIONS,EUR,European Region,1984.0,MEASLES,Measles,"per 1,000,000 total population",700.1
WHO_REGIONS,EUR,European Region,1984.0,NTETANUS,Neonatal tetanus,per 1000 live births,0.0
WHO_REGIONS,EUR,European Region,1984.0,PERTUSSIS,Pertussis,"per 1,000,000 total population",170.0
WHO_REGIONS,EUR,European Region,1984.0,POLIO,Poliomyelitis,"per 1,000,000 <15 population",
WHO_REGIONS,EUR,European Region,1984.0,TTETANUS,Total tetanus,"per 1,000,000 total population",1.8
WHO_REGIONS,EUR,European Region,1984.0,YFEVER,Yellow fever,"per 1,000,000 total population",
WHO_REGIONS,EUR,European Region,1983.0,DIPHTHERIA,Diphtheria,"per 1,000,000 total population",0.9
WHO_REGIONS,EUR,European Region,1983.0,MEASLES,Measles,"per 1,000,000 total population",1249.5
WHO_REGIONS,EUR,European Region,1983.0,NTETANUS,Neonatal tetanus,per 1000 live births,0.0
WHO_REGIONS,EUR,European Region,1983.0,PERTUSSIS,Pertussis,"per 1,000,000 total population",249.3
WHO_REGIONS,EUR,European Region,1983.0,POLIO,Poliomyelitis,"per 1,000,000 <15 population",
WHO_REGIONS,EUR,European Region,1983.0,TTETANUS,Total tetanus,"per 1,000,000 total population",2.0
WHO_REGIONS,EUR,European Region,1983.0,YFEVER,Yellow fever,"per 1,000,000 total population",
WHO_REGIONS,EUR,European Region,1982.0,DIPHTHERIA,Diphtheria,"per 1,000,000 total population",0.4
WHO_REGIONS,EUR,European Region,1982.0,MEASLES,Measles,"per 1,000,000 total population",913.2
WHO_REGIONS,EUR,European Region,1982.0,NTETANUS,Neonatal tetanus,per 1000 live births,0.0
WHO_REGIONS,EUR,European Region,1982.0,PERTUSSIS,Pertussis,"per 1,000,000 total population",342.3
WHO_REGIONS,EUR,European Region,1982.0,POLIO,Poliomyelitis,"per 1,000,000 <15 population",
WHO_REGIONS,EUR,European Region,1982.0,TTETANUS,Total tetanus,"per 1,000,000 total population",2.1
WHO_REGIONS,EUR,European Region,1982.0,YFEVER,Yellow fever,"per 1,000,000 total population",
WHO_REGIONS,EUR,European Region,1981.0,DIPHTHERIA,Diphtheria,"per 1,000,000 total population",0.4
WHO_REGIONS,EUR,European Region,1981.0,MEASLES,Measles,"per 1,000,000 total population",979.5
WHO_REGIONS,EUR,European Region,1981.0,NTETANUS,Neonatal tetanus,per 1000 live births,0.0
WHO_REGIONS,EUR,European Region,1981.0,PERTUSSIS,Pertussis,"per 1,000,000 total population",123.9
WHO_REGIONS,EUR,European Region,1981.0,POLIO,Poliomyelitis,"per 1,000,000 <15 population",
WHO_REGIONS,EUR,European Region,1981.0,TTETANUS,Total tetanus,"per 1,000,000 total population",2.0
WHO_REGIONS,EUR,European Region,1981.0,YFEVER,Yellow fever,"per 1,000,000 total population",
WHO_REGIONS,EUR,European Region,1980.0,DIPHTHERIA,Diphtheria,"per 1,000,000 total population",0.5
WHO_REGIONS,EUR,European Region,1980.0,MEASLES,Measles,"per 1,000,000 total population",1053.0
WHO_REGIONS,EUR,European Region,1980.0,NTETANUS,Neonatal tetanus,per 1000 live births,0.0
WHO_REGIONS,EUR,European Region,1980.0,PERTUSSIS,Pertussis,"per 1,000,000 total population",170.0
WHO_REGIONS,EUR,European Region,1980.0,POLIO,Poliomyelitis,"per 1,000,000 <15 population",
WHO_REGIONS,EUR,European Region,1980.0,TTETANUS,Total tetanus,"per 1,000,000 total population",2.8
WHO_REGIONS,EUR,European Region,1980.0,YFEVER,Yellow fever,"per 1,000,000 total population",
GLOBAL,GLOBAL,Global,2023.0,CRS,Congenital rubella syndrome,"per 10,000 live births",0.2
GLOBAL,GLOBAL,Global,2023.0,DIPHTHERIA,Diphtheria,"per 1,000,000 total population",4.5
GLOBAL,GLOBAL,Global,2023.0,INVASIVE_MENING,Invasive meningococcal disease,"per 1,000,000 total population",2.1
GLOBAL,GLOBAL,Global,2023.0,JAPENC,Japanese encephalitis,"per 1,000,000 total population",0.5
GLOBAL,GLOBAL,Global,2023.0,MEASLES,Measles,"per 1,000,000 total population",90.5
GLOBAL,GLOBAL,Global,2023.0,MUMPS,Mumps,"per 1,000,000 total population",107.4
GLOBAL,GLOBAL,Global,2023.0,NTETANUS,Neonatal tetanus,per 1000 live births,0.0
GLOBAL,GLOBAL,Global,2023.0,PERTUSSIS,Pertussis,"per 1,000,000 total population",23.6
GLOBAL,GLOBAL,Global,2023.0,POLIO,Poliomyelitis,"per 1,000,000 <15 population",0.7
GLOBAL,GLOBAL,Global,2023.0,RUBELLA,Rubella,"per 1,000,000 total population",4.9
GLOBAL,GLOBAL,Global,2023.0,TTETANUS,Total tetanus,"per 1,000,000 total population",3.8
GLOBAL,GLOBAL,Global,2023.0,TYPHOID,Typhoid,"per 1,000,000 total population",1045.1
GLOBAL,GLOBAL,Global,2023.0,YFEVER,Yellow fever,"per 1,000,000 total population",0.2
GLOBAL,GLOBAL,Global,2022.0,CRS,Congenital rubella syndrome,"per 10,000 live births",0.2
GLOBAL,GLOBAL,Global,2022.0,DIPHTHERIA,Diphtheria,"per 1,000,000 total population",1.4
GLOBAL,GLOBAL,Global,2022.0,INVASIVE_MENING,Invasive meningococcal disease,"per 1,000,000 total population",3.8
GLOBAL,GLOBAL,Global,2022.0,JAPENC,Japanese encephalitis,"per 1,000,000 total population",0.5
GLOBAL,GLOBAL,Global,2022.0,MEASLES,Measles,"per 1,000,000 total population",28.0
GLOBAL,GLOBAL,Global,2022.0,MUMPS,Mumps,"per 1,000,000 total population",70.0
GLOBAL,GLOBAL,Global,2022.0,NTETANUS,Neonatal tetanus,per 1000 live births,0.0
GLOBAL,GLOBAL,Global,2022.0,PERTUSSIS,Pertussis,"per 1,000,000 total population",9.1
GLOBAL,GLOBAL,Global,2022.0,POLIO,Poliomyelitis,"per 1,000,000 <15 population",1.3
GLOBAL,GLOBAL,Global,2022.0,RUBELLA,Rubella,"per 1,000,000 total population",2.5
GLOBAL,GLOBAL,Global,2022.0,TTETANUS,Total tetanus,"per 1,000,000 total population",0.9
GLOBAL,GLOBAL,Global,2022.0,TYPHOID,Typhoid,"per 1,000,000 total population",540.6
GLOBAL,GLOBAL,Global,2022.0,YFEVER,Yellow fever,"per 1,000,000 total population",0.1
GLOBAL,GLOBAL,Global,2021.0,CRS,Congenital rubella syndrome,"per 10,000 live births",0.1
GLOBAL,GLOBAL,Global,2021.0,DIPHTHERIA,Diphtheria,"per 1,000,000 total population",1.3
GLOBAL,GLOBAL,Global,2021.0,INVASIVE_MENING,Invasive meningococcal disease,"per 1,000,000 total population",6.0
GLOBAL,GLOBAL,Global,2021.0,JAPENC,Japanese encephalitis,"per 1,000,000 total population",0.2
GLOBAL,GLOBAL,Global,2021.0,MEASLES,Measles,"per 1,000,000 total population",16.4
GLOBAL,GLOBAL,Global,2021.0,MUMPS,Mumps,"per 1,000,000 total population",43.4
GLOBAL,GLOBAL,Global,2021.0,NTETANUS,Neonatal tetanus,per 1000 live births,0.0
GLOBAL,GLOBAL,Global,2021.0,PERTUSSIS,Pertussis,"per 1,000,000 total population",4.6
GLOBAL,GLOBAL,Global,2021.0,POLIO,Poliomyelitis,"per 1,000,000 <15 population",0.4
GLOBAL,GLOBAL,Global,2021.0,RUBELLA,Rubella,"per 1,000,000 total population",1.3
GLOBAL,GLOBAL,Global,2021.0,TTETANUS,Total tetanus,"per 1,000,000 total population",1.4
GLOBAL,GLOBAL,Global,2021.0,TYPHOID,Typhoid,"per 1,000,000 total population",765.8
GLOBAL,GLOBAL,Global,2021.0,YFEVER,Yellow fever,"per 1,000,000 total population",0.1
GLOBAL,GLOBAL,Global,2020.0,CRS,Congenital rubella syndrome,"per 10,000 live births",0.2
GLOBAL,GLOBAL,Global,2020.0,DIPHTHERIA,Diphtheria,"per 1,000,000 total population",1.5
GLOBAL,GLOBAL,Global,2020.0,INVASIVE_MENING,Invasive meningococcal disease,"per 1,000,000 total population",4.7
GLOBAL,GLOBAL,Global,2020.0,JAPENC,Japanese encephalitis,"per 1,000,000 total population",0.3
GLOBAL,GLOBAL,Global,2020.0,MEASLES,Measles,"per 1,000,000 total population",21.2
GLOBAL,GLOBAL,Global,2020.0,MUMPS,Mumps,"per 1,000,000 total population",66.4
GLOBAL,GLOBAL,Global,2020.0,NTETANUS,Neonatal tetanus,per 1000 live births,0.0
GLOBAL,GLOBAL,Global,2020.0,PERTUSSIS,Pertussis,"per 1,000,000 total population",9.9
GLOBAL,GLOBAL,Global,2020.0,POLIO,Poliomyelitis,"per 1,000,000 <15 population",0.5
GLOBAL,GLOBAL,Global,2020.0,RUBELLA,Rubella,"per 1,000,000 total population",1.4
GLOBAL,GLOBAL,Global,2020.0,TTETANUS,Total tetanus,"per 1,000,000 total population",1.6
GLOBAL,GLOBAL,Global,2020.0,TYPHOID,Typhoid,"per 1,000,000 total population",426.5
GLOBAL,GLOBAL,Global,2020.0,YFEVER,Yellow fever,"per 1,000,000 total population",0.4
GLOBAL,GLOBAL,Global,2019.0,CRS,Congenital rubella syndrome,"per 10,000 live births",0.1
GLOBAL,GLOBAL,Global,2019.0,DIPHTHERIA,Diphtheria,"per 1,000,000 total population",3.4
GLOBAL,GLOBAL,Global,2019.0,JAPENC,Japanese encephalitis,"per 1,000,000 total population",0.9
GLOBAL,GLOBAL,Global,2019.0,MEASLES,Measles,"per 1,000,000 total population",118.8
GLOBAL,GLOBAL,Global,2019.0,MUMPS,Mumps,"per 1,000,000 total population",81.7
GLOBAL,GLOBAL,Global,2019.0,NTETANUS,Neonatal tetanus,per 1000 live births,0.0
GLOBAL,GLOBAL,Global,2019.0,PERTUSSIS,Pertussis,"per 1,000,000 total population",23.0
GLOBAL,GLOBAL,Global,2019.0,POLIO,Poliomyelitis,"per 1,000,000 <15 population",0.2
GLOBAL,GLOBAL,Global,2019.0,RUBELLA,Rubella,"per 1,000,000 total population",6.7
GLOBAL,GLOBAL,Global,2019.0,TTETANUS,Total tetanus,"per 1,000,000 total population",2.7
GLOBAL,GLOBAL,Global,2019.0,TYPHOID,Typhoid,"per 1,000,000 total population",83.4
GLOBAL,GLOBAL,Global,2019.0,YFEVER,Yellow fever,"per 1,000,000 total population",0.2
GLOBAL,GLOBAL,Global,2018.0,CRS,Congenital rubella syndrome,"per 10,000 live births",0.1
GLOBAL,GLOBAL,Global,2018.0,DIPHTHERIA,Diphtheria,"per 1,000,000 total population",2.4
GLOBAL,GLOBAL,Global,2018.0,JAPENC,Japanese encephalitis,"per 1,000,000 total population",1.0
GLOBAL,GLOBAL,Global,2018.0,MEASLES,Measles,"per 1,000,000 total population",46.9
GLOBAL,GLOBAL,Global,2018.0,MUMPS,Mumps,"per 1,000,000 total population",135.1
GLOBAL,GLOBAL,Global,2018.0,NTETANUS,Neonatal tetanus,per 1000 live births,0.0
GLOBAL,GLOBAL,Global,2018.0,PERTUSSIS,Pertussis,"per 1,000,000 total population",23.2
GLOBAL,GLOBAL,Global,2018.0,POLIO,Poliomyelitis,"per 1,000,000 <15 population",0.1
GLOBAL,GLOBAL,Global,2018.0,RUBELLA,Rubella,"per 1,000,000 total population",3.4
GLOBAL,GLOBAL,Global,2018.0,TTETANUS,Total tetanus,"per 1,000,000 total population",3.0
GLOBAL,GLOBAL,Global,2018.0,TYPHOID,Typhoid,"per 1,000,000 total population",3.7
GLOBAL,GLOBAL,Global,2018.0,YFEVER,Yellow fever,"per 1,000,000 total population",0.8
GLOBAL,GLOBAL,Global,2017.0,CRS,Congenital rubella syndrome,"per 10,000 live births",0.1
GLOBAL,GLOBAL,Global,2017.0,DIPHTHERIA,Diphtheria,"per 1,000,000 total population",1.3
GLOBAL,GLOBAL,Global,2017.0,JAPENC,Japanese encephalitis,"per 1,000,000 total population",1.0
GLOBAL,GLOBAL,Global,2017.0,MEASLES,Measles,"per 1,000,000 total population",23.6
GLOBAL,GLOBAL,Global,2017.0,MUMPS,Mumps,"per 1,000,000 total population",151.1
GLOBAL,GLOBAL,Global,2017.0,NTETANUS,Neonatal tetanus,per 1000 live births,0.0
GLOBAL,GLOBAL,Global,2017.0,PERTUSSIS,Pertussis,"per 1,000,000 total population",23.0
GLOBAL,GLOBAL,Global,2017.0,POLIO,Poliomyelitis,"per 1,000,000 <15 population",0.1
GLOBAL,GLOBAL,Global,2017.0,RUBELLA,Rubella,"per 1,000,000 total population",2.1
GLOBAL,GLOBAL,Global,2017.0,TTETANUS,Total tetanus,"per 1,000,000 total population",2.3
GLOBAL,GLOBAL,Global,2017.0,TYPHOID,Typhoid,"per 1,000,000 total population",3.0
GLOBAL,GLOBAL,Global,2017.0,YFEVER,Yellow fever,"per 1,000,000 total population",0.3
GLOBAL,GLOBAL,Global,2016.0,CRS,Congenital rubella syndrome,"per 10,000 live births",0.0
GLOBAL,GLOBAL,Global,2016.0,DIPHTHERIA,Diphtheria,"per 1,000,000 total population",1.1
GLOBAL,GLOBAL,Global,2016.0,JAPENC,Japanese encephalitis,"per 1,000,000 total population",1.2
GLOBAL,GLOBAL,Global,2016.0,MEASLES,Measles,"per 1,000,000 total population",18.0
GLOBAL,GLOBAL,Global,2016.0,MUMPS,Mumps,"per 1,000,000 total population",157.2
GLOBAL,GLOBAL,Global,2016.0,NTETANUS,Neonatal tetanus,per 1000 live births,0.0
GLOBAL,GLOBAL,Global,2016.0,PERTUSSIS,Pertussis,"per 1,000,000 total population",26.0
GLOBAL,GLOBAL,Global,2016.0,POLIO,Poliomyelitis,"per 1,000,000 <15 population",0.0
GLOBAL,GLOBAL,Global,2016.0,RUBELLA,Rubella,"per 1,000,000 total population",3.2
GLOBAL,GLOBAL,Global,2016.0,TTETANUS,Total tetanus,"per 1,000,000 total population",2.7
GLOBAL,GLOBAL,Global,2016.0,TYPHOID,Typhoid,"per 1,000,000 total population",3.1
GLOBAL,GLOBAL,Global,2016.0,YFEVER,Yellow fever,"per 1,000,000 total population",0.5
GLOBAL,GLOBAL,Global,2015.0,CRS,Congenital rubella syndrome,"per 10,000 live births",0.1
GLOBAL,GLOBAL,Global,2015.0,DIPHTHERIA,Diphtheria,"per 1,000,000 total population",0.7
GLOBAL,GLOBAL,Global,2015.0,JAPENC,Japanese encephalitis,"per 1,000,000 total population",0.9
GLOBAL,GLOBAL,Global,2015.0,MEASLES,Measles,"per 1,000,000 total population",29.2
GLOBAL,GLOBAL,Global,2015.0,MUMPS,Mumps,"per 1,000,000 total population",101.1
GLOBAL,GLOBAL,Global,2015.0,NTETANUS,Neonatal tetanus,per 1000 live births,0.0
GLOBAL,GLOBAL,Global,2015.0,PERTUSSIS,Pertussis,"per 1,000,000 total population",24.0
GLOBAL,GLOBAL,Global,2015.0,POLIO,Poliomyelitis,"per 1,000,000 <15 population",0.1
GLOBAL,GLOBAL,Global,2015.0,RUBELLA,Rubella,"per 1,000,000 total population",3.3
GLOBAL,GLOBAL,Global,2015.0,TTETANUS,Total tetanus,"per 1,000,000 total population",2.1
GLOBAL,GLOBAL,Global,2015.0,TYPHOID,Typhoid,"per 1,000,000 total population",2.8
GLOBAL,GLOBAL,Global,2015.0,YFEVER,Yellow fever,"per 1,000,000 total population",0.0
GLOBAL,GLOBAL,Global,2014.0,CRS,Congenital rubella syndrome,"per 10,000 live births",0.0
GLOBAL,GLOBAL,Global,2014.0,DIPHTHERIA,Diphtheria,"per 1,000,000 total population",1.6
GLOBAL,GLOBAL,Global,2014.0,JAPENC,Japanese encephalitis,"per 1,000,000 total population",1.1
GLOBAL,GLOBAL,Global,2014.0,MEASLES,Measles,"per 1,000,000 total population",39.8
GLOBAL,GLOBAL,Global,2014.0,MUMPS,Mumps,"per 1,000,000 total population",85.6
GLOBAL,GLOBAL,Global,2014.0,NTETANUS,Neonatal tetanus,per 1000 live births,0.0
GLOBAL,GLOBAL,Global,2014.0,PERTUSSIS,Pertussis,"per 1,000,000 total population",28.3
GLOBAL,GLOBAL,Global,2014.0,POLIO,Poliomyelitis,"per 1,000,000 <15 population",0.2
GLOBAL,GLOBAL,Global,2014.0,RUBELLA,Rubella,"per 1,000,000 total population",4.7
GLOBAL,GLOBAL,Global,2014.0,TTETANUS,Total tetanus,"per 1,000,000 total population",2.0
GLOBAL,GLOBAL,Global,2014.0,TYPHOID,Typhoid,"per 1,000,000 total population",2.8
GLOBAL,GLOBAL,Global,2014.0,YFEVER,Yellow fever,"per 1,000,000 total population",0.0
GLOBAL,GLOBAL,Global,2013.0,CRS,Congenital rubella syndrome,"per 10,000 live births",0.0
GLOBAL,GLOBAL,Global,2013.0,DIPHTHERIA,Diphtheria,"per 1,000,000 total population",0.7
GLOBAL,GLOBAL,Global,2013.0,JAPENC,Japanese encephalitis,"per 1,000,000 total population",0.9
GLOBAL,GLOBAL,Global,2013.0,MEASLES,Measles,"per 1,000,000 total population",38.8
GLOBAL,GLOBAL,Global,2013.0,MUMPS,Mumps,"per 1,000,000 total population",137.3
GLOBAL,GLOBAL,Global,2013.0,NTETANUS,Neonatal tetanus,per 1000 live births,0.0
GLOBAL,GLOBAL,Global,2013.0,PERTUSSIS,Pertussis,"per 1,000,000 total population",26.1
GLOBAL,GLOBAL,Global,2013.0,POLIO,Poliomyelitis,"per 1,000,000 <15 population",0.2
GLOBAL,GLOBAL,Global,2013.0,RUBELLA,Rubella,"per 1,000,000 total population",14.7
GLOBAL,GLOBAL,Global,2013.0,TTETANUS,Total tetanus,"per 1,000,000 total population",2.0
GLOBAL,GLOBAL,Global,2013.0,TYPHOID,Typhoid,"per 1,000,000 total population",1.7
GLOBAL,GLOBAL,Global,2013.0,YFEVER,Yellow fever,"per 1,000,000 total population",0.1
GLOBAL,GLOBAL,Global,2012.0,CRS,Congenital rubella syndrome,"per 10,000 live births",0.1
GLOBAL,GLOBAL,Global,2012.0,DIPHTHERIA,Diphtheria,"per 1,000,000 total population",0.7
GLOBAL,GLOBAL,Global,2012.0,JAPENC,Japanese encephalitis,"per 1,000,000 total population",0.9
GLOBAL,GLOBAL,Global,2012.0,MEASLES,Measles,"per 1,000,000 total population",30.3
GLOBAL,GLOBAL,Global,2012.0,MUMPS,Mumps,"per 1,000,000 total population",187.0
GLOBAL,GLOBAL,Global,2012.0,NTETANUS,Neonatal tetanus,per 1000 live births,0.0
GLOBAL,GLOBAL,Global,2012.0,PERTUSSIS,Pertussis,"per 1,000,000 total population",39.6
GLOBAL,GLOBAL,Global,2012.0,POLIO,Poliomyelitis,"per 1,000,000 <15 population",0.2
GLOBAL,GLOBAL,Global,2012.0,RUBELLA,Rubella,"per 1,000,000 total population",13.7
GLOBAL,GLOBAL,Global,2012.0,TTETANUS,Total tetanus,"per 1,000,000 total population",2.0
GLOBAL,GLOBAL,Global,2012.0,YFEVER,Yellow fever,"per 1,000,000 total population",0.1
GLOBAL,GLOBAL,Global,2011.0,CRS,Congenital rubella syndrome,"per 10,000 live births",0.0
GLOBAL,GLOBAL,Global,2011.0,DIPHTHERIA,Diphtheria,"per 1,000,000 total population",0.9
GLOBAL,GLOBAL,Global,2011.0,JAPENC,Japanese encephalitis,"per 1,000,000 total population",0.8
GLOBAL,GLOBAL,Global,2011.0,MEASLES,Measles,"per 1,000,000 total population",51.2
GLOBAL,GLOBAL,Global,2011.0,MUMPS,Mumps,"per 1,000,000 total population",196.0
GLOBAL,GLOBAL,Global,2011.0,NTETANUS,Neonatal tetanus,per 1000 live births,0.0
GLOBAL,GLOBAL,Global,2011.0,PERTUSSIS,Pertussis,"per 1,000,000 total population",27.1
GLOBAL,GLOBAL,Global,2011.0,POLIO,Poliomyelitis,"per 1,000,000 <15 population",0.4
GLOBAL,GLOBAL,Global,2011.0,RUBELLA,Rubella,"per 1,000,000 total population",20.7
GLOBAL,GLOBAL,Global,2011.0,TTETANUS,Total tetanus,"per 1,000,000 total population",2.4
GLOBAL,GLOBAL,Global,2011.0,YFEVER,Yellow fever,"per 1,000,000 total population",0.9
GLOBAL,GLOBAL,Global,2010.0,CRS,Congenital rubella syndrome,"per 10,000 live births",0.0
GLOBAL,GLOBAL,Global,2010.0,DIPHTHERIA,Diphtheria,"per 1,000,000 total population",0.7
GLOBAL,GLOBAL,Global,2010.0,JAPENC,Japanese encephalitis,"per 1,000,000 total population",1.0
GLOBAL,GLOBAL,Global,2010.0,MEASLES,Measles,"per 1,000,000 total population",49.4
GLOBAL,GLOBAL,Global,2010.0,MUMPS,Mumps,"per 1,000,000 total population",163.6
GLOBAL,GLOBAL,Global,2010.0,NTETANUS,Neonatal tetanus,per 1000 live births,0.0
GLOBAL,GLOBAL,Global,2010.0,PERTUSSIS,Pertussis,"per 1,000,000 total population",26.5
GLOBAL,GLOBAL,Global,2010.0,POLIO,Poliomyelitis,"per 1,000,000 <15 population",0.7
GLOBAL,GLOBAL,Global,2010.0,RUBELLA,Rubella,"per 1,000,000 total population",14.9
GLOBAL,GLOBAL,Global,2010.0,TTETANUS,Total tetanus,"per 1,000,000 total population",2.1
GLOBAL,GLOBAL,Global,2010.0,YFEVER,Yellow fever,"per 1,000,000 total population",0.3
GLOBAL,GLOBAL,Global,2009.0,CRS,Congenital rubella syndrome,"per 10,000 live births",0.0
GLOBAL,GLOBAL,Global,2009.0,DIPHTHERIA,Diphtheria,"per 1,000,000 total population",0.7
GLOBAL,GLOBAL,Global,2009.0,JAPENC,Japanese encephalitis,"per 1,000,000 total population",1.3
GLOBAL,GLOBAL,Global,2009.0,MEASLES,Measles,"per 1,000,000 total population",40.9
GLOBAL,GLOBAL,Global,2009.0,MUMPS,Mumps,"per 1,000,000 total population",151.0
GLOBAL,GLOBAL,Global,2009.0,NTETANUS,Neonatal tetanus,per 1000 live births,0.0
GLOBAL,GLOBAL,Global,2009.0,PERTUSSIS,Pertussis,"per 1,000,000 total population",26.2
GLOBAL,GLOBAL,Global,2009.0,POLIO,Poliomyelitis,"per 1,000,000 <15 population",0.9
GLOBAL,GLOBAL,Global,2009.0,RUBELLA,Rubella,"per 1,000,000 total population",24.3
GLOBAL,GLOBAL,Global,2009.0,TTETANUS,Total tetanus,"per 1,000,000 total population",2.3
GLOBAL,GLOBAL,Global,2009.0,YFEVER,Yellow fever,"per 1,000,000 total population",0.0
GLOBAL,GLOBAL,Global,2008.0,CRS,Congenital rubella syndrome,"per 10,000 live births",0.1
GLOBAL,GLOBAL,Global,2008.0,DIPHTHERIA,Diphtheria,"per 1,000,000 total population",0.8
GLOBAL,GLOBAL,Global,2008.0,JAPENC,Japanese encephalitis,"per 1,000,000 total population",1.3
GLOBAL,GLOBAL,Global,2008.0,MEASLES,Measles,"per 1,000,000 total population",41.3
GLOBAL,GLOBAL,Global,2008.0,MUMPS,Mumps,"per 1,000,000 total population",156.6
GLOBAL,GLOBAL,Global,2008.0,NTETANUS,Neonatal tetanus,per 1000 live births,0.0
GLOBAL,GLOBAL,Global,2008.0,PERTUSSIS,Pertussis,"per 1,000,000 total population",24.6
GLOBAL,GLOBAL,Global,2008.0,POLIO,Poliomyelitis,"per 1,000,000 <15 population",0.9
GLOBAL,GLOBAL,Global,2008.0,RUBELLA,Rubella,"per 1,000,000 total population",36.0
GLOBAL,GLOBAL,Global,2008.0,TTETANUS,Total tetanus,"per 1,000,000 total population",2.4
GLOBAL,GLOBAL,Global,2008.0,YFEVER,Yellow fever,"per 1,000,000 total population",0.1
GLOBAL,GLOBAL,Global,2007.0,CRS,Congenital rubella syndrome,"per 10,000 live births",0.1
GLOBAL,GLOBAL,Global,2007.0,DIPHTHERIA,Diphtheria,"per 1,000,000 total population",0.8
GLOBAL,GLOBAL,Global,2007.0,JAPENC,Japanese encephalitis,"per 1,000,000 total population",2.5
GLOBAL,GLOBAL,Global,2007.0,MEASLES,Measles,"per 1,000,000 total population",43.4
GLOBAL,GLOBAL,Global,2007.0,MUMPS,Mumps,"per 1,000,000 total population",119.6
GLOBAL,GLOBAL,Global,2007.0,NTETANUS,Neonatal tetanus,per 1000 live births,0.0
GLOBAL,GLOBAL,Global,2007.0,PERTUSSIS,Pertussis,"per 1,000,000 total population",30.9
GLOBAL,GLOBAL,Global,2007.0,POLIO,Poliomyelitis,"per 1,000,000 <15 population",0.7
GLOBAL,GLOBAL,Global,2007.0,RUBELLA,Rubella,"per 1,000,000 total population",41.9
GLOBAL,GLOBAL,Global,2007.0,TTETANUS,Total tetanus,"per 1,000,000 total population",3.2
GLOBAL,GLOBAL,Global,2007.0,YFEVER,Yellow fever,"per 1,000,000 total population",0.1
GLOBAL,GLOBAL,Global,2006.0,CRS,Congenital rubella syndrome,"per 10,000 live births",0.0
GLOBAL,GLOBAL,Global,2006.0,DIPHTHERIA,Diphtheria,"per 1,000,000 total population",0.7
GLOBAL,GLOBAL,Global,2006.0,JAPENC,Japanese encephalitis,"per 1,000,000 total population",3.4
GLOBAL,GLOBAL,Global,2006.0,MEASLES,Measles,"per 1,000,000 total population",57.5
GLOBAL,GLOBAL,Global,2006.0,MUMPS,Mumps,"per 1,000,000 total population",194.1
GLOBAL,GLOBAL,Global,2006.0,NTETANUS,Neonatal tetanus,per 1000 live births,0.1
GLOBAL,GLOBAL,Global,2006.0,PERTUSSIS,Pertussis,"per 1,000,000 total population",20.7
GLOBAL,GLOBAL,Global,2006.0,POLIO,Poliomyelitis,"per 1,000,000 <15 population",1.1
GLOBAL,GLOBAL,Global,2006.0,RUBELLA,Rubella,"per 1,000,000 total population",55.8
GLOBAL,GLOBAL,Global,2006.0,TTETANUS,Total tetanus,"per 1,000,000 total population",3.2
GLOBAL,GLOBAL,Global,2006.0,YFEVER,Yellow fever,"per 1,000,000 total population",0.2
GLOBAL,GLOBAL,Global,2005.0,CRS,Congenital rubella syndrome,"per 10,000 live births",0.0
GLOBAL,GLOBAL,Global,2005.0,DIPHTHERIA,Diphtheria,"per 1,000,000 total population",1.4
GLOBAL,GLOBAL,Global,2005.0,JAPENC,Japanese encephalitis,"per 1,000,000 total population",1.2
GLOBAL,GLOBAL,Global,2005.0,MEASLES,Measles,"per 1,000,000 total population",92.4
GLOBAL,GLOBAL,Global,2005.0,MUMPS,Mumps,"per 1,000,000 total population",212.4
GLOBAL,GLOBAL,Global,2005.0,NTETANUS,Neonatal tetanus,per 1000 live births,0.1
GLOBAL,GLOBAL,Global,2005.0,PERTUSSIS,Pertussis,"per 1,000,000 total population",25.9
GLOBAL,GLOBAL,Global,2005.0,POLIO,Poliomyelitis,"per 1,000,000 <15 population",1.1
GLOBAL,GLOBAL,Global,2005.0,RUBELLA,Rubella,"per 1,000,000 total population",65.8
GLOBAL,GLOBAL,Global,2005.0,TTETANUS,Total tetanus,"per 1,000,000 total population",2.7
GLOBAL,GLOBAL,Global,2005.0,YFEVER,Yellow fever,"per 1,000,000 total population",0.3
GLOBAL,GLOBAL,Global,2004.0,CRS,Congenital rubella syndrome,"per 10,000 live births",0.0
GLOBAL,GLOBAL,Global,2004.0,DIPHTHERIA,Diphtheria,"per 1,000,000 total population",1.7
GLOBAL,GLOBAL,Global,2004.0,JAPENC,Japanese encephalitis,"per 1,000,000 total population",0.6
GLOBAL,GLOBAL,Global,2004.0,MEASLES,Measles,"per 1,000,000 total population",79.6
GLOBAL,GLOBAL,Global,2004.0,MUMPS,Mumps,"per 1,000,000 total population",213.8
GLOBAL,GLOBAL,Global,2004.0,NTETANUS,Neonatal tetanus,per 1000 live births,0.1
GLOBAL,GLOBAL,Global,2004.0,PERTUSSIS,Pertussis,"per 1,000,000 total population",41.1
GLOBAL,GLOBAL,Global,2004.0,POLIO,Poliomyelitis,"per 1,000,000 <15 population",0.7
GLOBAL,GLOBAL,Global,2004.0,RUBELLA,Rubella,"per 1,000,000 total population",79.8
GLOBAL,GLOBAL,Global,2004.0,TTETANUS,Total tetanus,"per 1,000,000 total population",3.2
GLOBAL,GLOBAL,Global,2004.0,YFEVER,Yellow fever,"per 1,000,000 total population",0.5
GLOBAL,GLOBAL,Global,2003.0,CRS,Congenital rubella syndrome,"per 10,000 live births",0.0
GLOBAL,GLOBAL,Global,2003.0,DIPHTHERIA,Diphtheria,"per 1,000,000 total population",1.2
GLOBAL,GLOBAL,Global,2003.0,JAPENC,Japanese encephalitis,"per 1,000,000 total population",0.6
GLOBAL,GLOBAL,Global,2003.0,MEASLES,Measles,"per 1,000,000 total population",108.6
GLOBAL,GLOBAL,Global,2003.0,MUMPS,Mumps,"per 1,000,000 total population",200.6
GLOBAL,GLOBAL,Global,2003.0,NTETANUS,Neonatal tetanus,per 1000 live births,0.1
GLOBAL,GLOBAL,Global,2003.0,PERTUSSIS,Pertussis,"per 1,000,000 total population",20.1
GLOBAL,GLOBAL,Global,2003.0,POLIO,Poliomyelitis,"per 1,000,000 <15 population",0.4
GLOBAL,GLOBAL,Global,2003.0,RUBELLA,Rubella,"per 1,000,000 total population",141.4
GLOBAL,GLOBAL,Global,2003.0,TTETANUS,Total tetanus,"per 1,000,000 total population",3.2
GLOBAL,GLOBAL,Global,2003.0,YFEVER,Yellow fever,"per 1,000,000 total population",0.3
GLOBAL,GLOBAL,Global,2002.0,CRS,Congenital rubella syndrome,"per 10,000 live births",0.0
GLOBAL,GLOBAL,Global,2002.0,DIPHTHERIA,Diphtheria,"per 1,000,000 total population",1.5
GLOBAL,GLOBAL,Global,2002.0,JAPENC,Japanese encephalitis,"per 1,000,000 total population",0.8
GLOBAL,GLOBAL,Global,2002.0,MEASLES,Measles,"per 1,000,000 total population",94.2
GLOBAL,GLOBAL,Global,2002.0,MUMPS,Mumps,"per 1,000,000 total population",309.9
GLOBAL,GLOBAL,Global,2002.0,NTETANUS,Neonatal tetanus,per 1000 live births,0.1
GLOBAL,GLOBAL,Global,2002.0,PERTUSSIS,Pertussis,"per 1,000,000 total population",23.1
GLOBAL,GLOBAL,Global,2002.0,POLIO,Poliomyelitis,"per 1,000,000 <15 population",1.0
GLOBAL,GLOBAL,Global,2002.0,RUBELLA,Rubella,"per 1,000,000 total population",302.5
GLOBAL,GLOBAL,Global,2002.0,TTETANUS,Total tetanus,"per 1,000,000 total population",6.9
GLOBAL,GLOBAL,Global,2002.0,YFEVER,Yellow fever,"per 1,000,000 total population",0.3
GLOBAL,GLOBAL,Global,2001.0,CRS,Congenital rubella syndrome,"per 10,000 live births",0.0
GLOBAL,GLOBAL,Global,2001.0,DIPHTHERIA,Diphtheria,"per 1,000,000 total population",1.9
GLOBAL,GLOBAL,Global,2001.0,MEASLES,Measles,"per 1,000,000 total population",141.4
GLOBAL,GLOBAL,Global,2001.0,MUMPS,Mumps,"per 1,000,000 total population",229.7
GLOBAL,GLOBAL,Global,2001.0,NTETANUS,Neonatal tetanus,per 1000 live births,0.1
GLOBAL,GLOBAL,Global,2001.0,PERTUSSIS,Pertussis,"per 1,000,000 total population",30.8
GLOBAL,GLOBAL,Global,2001.0,POLIO,Poliomyelitis,"per 1,000,000 <15 population",0.3
GLOBAL,GLOBAL,Global,2001.0,RUBELLA,Rubella,"per 1,000,000 total population",427.1
GLOBAL,GLOBAL,Global,2001.0,TTETANUS,Total tetanus,"per 1,000,000 total population",5.2
GLOBAL,GLOBAL,Global,2001.0,YFEVER,Yellow fever,"per 1,000,000 total population",0.2
GLOBAL,GLOBAL,Global,2000.0,CRS,Congenital rubella syndrome,"per 10,000 live births",0.1
GLOBAL,GLOBAL,Global,2000.0,DIPHTHERIA,Diphtheria,"per 1,000,000 total population",2.0
GLOBAL,GLOBAL,Global,2000.0,MEASLES,Measles,"per 1,000,000 total population",144.6
GLOBAL,GLOBAL,Global,2000.0,MUMPS,Mumps,"per 1,000,000 total population",316.8
GLOBAL,GLOBAL,Global,2000.0,NTETANUS,Neonatal tetanus,per 1000 live births,0.1
GLOBAL,GLOBAL,Global,2000.0,PERTUSSIS,Pertussis,"per 1,000,000 total population",33.5
GLOBAL,GLOBAL,Global,2000.0,POLIO,Poliomyelitis,"per 1,000,000 <15 population",1.6
GLOBAL,GLOBAL,Global,2000.0,RUBELLA,Rubella,"per 1,000,000 total population",349.2
GLOBAL,GLOBAL,Global,2000.0,TTETANUS,Total tetanus,"per 1,000,000 total population",5.4
GLOBAL,GLOBAL,Global,2000.0,YFEVER,Yellow fever,"per 1,000,000 total population",0.4
GLOBAL,GLOBAL,Global,1999.0,CRS,Congenital rubella syndrome,"per 10,000 live births",0.0
GLOBAL,GLOBAL,Global,1999.0,DIPHTHERIA,Diphtheria,"per 1,000,000 total population",0.9
GLOBAL,GLOBAL,Global,1999.0,MEASLES,Measles,"per 1,000,000 total population",134.5
GLOBAL,GLOBAL,Global,1999.0,MUMPS,Mumps,"per 1,000,000 total population",562.7
GLOBAL,GLOBAL,Global,1999.0,NTETANUS,Neonatal tetanus,per 1000 live births,0.1
GLOBAL,GLOBAL,Global,1999.0,PERTUSSIS,Pertussis,"per 1,000,000 total population",21.7
GLOBAL,GLOBAL,Global,1999.0,POLIO,Poliomyelitis,"per 1,000,000 <15 population",
GLOBAL,GLOBAL,Global,1999.0,RUBELLA,Rubella,"per 1,000,000 total population",501.1
GLOBAL,GLOBAL,Global,1999.0,TTETANUS,Total tetanus,"per 1,000,000 total population",4.3
GLOBAL,GLOBAL,Global,1999.0,YFEVER,Yellow fever,"per 1,000,000 total population",0.2
GLOBAL,GLOBAL,Global,1998.0,CRS,Congenital rubella syndrome,"per 10,000 live births",0.0
GLOBAL,GLOBAL,Global,1998.0,DIPHTHERIA,Diphtheria,"per 1,000,000 total population",1.3
GLOBAL,GLOBAL,Global,1998.0,MEASLES,Measles,"per 1,000,000 total population",120.7
GLOBAL,GLOBAL,Global,1998.0,NTETANUS,Neonatal tetanus,per 1000 live births,0.1
GLOBAL,GLOBAL,Global,1998.0,PERTUSSIS,Pertussis,"per 1,000,000 total population",35.0
GLOBAL,GLOBAL,Global,1998.0,POLIO,Poliomyelitis,"per 1,000,000 <15 population",
GLOBAL,GLOBAL,Global,1998.0,RUBELLA,Rubella,"per 1,000,000 total population",170.8
GLOBAL,GLOBAL,Global,1998.0,TTETANUS,Total tetanus,"per 1,000,000 total population",5.4
GLOBAL,GLOBAL,Global,1998.0,YFEVER,Yellow fever,"per 1,000,000 total population",0.2
GLOBAL,GLOBAL,Global,1997.0,CRS,Congenital rubella syndrome,"per 10,000 live births",0.1
GLOBAL,GLOBAL,Global,1997.0,DIPHTHERIA,Diphtheria,"per 1,000,000 total population",2.8
GLOBAL,GLOBAL,Global,1997.0,MEASLES,Measles,"per 1,000,000 total population",146.4
GLOBAL,GLOBAL,Global,1997.0,NTETANUS,Neonatal tetanus,per 1000 live births,0.1
GLOBAL,GLOBAL,Global,1997.0,PERTUSSIS,Pertussis,"per 1,000,000 total population",32.4
GLOBAL,GLOBAL,Global,1997.0,POLIO,Poliomyelitis,"per 1,000,000 <15 population",
GLOBAL,GLOBAL,Global,1997.0,RUBELLA,Rubella,"per 1,000,000 total population",165.9
GLOBAL,GLOBAL,Global,1997.0,TTETANUS,Total tetanus,"per 1,000,000 total population",5.7
GLOBAL,GLOBAL,Global,1997.0,YFEVER,Yellow fever,"per 1,000,000 total population",0.2
GLOBAL,GLOBAL,Global,1996.0,DIPHTHERIA,Diphtheria,"per 1,000,000 total population",6.9
GLOBAL,GLOBAL,Global,1996.0,MEASLES,Measles,"per 1,000,000 total population",156.2
GLOBAL,GLOBAL,Global,1996.0,NTETANUS,Neonatal tetanus,per 1000 live births,0.1
GLOBAL,GLOBAL,Global,1996.0,PERTUSSIS,Pertussis,"per 1,000,000 total population",45.7
GLOBAL,GLOBAL,Global,1996.0,POLIO,Poliomyelitis,"per 1,000,000 <15 population",
GLOBAL,GLOBAL,Global,1996.0,TTETANUS,Total tetanus,"per 1,000,000 total population",5.2
GLOBAL,GLOBAL,Global,1996.0,YFEVER,Yellow fever,"per 1,000,000 total population",0.7
GLOBAL,GLOBAL,Global,1995.0,DIPHTHERIA,Diphtheria,"per 1,000,000 total population",11.1
GLOBAL,GLOBAL,Global,1995.0,MEASLES,Measles,"per 1,000,000 total population",132.3
GLOBAL,GLOBAL,Global,1995.0,NTETANUS,Neonatal tetanus,per 1000 live births,0.1
GLOBAL,GLOBAL,Global,1995.0,PERTUSSIS,Pertussis,"per 1,000,000 total population",32.7
GLOBAL,GLOBAL,Global,1995.0,POLIO,Poliomyelitis,"per 1,000,000 <15 population",
GLOBAL,GLOBAL,Global,1995.0,TTETANUS,Total tetanus,"per 1,000,000 total population",5.0
GLOBAL,GLOBAL,Global,1995.0,YFEVER,Yellow fever,"per 1,000,000 total population",2.9
GLOBAL,GLOBAL,Global,1994.0,DIPHTHERIA,Diphtheria,"per 1,000,000 total population",10.9
GLOBAL,GLOBAL,Global,1994.0,MEASLES,Measles,"per 1,000,000 total population",172.8
GLOBAL,GLOBAL,Global,1994.0,NTETANUS,Neonatal tetanus,per 1000 live births,0.1
GLOBAL,GLOBAL,Global,1994.0,PERTUSSIS,Pertussis,"per 1,000,000 total population",51.0
GLOBAL,GLOBAL,Global,1994.0,POLIO,Poliomyelitis,"per 1,000,000 <15 population",
GLOBAL,GLOBAL,Global,1994.0,TTETANUS,Total tetanus,"per 1,000,000 total population",13.3
GLOBAL,GLOBAL,Global,1994.0,YFEVER,Yellow fever,"per 1,000,000 total population",3.4
GLOBAL,GLOBAL,Global,1993.0,DIPHTHERIA,Diphtheria,"per 1,000,000 total population",6.1
GLOBAL,GLOBAL,Global,1993.0,MEASLES,Measles,"per 1,000,000 total population",213.0
GLOBAL,GLOBAL,Global,1993.0,NTETANUS,Neonatal tetanus,per 1000 live births,0.1
GLOBAL,GLOBAL,Global,1993.0,PERTUSSIS,Pertussis,"per 1,000,000 total population",47.6
GLOBAL,GLOBAL,Global,1993.0,POLIO,Poliomyelitis,"per 1,000,000 <15 population",
GLOBAL,GLOBAL,Global,1993.0,TTETANUS,Total tetanus,"per 1,000,000 total population",10.8
GLOBAL,GLOBAL,Global,1993.0,YFEVER,Yellow fever,"per 1,000,000 total population",0.9
GLOBAL,GLOBAL,Global,1992.0,DIPHTHERIA,Diphtheria,"per 1,000,000 total population",4.2
GLOBAL,GLOBAL,Global,1992.0,MEASLES,Measles,"per 1,000,000 total population",286.4
GLOBAL,GLOBAL,Global,1992.0,NTETANUS,Neonatal tetanus,per 1000 live births,0.1
GLOBAL,GLOBAL,Global,1992.0,PERTUSSIS,Pertussis,"per 1,000,000 total population",52.8
GLOBAL,GLOBAL,Global,1992.0,POLIO,Poliomyelitis,"per 1,000,000 <15 population",
GLOBAL,GLOBAL,Global,1992.0,TTETANUS,Total tetanus,"per 1,000,000 total population",10.5
GLOBAL,GLOBAL,Global,1992.0,YFEVER,Yellow fever,"per 1,000,000 total population",0.7
GLOBAL,GLOBAL,Global,1991.0,DIPHTHERIA,Diphtheria,"per 1,000,000 total population",4.9
GLOBAL,GLOBAL,Global,1991.0,MEASLES,Measles,"per 1,000,000 total population",265.5
GLOBAL,GLOBAL,Global,1991.0,NTETANUS,Neonatal tetanus,per 1000 live births,0.2
GLOBAL,GLOBAL,Global,1991.0,PERTUSSIS,Pertussis,"per 1,000,000 total population",87.1
GLOBAL,GLOBAL,Global,1991.0,POLIO,Poliomyelitis,"per 1,000,000 <15 population",
GLOBAL,GLOBAL,Global,1991.0,TTETANUS,Total tetanus,"per 1,000,000 total population",12.0
GLOBAL,GLOBAL,Global,1991.0,YFEVER,Yellow fever,"per 1,000,000 total population",6.0
GLOBAL,GLOBAL,Global,1990.0,DIPHTHERIA,Diphtheria,"per 1,000,000 total population",4.3
GLOBAL,GLOBAL,Global,1990.0,MEASLES,Measles,"per 1,000,000 total population",261.7
GLOBAL,GLOBAL,Global,1990.0,NTETANUS,Neonatal tetanus,per 1000 live births,0.2
GLOBAL,GLOBAL,Global,1990.0,PERTUSSIS,Pertussis,"per 1,000,000 total population",88.8
GLOBAL,GLOBAL,Global,1990.0,POLIO,Poliomyelitis,"per 1,000,000 <15 population",
GLOBAL,GLOBAL,Global,1990.0,TTETANUS,Total tetanus,"per 1,000,000 total population",17.6
GLOBAL,GLOBAL,Global,1990.0,YFEVER,Yellow fever,"per 1,000,000 total population",10.9
GLOBAL,GLOBAL,Global,1989.0,DIPHTHERIA,Diphtheria,"per 1,000,000 total population",6.2
GLOBAL,GLOBAL,Global,1989.0,MEASLES,Measles,"per 1,000,000 total population",380.4
GLOBAL,GLOBAL,Global,1989.0,NTETANUS,Neonatal tetanus,per 1000 live births,0.3
GLOBAL,GLOBAL,Global,1989.0,PERTUSSIS,Pertussis,"per 1,000,000 total population",125.9
GLOBAL,GLOBAL,Global,1989.0,POLIO,Poliomyelitis,"per 1,000,000 <15 population",
GLOBAL,GLOBAL,Global,1989.0,TTETANUS,Total tetanus,"per 1,000,000 total population",21.5
GLOBAL,GLOBAL,Global,1989.0,YFEVER,Yellow fever,"per 1,000,000 total population",8.8
GLOBAL,GLOBAL,Global,1988.0,DIPHTHERIA,Diphtheria,"per 1,000,000 total population",6.7
GLOBAL,GLOBAL,Global,1988.0,MEASLES,Measles,"per 1,000,000 total population",353.3
GLOBAL,GLOBAL,Global,1988.0,NTETANUS,Neonatal tetanus,per 1000 live births,0.3
GLOBAL,GLOBAL,Global,1988.0,PERTUSSIS,Pertussis,"per 1,000,000 total population",112.4
GLOBAL,GLOBAL,Global,1988.0,POLIO,Poliomyelitis,"per 1,000,000 <15 population",
GLOBAL,GLOBAL,Global,1988.0,TTETANUS,Total tetanus,"per 1,000,000 total population",20.3
GLOBAL,GLOBAL,Global,1988.0,YFEVER,Yellow fever,"per 1,000,000 total population",15.7
GLOBAL,GLOBAL,Global,1987.0,DIPHTHERIA,Diphtheria,"per 1,000,000 total population",6.0
GLOBAL,GLOBAL,Global,1987.0,MEASLES,Measles,"per 1,000,000 total population",368.2
GLOBAL,GLOBAL,Global,1987.0,NTETANUS,Neonatal tetanus,per 1000 live births,0.3
GLOBAL,GLOBAL,Global,1987.0,PERTUSSIS,Pertussis,"per 1,000,000 total population",151.1
GLOBAL,GLOBAL,Global,1987.0,POLIO,Poliomyelitis,"per 1,000,000 <15 population",
GLOBAL,GLOBAL,Global,1987.0,TTETANUS,Total tetanus,"per 1,000,000 total population",21.5
GLOBAL,GLOBAL,Global,1987.0,YFEVER,Yellow fever,"per 1,000,000 total population",10.0
GLOBAL,GLOBAL,Global,1986.0,DIPHTHERIA,Diphtheria,"per 1,000,000 total population",6.4
GLOBAL,GLOBAL,Global,1986.0,MEASLES,Measles,"per 1,000,000 total population",458.8
GLOBAL,GLOBAL,Global,1986.0,NTETANUS,Neonatal tetanus,per 1000 live births,0.4
GLOBAL,GLOBAL,Global,1986.0,PERTUSSIS,Pertussis,"per 1,000,000 total population",186.7
GLOBAL,GLOBAL,Global,1986.0,POLIO,Poliomyelitis,"per 1,000,000 <15 population",
GLOBAL,GLOBAL,Global,1986.0,TTETANUS,Total tetanus,"per 1,000,000 total population",24.7
GLOBAL,GLOBAL,Global,1986.0,YFEVER,Yellow fever,"per 1,000,000 total population",5.1
GLOBAL,GLOBAL,Global,1985.0,DIPHTHERIA,Diphtheria,"per 1,000,000 total population",9.5
GLOBAL,GLOBAL,Global,1985.0,MEASLES,Measles,"per 1,000,000 total population",635.0
GLOBAL,GLOBAL,Global,1985.0,NTETANUS,Neonatal tetanus,per 1000 live births,0.3
GLOBAL,GLOBAL,Global,1985.0,PERTUSSIS,Pertussis,"per 1,000,000 total population",227.1
GLOBAL,GLOBAL,Global,1985.0,POLIO,Poliomyelitis,"per 1,000,000 <15 population",
GLOBAL,GLOBAL,Global,1985.0,TTETANUS,Total tetanus,"per 1,000,000 total population",30.7
GLOBAL,GLOBAL,Global,1985.0,YFEVER,Yellow fever,"per 1,000,000 total population",0.5
GLOBAL,GLOBAL,Global,1984.0,DIPHTHERIA,Diphtheria,"per 1,000,000 total population",10.4
GLOBAL,GLOBAL,Global,1984.0,MEASLES,Measles,"per 1,000,000 total population",692.4
GLOBAL,GLOBAL,Global,1984.0,NTETANUS,Neonatal tetanus,per 1000 live births,0.3
GLOBAL,GLOBAL,Global,1984.0,PERTUSSIS,Pertussis,"per 1,000,000 total population",236.9
GLOBAL,GLOBAL,Global,1984.0,POLIO,Poliomyelitis,"per 1,000,000 <15 population",
GLOBAL,GLOBAL,Global,1984.0,TTETANUS,Total tetanus,"per 1,000,000 total population",27.0
GLOBAL,GLOBAL,Global,1984.0,YFEVER,Yellow fever,"per 1,000,000 total population",3.4
GLOBAL,GLOBAL,Global,1983.0,DIPHTHERIA,Diphtheria,"per 1,000,000 total population",11.5
GLOBAL,GLOBAL,Global,1983.0,MEASLES,Measles,"per 1,000,000 total population",833.9
GLOBAL,GLOBAL,Global,1983.0,NTETANUS,Neonatal tetanus,per 1000 live births,0.3
GLOBAL,GLOBAL,Global,1983.0,PERTUSSIS,Pertussis,"per 1,000,000 total population",318.8
GLOBAL,GLOBAL,Global,1983.0,POLIO,Poliomyelitis,"per 1,000,000 <15 population",
GLOBAL,GLOBAL,Global,1983.0,TTETANUS,Total tetanus,"per 1,000,000 total population",30.1
GLOBAL,GLOBAL,Global,1983.0,YFEVER,Yellow fever,"per 1,000,000 total population",2.7
GLOBAL,GLOBAL,Global,1982.0,DIPHTHERIA,Diphtheria,"per 1,000,000 total population",14.1
GLOBAL,GLOBAL,Global,1982.0,MEASLES,Measles,"per 1,000,000 total population",860.6
GLOBAL,GLOBAL,Global,1982.0,NTETANUS,Neonatal tetanus,per 1000 live births,0.4
GLOBAL,GLOBAL,Global,1982.0,PERTUSSIS,Pertussis,"per 1,000,000 total population",433.6
GLOBAL,GLOBAL,Global,1982.0,POLIO,Poliomyelitis,"per 1,000,000 <15 population",
GLOBAL,GLOBAL,Global,1982.0,TTETANUS,Total tetanus,"per 1,000,000 total population",35.9
GLOBAL,GLOBAL,Global,1982.0,YFEVER,Yellow fever,"per 1,000,000 total population",0.9
GLOBAL,GLOBAL,Global,1981.0,DIPHTHERIA,Diphtheria,"per 1,000,000 total population",17.8
GLOBAL,GLOBAL,Global,1981.0,MEASLES,Measles,"per 1,000,000 total population",988.1
GLOBAL,GLOBAL,Global,1981.0,NTETANUS,Neonatal tetanus,per 1000 live births,0.3
GLOBAL,GLOBAL,Global,1981.0,PERTUSSIS,Pertussis,"per 1,000,000 total population",442.6
GLOBAL,GLOBAL,Global,1981.0,POLIO,Poliomyelitis,"per 1,000,000 <15 population",
GLOBAL,GLOBAL,Global,1981.0,TTETANUS,Total tetanus,"per 1,000,000 total population",34.0
GLOBAL,GLOBAL,Global,1981.0,YFEVER,Yellow fever,"per 1,000,000 total population",1.2
GLOBAL,GLOBAL,Global,1980.0,DIPHTHERIA,Diphtheria,"per 1,000,000 total population",23.8
GLOBAL,GLOBAL,Global,1980.0,MEASLES,Measles,"per 1,000,000 total population",955.0
GLOBAL,GLOBAL,Global,1980.0,NTETANUS,Neonatal tetanus,per 1000 live births,0.3
GLOBAL,GLOBAL,Global,1980.0,PERTUSSIS,Pertussis,"per 1,000,000 total population",493.6
GLOBAL,GLOBAL,Global,1980.0,POLIO,Poliomyelitis,"per 1,000,000 <15 population",
GLOBAL,GLOBAL,Global,1980.0,TTETANUS,Total tetanus,"per 1,000,000 total population",37.1
GLOBAL,GLOBAL,Global,1980.0,YFEVER,Yellow fever,"per 1,000,000 total population",0.5
WHO_REGIONS,SEAR,South-East Asia Region,2023.0,CRS,Congenital rubella syndrome,"per 10,000 live births",0.2
WHO_REGIONS,SEAR,South-East Asia Region,2023.0,DIPHTHERIA,Diphtheria,"per 1,000,000 total population",2.4
WHO_REGIONS,SEAR,South-East Asia Region,2023.0,INVASIVE_MENING,Invasive meningococcal disease,"per 1,000,000 total population",0.1
WHO_REGIONS,SEAR,South-East Asia Region,2023.0,JAPENC,Japanese encephalitis,"per 1,000,000 total population",0.8
WHO_REGIONS,SEAR,South-East Asia Region,2023.0,MEASLES,Measles,"per 1,000,000 total population",40.7
WHO_REGIONS,SEAR,South-East Asia Region,2023.0,MUMPS,Mumps,"per 1,000,000 total population",18.7
WHO_REGIONS,SEAR,South-East Asia Region,2023.0,NTETANUS,Neonatal tetanus,per 1000 live births,0.0
WHO_REGIONS,SEAR,South-East Asia Region,2023.0,PERTUSSIS,Pertussis,"per 1,000,000 total population",5.8
WHO_REGIONS,SEAR,South-East Asia Region,2023.0,POLIO,Poliomyelitis,"per 1,000,000 <15 population",0.1
WHO_REGIONS,SEAR,South-East Asia Region,2023.0,RUBELLA,Rubella,"per 1,000,000 total population",1.8
WHO_REGIONS,SEAR,South-East Asia Region,2023.0,TTETANUS,Total tetanus,"per 1,000,000 total population",1.3
WHO_REGIONS,SEAR,South-East Asia Region,2023.0,TYPHOID,Typhoid,"per 1,000,000 total population",571.2
WHO_REGIONS,SEAR,South-East Asia Region,2023.0,YFEVER,Yellow fever,"per 1,000,000 total population",0.0
WHO_REGIONS,SEAR,South-East Asia Region,2022.0,CRS,Congenital rubella syndrome,"per 10,000 live births",0.2
WHO_REGIONS,SEAR,South-East Asia Region,2022.0,DIPHTHERIA,Diphtheria,"per 1,000,000 total population",1.9
WHO_REGIONS,SEAR,South-East Asia Region,2022.0,INVASIVE_MENING,Invasive meningococcal disease,"per 1,000,000 total population",0.1
WHO_REGIONS,SEAR,South-East Asia Region,2022.0,JAPENC,Japanese encephalitis,"per 1,000,000 total population",0.8
WHO_REGIONS,SEAR,South-East Asia Region,2022.0,MEASLES,Measles,"per 1,000,000 total population",23.6
WHO_REGIONS,SEAR,South-East Asia Region,2022.0,MUMPS,Mumps,"per 1,000,000 total population",5.7
WHO_REGIONS,SEAR,South-East Asia Region,2022.0,NTETANUS,Neonatal tetanus,per 1000 live births,0.0
WHO_REGIONS,SEAR,South-East Asia Region,2022.0,PERTUSSIS,Pertussis,"per 1,000,000 total population",4.7
WHO_REGIONS,SEAR,South-East Asia Region,2022.0,POLIO,Poliomyelitis,"per 1,000,000 <15 population",0.0
WHO_REGIONS,SEAR,South-East Asia Region,2022.0,RUBELLA,Rubella,"per 1,000,000 total population",1.8
WHO_REGIONS,SEAR,South-East Asia Region,2022.0,TTETANUS,Total tetanus,"per 1,000,000 total population",0.4
WHO_REGIONS,SEAR,South-East Asia Region,2022.0,TYPHOID,Typhoid,"per 1,000,000 total population",260.3
WHO_REGIONS,SEAR,South-East Asia Region,2022.0,YFEVER,Yellow fever,"per 1,000,000 total population",0.0
WHO_REGIONS,SEAR,South-East Asia Region,2021.0,CRS,Congenital rubella syndrome,"per 10,000 live births",0.5
WHO_REGIONS,SEAR,South-East Asia Region,2021.0,DIPHTHERIA,Diphtheria,"per 1,000,000 total population",1.0
WHO_REGIONS,SEAR,South-East Asia Region,2021.0,INVASIVE_MENING,Invasive meningococcal disease,"per 1,000,000 total population",0.3
WHO_REGIONS,SEAR,South-East Asia Region,2021.0,JAPENC,Japanese encephalitis,"per 1,000,000 total population",0.3
WHO_REGIONS,SEAR,South-East Asia Region,2021.0,MEASLES,Measles,"per 1,000,000 total population",3.3
WHO_REGIONS,SEAR,South-East Asia Region,2021.0,MUMPS,Mumps,"per 1,000,000 total population",0.6
WHO_REGIONS,SEAR,South-East Asia Region,2021.0,NTETANUS,Neonatal tetanus,per 1000 live births,0.0
WHO_REGIONS,SEAR,South-East Asia Region,2021.0,PERTUSSIS,Pertussis,"per 1,000,000 total population",0.4
WHO_REGIONS,SEAR,South-East Asia Region,2021.0,POLIO,Poliomyelitis,"per 1,000,000 <15 population",0.0
WHO_REGIONS,SEAR,South-East Asia Region,2021.0,RUBELLA,Rubella,"per 1,000,000 total population",1.1
WHO_REGIONS,SEAR,South-East Asia Region,2021.0,TTETANUS,Total tetanus,"per 1,000,000 total population",1.1
WHO_REGIONS,SEAR,South-East Asia Region,2021.0,TYPHOID,Typhoid,"per 1,000,000 total population",2.7
WHO_REGIONS,SEAR,South-East Asia Region,2021.0,YFEVER,Yellow fever,"per 1,000,000 total population",0.0
WHO_REGIONS,SEAR,South-East Asia Region,2020.0,CRS,Congenital rubella syndrome,"per 10,000 live births",0.3
WHO_REGIONS,SEAR,South-East Asia Region,2020.0,DIPHTHERIA,Diphtheria,"per 1,000,000 total population",2.0
WHO_REGIONS,SEAR,South-East Asia Region,2020.0,INVASIVE_MENING,Invasive meningococcal disease,"per 1,000,000 total population",0.0
WHO_REGIONS,SEAR,South-East Asia Region,2020.0,JAPENC,Japanese encephalitis,"per 1,000,000 total population",0.4
WHO_REGIONS,SEAR,South-East Asia Region,2020.0,MEASLES,Measles,"per 1,000,000 total population",4.8
WHO_REGIONS,SEAR,South-East Asia Region,2020.0,MUMPS,Mumps,"per 1,000,000 total population",3.1
WHO_REGIONS,SEAR,South-East Asia Region,2020.0,NTETANUS,Neonatal tetanus,per 1000 live births,0.0
WHO_REGIONS,SEAR,South-East Asia Region,2020.0,PERTUSSIS,Pertussis,"per 1,000,000 total population",6.3
WHO_REGIONS,SEAR,South-East Asia Region,2020.0,POLIO,Poliomyelitis,"per 1,000,000 <15 population",0.0
WHO_REGIONS,SEAR,South-East Asia Region,2020.0,RUBELLA,Rubella,"per 1,000,000 total population",0.8
WHO_REGIONS,SEAR,South-East Asia Region,2020.0,TTETANUS,Total tetanus,"per 1,000,000 total population",0.9
WHO_REGIONS,SEAR,South-East Asia Region,2020.0,TYPHOID,Typhoid,"per 1,000,000 total population",5.0
WHO_REGIONS,SEAR,South-East Asia Region,2020.0,YFEVER,Yellow fever,"per 1,000,000 total population",0.0
WHO_REGIONS,SEAR,South-East Asia Region,2019.0,CRS,Congenital rubella syndrome,"per 10,000 live births",0.4
WHO_REGIONS,SEAR,South-East Asia Region,2019.0,DIPHTHERIA,Diphtheria,"per 1,000,000 total population",5.1
WHO_REGIONS,SEAR,South-East Asia Region,2019.0,JAPENC,Japanese encephalitis,"per 1,000,000 total population",1.7
WHO_REGIONS,SEAR,South-East Asia Region,2019.0,MEASLES,Measles,"per 1,000,000 total population",14.7
WHO_REGIONS,SEAR,South-East Asia Region,2019.0,MUMPS,Mumps,"per 1,000,000 total population",24.7
WHO_REGIONS,SEAR,South-East Asia Region,2019.0,NTETANUS,Neonatal tetanus,per 1000 live births,0.0
WHO_REGIONS,SEAR,South-East Asia Region,2019.0,PERTUSSIS,Pertussis,"per 1,000,000 total population",6.0
WHO_REGIONS,SEAR,South-East Asia Region,2019.0,POLIO,Poliomyelitis,"per 1,000,000 <15 population",0.0
WHO_REGIONS,SEAR,South-East Asia Region,2019.0,RUBELLA,Rubella,"per 1,000,000 total population",2.3
WHO_REGIONS,SEAR,South-East Asia Region,2019.0,TTETANUS,Total tetanus,"per 1,000,000 total population",4.2
WHO_REGIONS,SEAR,South-East Asia Region,2019.0,TYPHOID,Typhoid,"per 1,000,000 total population",7.9
WHO_REGIONS,SEAR,South-East Asia Region,2019.0,YFEVER,Yellow fever,"per 1,000,000 total population",0.0
WHO_REGIONS,SEAR,South-East Asia Region,2018.0,CRS,Congenital rubella syndrome,"per 10,000 live births",0.3
WHO_REGIONS,SEAR,South-East Asia Region,2018.0,DIPHTHERIA,Diphtheria,"per 1,000,000 total population",5.1
WHO_REGIONS,SEAR,South-East Asia Region,2018.0,JAPENC,Japanese encephalitis,"per 1,000,000 total population",1.2
WHO_REGIONS,SEAR,South-East Asia Region,2018.0,MEASLES,Measles,"per 1,000,000 total population",17.3
WHO_REGIONS,SEAR,South-East Asia Region,2018.0,MUMPS,Mumps,"per 1,000,000 total population",213.2
WHO_REGIONS,SEAR,South-East Asia Region,2018.0,NTETANUS,Neonatal tetanus,per 1000 live births,0.0
WHO_REGIONS,SEAR,South-East Asia Region,2018.0,PERTUSSIS,Pertussis,"per 1,000,000 total population",8.7
WHO_REGIONS,SEAR,South-East Asia Region,2018.0,POLIO,Poliomyelitis,"per 1,000,000 <15 population",0.0
WHO_REGIONS,SEAR,South-East Asia Region,2018.0,RUBELLA,Rubella,"per 1,000,000 total population",2.3
WHO_REGIONS,SEAR,South-East Asia Region,2018.0,TTETANUS,Total tetanus,"per 1,000,000 total population",4.8
WHO_REGIONS,SEAR,South-East Asia Region,2018.0,TYPHOID,Typhoid,"per 1,000,000 total population",2.5
WHO_REGIONS,SEAR,South-East Asia Region,2018.0,YFEVER,Yellow fever,"per 1,000,000 total population",0.0
WHO_REGIONS,SEAR,South-East Asia Region,2017.0,CRS,Congenital rubella syndrome,"per 10,000 live births",0.2
WHO_REGIONS,SEAR,South-East Asia Region,2017.0,DIPHTHERIA,Diphtheria,"per 1,000,000 total population",3.5
WHO_REGIONS,SEAR,South-East Asia Region,2017.0,JAPENC,Japanese encephalitis,"per 1,000,000 total population",1.5
WHO_REGIONS,SEAR,South-East Asia Region,2017.0,MEASLES,Measles,"per 1,000,000 total population",14.3
WHO_REGIONS,SEAR,South-East Asia Region,2017.0,MUMPS,Mumps,"per 1,000,000 total population",413.2
WHO_REGIONS,SEAR,South-East Asia Region,2017.0,NTETANUS,Neonatal tetanus,per 1000 live births,0.0
WHO_REGIONS,SEAR,South-East Asia Region,2017.0,PERTUSSIS,Pertussis,"per 1,000,000 total population",17.1
WHO_REGIONS,SEAR,South-East Asia Region,2017.0,POLIO,Poliomyelitis,"per 1,000,000 <15 population",0.0
WHO_REGIONS,SEAR,South-East Asia Region,2017.0,RUBELLA,Rubella,"per 1,000,000 total population",2.2
WHO_REGIONS,SEAR,South-East Asia Region,2017.0,TTETANUS,Total tetanus,"per 1,000,000 total population",3.4
WHO_REGIONS,SEAR,South-East Asia Region,2017.0,YFEVER,Yellow fever,"per 1,000,000 total population",0.0
WHO_REGIONS,SEAR,South-East Asia Region,2016.0,CRS,Congenital rubella syndrome,"per 10,000 live births",0.1
WHO_REGIONS,SEAR,South-East Asia Region,2016.0,DIPHTHERIA,Diphtheria,"per 1,000,000 total population",2.0
WHO_REGIONS,SEAR,South-East Asia Region,2016.0,JAPENC,Japanese encephalitis,"per 1,000,000 total population",1.8
WHO_REGIONS,SEAR,South-East Asia Region,2016.0,MEASLES,Measles,"per 1,000,000 total population",14.0
WHO_REGIONS,SEAR,South-East Asia Region,2016.0,MUMPS,Mumps,"per 1,000,000 total population",213.2
WHO_REGIONS,SEAR,South-East Asia Region,2016.0,NTETANUS,Neonatal tetanus,per 1000 live births,0.0
WHO_REGIONS,SEAR,South-East Asia Region,2016.0,PERTUSSIS,Pertussis,"per 1,000,000 total population",21.9
WHO_REGIONS,SEAR,South-East Asia Region,2016.0,POLIO,Poliomyelitis,"per 1,000,000 <15 population",0.0
WHO_REGIONS,SEAR,South-East Asia Region,2016.0,RUBELLA,Rubella,"per 1,000,000 total population",5.3
WHO_REGIONS,SEAR,South-East Asia Region,2016.0,TTETANUS,Total tetanus,"per 1,000,000 total population",2.9
WHO_REGIONS,SEAR,South-East Asia Region,2016.0,YFEVER,Yellow fever,"per 1,000,000 total population",0.0
WHO_REGIONS,SEAR,South-East Asia Region,2015.0,CRS,Congenital rubella syndrome,"per 10,000 live births",0.2
WHO_REGIONS,SEAR,South-East Asia Region,2015.0,DIPHTHERIA,Diphtheria,"per 1,000,000 total population",1.5
WHO_REGIONS,SEAR,South-East Asia Region,2015.0,JAPENC,Japanese encephalitis,"per 1,000,000 total population",1.5
WHO_REGIONS,SEAR,South-East Asia Region,2015.0,MEASLES,Measles,"per 1,000,000 total population",25.1
WHO_REGIONS,SEAR,South-East Asia Region,2015.0,MUMPS,Mumps,"per 1,000,000 total population",292.4
WHO_REGIONS,SEAR,South-East Asia Region,2015.0,NTETANUS,Neonatal tetanus,per 1000 live births,0.0
WHO_REGIONS,SEAR,South-East Asia Region,2015.0,PERTUSSIS,Pertussis,"per 1,000,000 total population",17.7
WHO_REGIONS,SEAR,South-East Asia Region,2015.0,POLIO,Poliomyelitis,"per 1,000,000 <15 population",0.0
WHO_REGIONS,SEAR,South-East Asia Region,2015.0,RUBELLA,Rubella,"per 1,000,000 total population",3.3
WHO_REGIONS,SEAR,South-East Asia Region,2015.0,TTETANUS,Total tetanus,"per 1,000,000 total population",2.3
WHO_REGIONS,SEAR,South-East Asia Region,2015.0,YFEVER,Yellow fever,"per 1,000,000 total population",0.0
WHO_REGIONS,SEAR,South-East Asia Region,2014.0,CRS,Congenital rubella syndrome,"per 10,000 live births",0.2
WHO_REGIONS,SEAR,South-East Asia Region,2014.0,DIPHTHERIA,Diphtheria,"per 1,000,000 total population",4.0
WHO_REGIONS,SEAR,South-East Asia Region,2014.0,JAPENC,Japanese encephalitis,"per 1,000,000 total population",1.7
WHO_REGIONS,SEAR,South-East Asia Region,2014.0,MEASLES,Measles,"per 1,000,000 total population",23.1
WHO_REGIONS,SEAR,South-East Asia Region,2014.0,MUMPS,Mumps,"per 1,000,000 total population",260.3
WHO_REGIONS,SEAR,South-East Asia Region,2014.0,NTETANUS,Neonatal tetanus,per 1000 live births,0.0
WHO_REGIONS,SEAR,South-East Asia Region,2014.0,PERTUSSIS,Pertussis,"per 1,000,000 total population",28.5
WHO_REGIONS,SEAR,South-East Asia Region,2014.0,POLIO,Poliomyelitis,"per 1,000,000 <15 population",0.0
WHO_REGIONS,SEAR,South-East Asia Region,2014.0,RUBELLA,Rubella,"per 1,000,000 total population",5.0
WHO_REGIONS,SEAR,South-East Asia Region,2014.0,TTETANUS,Total tetanus,"per 1,000,000 total population",4.0
WHO_REGIONS,SEAR,South-East Asia Region,2014.0,YFEVER,Yellow fever,"per 1,000,000 total population",0.0
WHO_REGIONS,SEAR,South-East Asia Region,2013.0,CRS,Congenital rubella syndrome,"per 10,000 live births",0.0
WHO_REGIONS,SEAR,South-East Asia Region,2013.0,DIPHTHERIA,Diphtheria,"per 1,000,000 total population",2.1
WHO_REGIONS,SEAR,South-East Asia Region,2013.0,JAPENC,Japanese encephalitis,"per 1,000,000 total population",0.8
WHO_REGIONS,SEAR,South-East Asia Region,2013.0,MEASLES,Measles,"per 1,000,000 total population",12.9
WHO_REGIONS,SEAR,South-East Asia Region,2013.0,MUMPS,Mumps,"per 1,000,000 total population",250.3
WHO_REGIONS,SEAR,South-East Asia Region,2013.0,NTETANUS,Neonatal tetanus,per 1000 live births,0.0
WHO_REGIONS,SEAR,South-East Asia Region,2013.0,PERTUSSIS,Pertussis,"per 1,000,000 total population",19.7
WHO_REGIONS,SEAR,South-East Asia Region,2013.0,POLIO,Poliomyelitis,"per 1,000,000 <15 population",0.0
WHO_REGIONS,SEAR,South-East Asia Region,2013.0,RUBELLA,Rubella,"per 1,000,000 total population",5.5
WHO_REGIONS,SEAR,South-East Asia Region,2013.0,TTETANUS,Total tetanus,"per 1,000,000 total population",2.2
WHO_REGIONS,SEAR,South-East Asia Region,2013.0,YFEVER,Yellow fever,"per 1,000,000 total population",0.0
WHO_REGIONS,SEAR,South-East Asia Region,2012.0,CRS,Congenital rubella syndrome,"per 10,000 live births",0.1
WHO_REGIONS,SEAR,South-East Asia Region,2012.0,DIPHTHERIA,Diphtheria,"per 1,000,000 total population",2.1
WHO_REGIONS,SEAR,South-East Asia Region,2012.0,JAPENC,Japanese encephalitis,"per 1,000,000 total population",0.8
WHO_REGIONS,SEAR,South-East Asia Region,2012.0,MEASLES,Measles,"per 1,000,000 total population",16.8
WHO_REGIONS,SEAR,South-East Asia Region,2012.0,MUMPS,Mumps,"per 1,000,000 total population",323.4
WHO_REGIONS,SEAR,South-East Asia Region,2012.0,NTETANUS,Neonatal tetanus,per 1000 live births,0.0
WHO_REGIONS,SEAR,South-East Asia Region,2012.0,PERTUSSIS,Pertussis,"per 1,000,000 total population",28.1
WHO_REGIONS,SEAR,South-East Asia Region,2012.0,POLIO,Poliomyelitis,"per 1,000,000 <15 population",0.0
WHO_REGIONS,SEAR,South-East Asia Region,2012.0,RUBELLA,Rubella,"per 1,000,000 total population",3.7
WHO_REGIONS,SEAR,South-East Asia Region,2012.0,TTETANUS,Total tetanus,"per 1,000,000 total population",2.0
WHO_REGIONS,SEAR,South-East Asia Region,2012.0,YFEVER,Yellow fever,"per 1,000,000 total population",0.0
WHO_REGIONS,SEAR,South-East Asia Region,2011.0,CRS,Congenital rubella syndrome,"per 10,000 live births",0.0
WHO_REGIONS,SEAR,South-East Asia Region,2011.0,DIPHTHERIA,Diphtheria,"per 1,000,000 total population",2.8
WHO_REGIONS,SEAR,South-East Asia Region,2011.0,JAPENC,Japanese encephalitis,"per 1,000,000 total population",1.0
WHO_REGIONS,SEAR,South-East Asia Region,2011.0,MEASLES,Measles,"per 1,000,000 total population",37.4
WHO_REGIONS,SEAR,South-East Asia Region,2011.0,MUMPS,Mumps,"per 1,000,000 total population",349.7
WHO_REGIONS,SEAR,South-East Asia Region,2011.0,NTETANUS,Neonatal tetanus,per 1000 live births,0.0
WHO_REGIONS,SEAR,South-East Asia Region,2011.0,PERTUSSIS,Pertussis,"per 1,000,000 total population",23.1
WHO_REGIONS,SEAR,South-East Asia Region,2011.0,POLIO,Poliomyelitis,"per 1,000,000 <15 population",0.0
WHO_REGIONS,SEAR,South-East Asia Region,2011.0,RUBELLA,Rubella,"per 1,000,000 total population",16.4
WHO_REGIONS,SEAR,South-East Asia Region,2011.0,TTETANUS,Total tetanus,"per 1,000,000 total population",2.3
WHO_REGIONS,SEAR,South-East Asia Region,2011.0,YFEVER,Yellow fever,"per 1,000,000 total population",0.0
WHO_REGIONS,SEAR,South-East Asia Region,2010.0,CRS,Congenital rubella syndrome,"per 10,000 live births",0.1
WHO_REGIONS,SEAR,South-East Asia Region,2010.0,DIPHTHERIA,Diphtheria,"per 1,000,000 total population",2.2
WHO_REGIONS,SEAR,South-East Asia Region,2010.0,JAPENC,Japanese encephalitis,"per 1,000,000 total population",0.5
WHO_REGIONS,SEAR,South-East Asia Region,2010.0,MEASLES,Measles,"per 1,000,000 total population",29.6
WHO_REGIONS,SEAR,South-East Asia Region,2010.0,MUMPS,Mumps,"per 1,000,000 total population",320.1
WHO_REGIONS,SEAR,South-East Asia Region,2010.0,NTETANUS,Neonatal tetanus,per 1000 live births,0.0
WHO_REGIONS,SEAR,South-East Asia Region,2010.0,PERTUSSIS,Pertussis,"per 1,000,000 total population",27.0
WHO_REGIONS,SEAR,South-East Asia Region,2010.0,POLIO,Poliomyelitis,"per 1,000,000 <15 population",0.1
WHO_REGIONS,SEAR,South-East Asia Region,2010.0,RUBELLA,Rubella,"per 1,000,000 total population",25.9
WHO_REGIONS,SEAR,South-East Asia Region,2010.0,TTETANUS,Total tetanus,"per 1,000,000 total population",1.9
WHO_REGIONS,SEAR,South-East Asia Region,2010.0,YFEVER,Yellow fever,"per 1,000,000 total population",0.0
WHO_REGIONS,SEAR,South-East Asia Region,2009.0,CRS,Congenital rubella syndrome,"per 10,000 live births",0.1
WHO_REGIONS,SEAR,South-East Asia Region,2009.0,DIPHTHERIA,Diphtheria,"per 1,000,000 total population",2.2
WHO_REGIONS,SEAR,South-East Asia Region,2009.0,JAPENC,Japanese encephalitis,"per 1,000,000 total population",0.6
WHO_REGIONS,SEAR,South-East Asia Region,2009.0,MEASLES,Measles,"per 1,000,000 total population",46.6
WHO_REGIONS,SEAR,South-East Asia Region,2009.0,MUMPS,Mumps,"per 1,000,000 total population",344.3
WHO_REGIONS,SEAR,South-East Asia Region,2009.0,NTETANUS,Neonatal tetanus,per 1000 live births,0.0
WHO_REGIONS,SEAR,South-East Asia Region,2009.0,PERTUSSIS,Pertussis,"per 1,000,000 total population",35.2
WHO_REGIONS,SEAR,South-East Asia Region,2009.0,POLIO,Poliomyelitis,"per 1,000,000 <15 population",1.4
WHO_REGIONS,SEAR,South-East Asia Region,2009.0,RUBELLA,Rubella,"per 1,000,000 total population",29.4
WHO_REGIONS,SEAR,South-East Asia Region,2009.0,TTETANUS,Total tetanus,"per 1,000,000 total population",2.1
WHO_REGIONS,SEAR,South-East Asia Region,2009.0,YFEVER,Yellow fever,"per 1,000,000 total population",0.0
WHO_REGIONS,SEAR,South-East Asia Region,2008.0,CRS,Congenital rubella syndrome,"per 10,000 live births",0.0
WHO_REGIONS,SEAR,South-East Asia Region,2008.0,DIPHTHERIA,Diphtheria,"per 1,000,000 total population",2.5
WHO_REGIONS,SEAR,South-East Asia Region,2008.0,JAPENC,Japanese encephalitis,"per 1,000,000 total population",1.1
WHO_REGIONS,SEAR,South-East Asia Region,2008.0,MEASLES,Measles,"per 1,000,000 total population",40.6
WHO_REGIONS,SEAR,South-East Asia Region,2008.0,MUMPS,Mumps,"per 1,000,000 total population",129.6
WHO_REGIONS,SEAR,South-East Asia Region,2008.0,NTETANUS,Neonatal tetanus,per 1000 live births,0.0
WHO_REGIONS,SEAR,South-East Asia Region,2008.0,PERTUSSIS,Pertussis,"per 1,000,000 total population",30.0
WHO_REGIONS,SEAR,South-East Asia Region,2008.0,POLIO,Poliomyelitis,"per 1,000,000 <15 population",1.0
WHO_REGIONS,SEAR,South-East Asia Region,2008.0,RUBELLA,Rubella,"per 1,000,000 total population",12.8
WHO_REGIONS,SEAR,South-East Asia Region,2008.0,TTETANUS,Total tetanus,"per 1,000,000 total population",2.6
WHO_REGIONS,SEAR,South-East Asia Region,2008.0,YFEVER,Yellow fever,"per 1,000,000 total population",0.0
WHO_REGIONS,SEAR,South-East Asia Region,2007.0,CRS,Congenital rubella syndrome,"per 10,000 live births",0.0
WHO_REGIONS,SEAR,South-East Asia Region,2007.0,DIPHTHERIA,Diphtheria,"per 1,000,000 total population",2.3
WHO_REGIONS,SEAR,South-East Asia Region,2007.0,JAPENC,Japanese encephalitis,"per 1,000,000 total population",3.1
WHO_REGIONS,SEAR,South-East Asia Region,2007.0,MEASLES,Measles,"per 1,000,000 total population",41.7
WHO_REGIONS,SEAR,South-East Asia Region,2007.0,MUMPS,Mumps,"per 1,000,000 total population",96.6
WHO_REGIONS,SEAR,South-East Asia Region,2007.0,NTETANUS,Neonatal tetanus,per 1000 live births,0.0
WHO_REGIONS,SEAR,South-East Asia Region,2007.0,PERTUSSIS,Pertussis,"per 1,000,000 total population",32.0
WHO_REGIONS,SEAR,South-East Asia Region,2007.0,POLIO,Poliomyelitis,"per 1,000,000 <15 population",1.6
WHO_REGIONS,SEAR,South-East Asia Region,2007.0,RUBELLA,Rubella,"per 1,000,000 total population",24.5
WHO_REGIONS,SEAR,South-East Asia Region,2007.0,TTETANUS,Total tetanus,"per 1,000,000 total population",5.3
WHO_REGIONS,SEAR,South-East Asia Region,2007.0,YFEVER,Yellow fever,"per 1,000,000 total population",0.0
WHO_REGIONS,SEAR,South-East Asia Region,2006.0,CRS,Congenital rubella syndrome,"per 10,000 live births",0.0
WHO_REGIONS,SEAR,South-East Asia Region,2006.0,DIPHTHERIA,Diphtheria,"per 1,000,000 total population",1.9
WHO_REGIONS,SEAR,South-East Asia Region,2006.0,JAPENC,Japanese encephalitis,"per 1,000,000 total population",2.0
WHO_REGIONS,SEAR,South-East Asia Region,2006.0,MEASLES,Measles,"per 1,000,000 total population",56.4
WHO_REGIONS,SEAR,South-East Asia Region,2006.0,MUMPS,Mumps,"per 1,000,000 total population",96.0
WHO_REGIONS,SEAR,South-East Asia Region,2006.0,NTETANUS,Neonatal tetanus,per 1000 live births,0.0
WHO_REGIONS,SEAR,South-East Asia Region,2006.0,PERTUSSIS,Pertussis,"per 1,000,000 total population",20.2
WHO_REGIONS,SEAR,South-East Asia Region,2006.0,POLIO,Poliomyelitis,"per 1,000,000 <15 population",1.3
WHO_REGIONS,SEAR,South-East Asia Region,2006.0,RUBELLA,Rubella,"per 1,000,000 total population",7.6
WHO_REGIONS,SEAR,South-East Asia Region,2006.0,TTETANUS,Total tetanus,"per 1,000,000 total population",2.9
WHO_REGIONS,SEAR,South-East Asia Region,2006.0,YFEVER,Yellow fever,"per 1,000,000 total population",0.0
WHO_REGIONS,SEAR,South-East Asia Region,2005.0,CRS,Congenital rubella syndrome,"per 10,000 live births",0.0
WHO_REGIONS,SEAR,South-East Asia Region,2005.0,DIPHTHERIA,Diphtheria,"per 1,000,000 total population",3.8
WHO_REGIONS,SEAR,South-East Asia Region,2005.0,JAPENC,Japanese encephalitis,"per 1,000,000 total population",1.2
WHO_REGIONS,SEAR,South-East Asia Region,2005.0,MEASLES,Measles,"per 1,000,000 total population",51.8
WHO_REGIONS,SEAR,South-East Asia Region,2005.0,MUMPS,Mumps,"per 1,000,000 total population",104.0
WHO_REGIONS,SEAR,South-East Asia Region,2005.0,NTETANUS,Neonatal tetanus,per 1000 live births,0.0
WHO_REGIONS,SEAR,South-East Asia Region,2005.0,PERTUSSIS,Pertussis,"per 1,000,000 total population",25.0
WHO_REGIONS,SEAR,South-East Asia Region,2005.0,POLIO,Poliomyelitis,"per 1,000,000 <15 population",0.8
WHO_REGIONS,SEAR,South-East Asia Region,2005.0,RUBELLA,Rubella,"per 1,000,000 total population",32.3
WHO_REGIONS,SEAR,South-East Asia Region,2005.0,TTETANUS,Total tetanus,"per 1,000,000 total population",3.9
WHO_REGIONS,SEAR,South-East Asia Region,2005.0,YFEVER,Yellow fever,"per 1,000,000 total population",0.0
WHO_REGIONS,SEAR,South-East Asia Region,2004.0,CRS,Congenital rubella syndrome,"per 10,000 live births",0.3
WHO_REGIONS,SEAR,South-East Asia Region,2004.0,DIPHTHERIA,Diphtheria,"per 1,000,000 total population",5.2
WHO_REGIONS,SEAR,South-East Asia Region,2004.0,JAPENC,Japanese encephalitis,"per 1,000,000 total population",0.6
WHO_REGIONS,SEAR,South-East Asia Region,2004.0,MEASLES,Measles,"per 1,000,000 total population",66.2
WHO_REGIONS,SEAR,South-East Asia Region,2004.0,MUMPS,Mumps,"per 1,000,000 total population",141.4
WHO_REGIONS,SEAR,South-East Asia Region,2004.0,NTETANUS,Neonatal tetanus,per 1000 live births,0.1
WHO_REGIONS,SEAR,South-East Asia Region,2004.0,PERTUSSIS,Pertussis,"per 1,000,000 total population",23.8
WHO_REGIONS,SEAR,South-East Asia Region,2004.0,POLIO,Poliomyelitis,"per 1,000,000 <15 population",0.2
WHO_REGIONS,SEAR,South-East Asia Region,2004.0,RUBELLA,Rubella,"per 1,000,000 total population",4.9
WHO_REGIONS,SEAR,South-East Asia Region,2004.0,TTETANUS,Total tetanus,"per 1,000,000 total population",4.1
WHO_REGIONS,SEAR,South-East Asia Region,2004.0,YFEVER,Yellow fever,"per 1,000,000 total population",0.0
WHO_REGIONS,SEAR,South-East Asia Region,2003.0,CRS,Congenital rubella syndrome,"per 10,000 live births",1.6
WHO_REGIONS,SEAR,South-East Asia Region,2003.0,DIPHTHERIA,Diphtheria,"per 1,000,000 total population",3.0
WHO_REGIONS,SEAR,South-East Asia Region,2003.0,JAPENC,Japanese encephalitis,"per 1,000,000 total population",0.6
WHO_REGIONS,SEAR,South-East Asia Region,2003.0,MEASLES,Measles,"per 1,000,000 total population",56.8
WHO_REGIONS,SEAR,South-East Asia Region,2003.0,MUMPS,Mumps,"per 1,000,000 total population",154.9
WHO_REGIONS,SEAR,South-East Asia Region,2003.0,NTETANUS,Neonatal tetanus,per 1000 live births,0.1
WHO_REGIONS,SEAR,South-East Asia Region,2003.0,PERTUSSIS,Pertussis,"per 1,000,000 total population",26.6
WHO_REGIONS,SEAR,South-East Asia Region,2003.0,POLIO,Poliomyelitis,"per 1,000,000 <15 population",0.4
WHO_REGIONS,SEAR,South-East Asia Region,2003.0,RUBELLA,Rubella,"per 1,000,000 total population",13.4
WHO_REGIONS,SEAR,South-East Asia Region,2003.0,TTETANUS,Total tetanus,"per 1,000,000 total population",4.3
WHO_REGIONS,SEAR,South-East Asia Region,2003.0,YFEVER,Yellow fever,"per 1,000,000 total population",0.0
WHO_REGIONS,SEAR,South-East Asia Region,2002.0,CRS,Congenital rubella syndrome,"per 10,000 live births",0.1
WHO_REGIONS,SEAR,South-East Asia Region,2002.0,DIPHTHERIA,Diphtheria,"per 1,000,000 total population",3.4
WHO_REGIONS,SEAR,South-East Asia Region,2002.0,JAPENC,Japanese encephalitis,"per 1,000,000 total population",0.8
WHO_REGIONS,SEAR,South-East Asia Region,2002.0,MEASLES,Measles,"per 1,000,000 total population",46.9
WHO_REGIONS,SEAR,South-East Asia Region,2002.0,MUMPS,Mumps,"per 1,000,000 total population",153.8
WHO_REGIONS,SEAR,South-East Asia Region,2002.0,NTETANUS,Neonatal tetanus,per 1000 live births,0.1
WHO_REGIONS,SEAR,South-East Asia Region,2002.0,PERTUSSIS,Pertussis,"per 1,000,000 total population",25.5
WHO_REGIONS,SEAR,South-East Asia Region,2002.0,POLIO,Poliomyelitis,"per 1,000,000 <15 population",2.9
WHO_REGIONS,SEAR,South-East Asia Region,2002.0,RUBELLA,Rubella,"per 1,000,000 total population",13.5
WHO_REGIONS,SEAR,South-East Asia Region,2002.0,TTETANUS,Total tetanus,"per 1,000,000 total population",8.6
WHO_REGIONS,SEAR,South-East Asia Region,2002.0,YFEVER,Yellow fever,"per 1,000,000 total population",0.0
WHO_REGIONS,SEAR,South-East Asia Region,2001.0,CRS,Congenital rubella syndrome,"per 10,000 live births",0.2
WHO_REGIONS,SEAR,South-East Asia Region,2001.0,DIPHTHERIA,Diphtheria,"per 1,000,000 total population",3.9
WHO_REGIONS,SEAR,South-East Asia Region,2001.0,MEASLES,Measles,"per 1,000,000 total population",50.7
WHO_REGIONS,SEAR,South-East Asia Region,2001.0,MUMPS,Mumps,"per 1,000,000 total population",139.2
WHO_REGIONS,SEAR,South-East Asia Region,2001.0,NTETANUS,Neonatal tetanus,per 1000 live births,0.1
WHO_REGIONS,SEAR,South-East Asia Region,2001.0,PERTUSSIS,Pertussis,"per 1,000,000 total population",26.7
WHO_REGIONS,SEAR,South-East Asia Region,2001.0,POLIO,Poliomyelitis,"per 1,000,000 <15 population",0.5
WHO_REGIONS,SEAR,South-East Asia Region,2001.0,RUBELLA,Rubella,"per 1,000,000 total population",9.1
WHO_REGIONS,SEAR,South-East Asia Region,2001.0,TTETANUS,Total tetanus,"per 1,000,000 total population",5.8
WHO_REGIONS,SEAR,South-East Asia Region,2001.0,YFEVER,Yellow fever,"per 1,000,000 total population",0.0
WHO_REGIONS,SEAR,South-East Asia Region,2000.0,CRS,Congenital rubella syndrome,"per 10,000 live births",0.7
WHO_REGIONS,SEAR,South-East Asia Region,2000.0,DIPHTHERIA,Diphtheria,"per 1,000,000 total population",3.5
WHO_REGIONS,SEAR,South-East Asia Region,2000.0,MEASLES,Measles,"per 1,000,000 total population",50.3
WHO_REGIONS,SEAR,South-East Asia Region,2000.0,MUMPS,Mumps,"per 1,000,000 total population",113.3
WHO_REGIONS,SEAR,South-East Asia Region,2000.0,NTETANUS,Neonatal tetanus,per 1000 live births,0.1
WHO_REGIONS,SEAR,South-East Asia Region,2000.0,PERTUSSIS,Pertussis,"per 1,000,000 total population",24.3
WHO_REGIONS,SEAR,South-East Asia Region,2000.0,POLIO,Poliomyelitis,"per 1,000,000 <15 population",1.1
WHO_REGIONS,SEAR,South-East Asia Region,2000.0,RUBELLA,Rubella,"per 1,000,000 total population",14.1
WHO_REGIONS,SEAR,South-East Asia Region,2000.0,TTETANUS,Total tetanus,"per 1,000,000 total population",7.4
WHO_REGIONS,SEAR,South-East Asia Region,2000.0,YFEVER,Yellow fever,"per 1,000,000 total population",0.0
WHO_REGIONS,SEAR,South-East Asia Region,1999.0,CRS,Congenital rubella syndrome,"per 10,000 live births",0.6
WHO_REGIONS,SEAR,South-East Asia Region,1999.0,DIPHTHERIA,Diphtheria,"per 1,000,000 total population",1.4
WHO_REGIONS,SEAR,South-East Asia Region,1999.0,MEASLES,Measles,"per 1,000,000 total population",31.1
WHO_REGIONS,SEAR,South-East Asia Region,1999.0,MUMPS,Mumps,"per 1,000,000 total population",418.6
WHO_REGIONS,SEAR,South-East Asia Region,1999.0,NTETANUS,Neonatal tetanus,per 1000 live births,0.0
WHO_REGIONS,SEAR,South-East Asia Region,1999.0,PERTUSSIS,Pertussis,"per 1,000,000 total population",8.3
WHO_REGIONS,SEAR,South-East Asia Region,1999.0,POLIO,Poliomyelitis,"per 1,000,000 <15 population",
WHO_REGIONS,SEAR,South-East Asia Region,1999.0,RUBELLA,Rubella,"per 1,000,000 total population",62.2
WHO_REGIONS,SEAR,South-East Asia Region,1999.0,TTETANUS,Total tetanus,"per 1,000,000 total population",4.3
WHO_REGIONS,SEAR,South-East Asia Region,1999.0,YFEVER,Yellow fever,"per 1,000,000 total population",0.0
WHO_REGIONS,SEAR,South-East Asia Region,1998.0,DIPHTHERIA,Diphtheria,"per 1,000,000 total population",1.4
WHO_REGIONS,SEAR,South-East Asia Region,1998.0,MEASLES,Measles,"per 1,000,000 total population",41.0
WHO_REGIONS,SEAR,South-East Asia Region,1998.0,NTETANUS,Neonatal tetanus,per 1000 live births,0.1
WHO_REGIONS,SEAR,South-East Asia Region,1998.0,PERTUSSIS,Pertussis,"per 1,000,000 total population",35.3
WHO_REGIONS,SEAR,South-East Asia Region,1998.0,POLIO,Poliomyelitis,"per 1,000,000 <15 population",
WHO_REGIONS,SEAR,South-East Asia Region,1998.0,TTETANUS,Total tetanus,"per 1,000,000 total population",7.6
WHO_REGIONS,SEAR,South-East Asia Region,1998.0,YFEVER,Yellow fever,"per 1,000,000 total population",0.0
WHO_REGIONS,SEAR,South-East Asia Region,1997.0,DIPHTHERIA,Diphtheria,"per 1,000,000 total population",4.4
WHO_REGIONS,SEAR,South-East Asia Region,1997.0,MEASLES,Measles,"per 1,000,000 total population",77.1
WHO_REGIONS,SEAR,South-East Asia Region,1997.0,NTETANUS,Neonatal tetanus,per 1000 live births,0.1
WHO_REGIONS,SEAR,South-East Asia Region,1997.0,PERTUSSIS,Pertussis,"per 1,000,000 total population",27.9
WHO_REGIONS,SEAR,South-East Asia Region,1997.0,POLIO,Poliomyelitis,"per 1,000,000 <15 population",
WHO_REGIONS,SEAR,South-East Asia Region,1997.0,TTETANUS,Total tetanus,"per 1,000,000 total population",9.1
WHO_REGIONS,SEAR,South-East Asia Region,1997.0,YFEVER,Yellow fever,"per 1,000,000 total population",
WHO_REGIONS,SEAR,South-East Asia Region,1996.0,DIPHTHERIA,Diphtheria,"per 1,000,000 total population",3.2
WHO_REGIONS,SEAR,South-East Asia Region,1996.0,MEASLES,Measles,"per 1,000,000 total population",69.3
WHO_REGIONS,SEAR,South-East Asia Region,1996.0,NTETANUS,Neonatal tetanus,per 1000 live births,0.1
WHO_REGIONS,SEAR,South-East Asia Region,1996.0,PERTUSSIS,Pertussis,"per 1,000,000 total population",51.6
WHO_REGIONS,SEAR,South-East Asia Region,1996.0,POLIO,Poliomyelitis,"per 1,000,000 <15 population",
WHO_REGIONS,SEAR,South-East Asia Region,1996.0,TTETANUS,Total tetanus,"per 1,000,000 total population",27.8
WHO_REGIONS,SEAR,South-East Asia Region,1996.0,YFEVER,Yellow fever,"per 1,000,000 total population",
WHO_REGIONS,SEAR,South-East Asia Region,1995.0,DIPHTHERIA,Diphtheria,"per 1,000,000 total population",3.5
WHO_REGIONS,SEAR,South-East Asia Region,1995.0,MEASLES,Measles,"per 1,000,000 total population",69.7
WHO_REGIONS,SEAR,South-East Asia Region,1995.0,NTETANUS,Neonatal tetanus,per 1000 live births,0.1
WHO_REGIONS,SEAR,South-East Asia Region,1995.0,PERTUSSIS,Pertussis,"per 1,000,000 total population",19.0
WHO_REGIONS,SEAR,South-East Asia Region,1995.0,POLIO,Poliomyelitis,"per 1,000,000 <15 population",
WHO_REGIONS,SEAR,South-East Asia Region,1995.0,TTETANUS,Total tetanus,"per 1,000,000 total population",15.9
WHO_REGIONS,SEAR,South-East Asia Region,1995.0,YFEVER,Yellow fever,"per 1,000,000 total population",
WHO_REGIONS,SEAR,South-East Asia Region,1994.0,DIPHTHERIA,Diphtheria,"per 1,000,000 total population",2.5
WHO_REGIONS,SEAR,South-East Asia Region,1994.0,MEASLES,Measles,"per 1,000,000 total population",107.1
WHO_REGIONS,SEAR,South-East Asia Region,1994.0,NTETANUS,Neonatal tetanus,per 1000 live births,0.1
WHO_REGIONS,SEAR,South-East Asia Region,1994.0,PERTUSSIS,Pertussis,"per 1,000,000 total population",37.8
WHO_REGIONS,SEAR,South-East Asia Region,1994.0,POLIO,Poliomyelitis,"per 1,000,000 <15 population",
WHO_REGIONS,SEAR,South-East Asia Region,1994.0,TTETANUS,Total tetanus,"per 1,000,000 total population",29.9
WHO_REGIONS,SEAR,South-East Asia Region,1994.0,YFEVER,Yellow fever,"per 1,000,000 total population",
WHO_REGIONS,SEAR,South-East Asia Region,1993.0,DIPHTHERIA,Diphtheria,"per 1,000,000 total population",5.7
WHO_REGIONS,SEAR,South-East Asia Region,1993.0,MEASLES,Measles,"per 1,000,000 total population",101.4
WHO_REGIONS,SEAR,South-East Asia Region,1993.0,NTETANUS,Neonatal tetanus,per 1000 live births,0.1
WHO_REGIONS,SEAR,South-East Asia Region,1993.0,PERTUSSIS,Pertussis,"per 1,000,000 total population",48.8
WHO_REGIONS,SEAR,South-East Asia Region,1993.0,POLIO,Poliomyelitis,"per 1,000,000 <15 population",
WHO_REGIONS,SEAR,South-East Asia Region,1993.0,TTETANUS,Total tetanus,"per 1,000,000 total population",18.1
WHO_REGIONS,SEAR,South-East Asia Region,1993.0,YFEVER,Yellow fever,"per 1,000,000 total population",
WHO_REGIONS,SEAR,South-East Asia Region,1992.0,DIPHTHERIA,Diphtheria,"per 1,000,000 total population",6.7
WHO_REGIONS,SEAR,South-East Asia Region,1992.0,MEASLES,Measles,"per 1,000,000 total population",123.5
WHO_REGIONS,SEAR,South-East Asia Region,1992.0,NTETANUS,Neonatal tetanus,per 1000 live births,0.1
WHO_REGIONS,SEAR,South-East Asia Region,1992.0,PERTUSSIS,Pertussis,"per 1,000,000 total population",66.4
WHO_REGIONS,SEAR,South-East Asia Region,1992.0,POLIO,Poliomyelitis,"per 1,000,000 <15 population",
WHO_REGIONS,SEAR,South-East Asia Region,1992.0,TTETANUS,Total tetanus,"per 1,000,000 total population",16.5
WHO_REGIONS,SEAR,South-East Asia Region,1992.0,YFEVER,Yellow fever,"per 1,000,000 total population",
WHO_REGIONS,SEAR,South-East Asia Region,1991.0,DIPHTHERIA,Diphtheria,"per 1,000,000 total population",11.1
WHO_REGIONS,SEAR,South-East Asia Region,1991.0,MEASLES,Measles,"per 1,000,000 total population",157.6
WHO_REGIONS,SEAR,South-East Asia Region,1991.0,NTETANUS,Neonatal tetanus,per 1000 live births,0.3
WHO_REGIONS,SEAR,South-East Asia Region,1991.0,PERTUSSIS,Pertussis,"per 1,000,000 total population",80.0
WHO_REGIONS,SEAR,South-East Asia Region,1991.0,POLIO,Poliomyelitis,"per 1,000,000 <15 population",
WHO_REGIONS,SEAR,South-East Asia Region,1991.0,TTETANUS,Total tetanus,"per 1,000,000 total population",19.0
WHO_REGIONS,SEAR,South-East Asia Region,1991.0,YFEVER,Yellow fever,"per 1,000,000 total population",
WHO_REGIONS,SEAR,South-East Asia Region,1990.0,DIPHTHERIA,Diphtheria,"per 1,000,000 total population",8.8
WHO_REGIONS,SEAR,South-East Asia Region,1990.0,MEASLES,Measles,"per 1,000,000 total population",171.4
WHO_REGIONS,SEAR,South-East Asia Region,1990.0,NTETANUS,Neonatal tetanus,per 1000 live births,0.3
WHO_REGIONS,SEAR,South-East Asia Region,1990.0,PERTUSSIS,Pertussis,"per 1,000,000 total population",118.9
WHO_REGIONS,SEAR,South-East Asia Region,1990.0,POLIO,Poliomyelitis,"per 1,000,000 <15 population",
WHO_REGIONS,SEAR,South-East Asia Region,1990.0,TTETANUS,Total tetanus,"per 1,000,000 total population",27.5
WHO_REGIONS,SEAR,South-East Asia Region,1990.0,YFEVER,Yellow fever,"per 1,000,000 total population",
WHO_REGIONS,SEAR,South-East Asia Region,1989.0,DIPHTHERIA,Diphtheria,"per 1,000,000 total population",11.1
WHO_REGIONS,SEAR,South-East Asia Region,1989.0,MEASLES,Measles,"per 1,000,000 total population",344.6
WHO_REGIONS,SEAR,South-East Asia Region,1989.0,NTETANUS,Neonatal tetanus,per 1000 live births,0.3
WHO_REGIONS,SEAR,South-East Asia Region,1989.0,PERTUSSIS,Pertussis,"per 1,000,000 total population",214.5
WHO_REGIONS,SEAR,South-East Asia Region,1989.0,POLIO,Poliomyelitis,"per 1,000,000 <15 population",
WHO_REGIONS,SEAR,South-East Asia Region,1989.0,TTETANUS,Total tetanus,"per 1,000,000 total population",33.4
WHO_REGIONS,SEAR,South-East Asia Region,1989.0,YFEVER,Yellow fever,"per 1,000,000 total population",
WHO_REGIONS,SEAR,South-East Asia Region,1988.0,DIPHTHERIA,Diphtheria,"per 1,000,000 total population",15.6
WHO_REGIONS,SEAR,South-East Asia Region,1988.0,MEASLES,Measles,"per 1,000,000 total population",232.7
WHO_REGIONS,SEAR,South-East Asia Region,1988.0,NTETANUS,Neonatal tetanus,per 1000 live births,0.4
WHO_REGIONS,SEAR,South-East Asia Region,1988.0,PERTUSSIS,Pertussis,"per 1,000,000 total population",154.8
WHO_REGIONS,SEAR,South-East Asia Region,1988.0,POLIO,Poliomyelitis,"per 1,000,000 <15 population",
WHO_REGIONS,SEAR,South-East Asia Region,1988.0,TTETANUS,Total tetanus,"per 1,000,000 total population",27.4
WHO_REGIONS,SEAR,South-East Asia Region,1988.0,YFEVER,Yellow fever,"per 1,000,000 total population",
WHO_REGIONS,SEAR,South-East Asia Region,1987.0,DIPHTHERIA,Diphtheria,"per 1,000,000 total population",11.4
WHO_REGIONS,SEAR,South-East Asia Region,1987.0,MEASLES,Measles,"per 1,000,000 total population",258.8
WHO_REGIONS,SEAR,South-East Asia Region,1987.0,NTETANUS,Neonatal tetanus,per 1000 live births,0.1
WHO_REGIONS,SEAR,South-East Asia Region,1987.0,PERTUSSIS,Pertussis,"per 1,000,000 total population",167.2
WHO_REGIONS,SEAR,South-East Asia Region,1987.0,POLIO,Poliomyelitis,"per 1,000,000 <15 population",
WHO_REGIONS,SEAR,South-East Asia Region,1987.0,TTETANUS,Total tetanus,"per 1,000,000 total population",28.7
WHO_REGIONS,SEAR,South-East Asia Region,1987.0,YFEVER,Yellow fever,"per 1,000,000 total population",
WHO_REGIONS,SEAR,South-East Asia Region,1986.0,DIPHTHERIA,Diphtheria,"per 1,000,000 total population",10.2
WHO_REGIONS,SEAR,South-East Asia Region,1986.0,MEASLES,Measles,"per 1,000,000 total population",166.8
WHO_REGIONS,SEAR,South-East Asia Region,1986.0,NTETANUS,Neonatal tetanus,per 1000 live births,0.2
WHO_REGIONS,SEAR,South-East Asia Region,1986.0,PERTUSSIS,Pertussis,"per 1,000,000 total population",176.0
WHO_REGIONS,SEAR,South-East Asia Region,1986.0,POLIO,Poliomyelitis,"per 1,000,000 <15 population",
WHO_REGIONS,SEAR,South-East Asia Region,1986.0,TTETANUS,Total tetanus,"per 1,000,000 total population",33.5
WHO_REGIONS,SEAR,South-East Asia Region,1986.0,YFEVER,Yellow fever,"per 1,000,000 total population",
WHO_REGIONS,SEAR,South-East Asia Region,1985.0,DIPHTHERIA,Diphtheria,"per 1,000,000 total population",16.3
WHO_REGIONS,SEAR,South-East Asia Region,1985.0,MEASLES,Measles,"per 1,000,000 total population",206.9
WHO_REGIONS,SEAR,South-East Asia Region,1985.0,NTETANUS,Neonatal tetanus,per 1000 live births,0.2
WHO_REGIONS,SEAR,South-East Asia Region,1985.0,PERTUSSIS,Pertussis,"per 1,000,000 total population",190.3
WHO_REGIONS,SEAR,South-East Asia Region,1985.0,POLIO,Poliomyelitis,"per 1,000,000 <15 population",
WHO_REGIONS,SEAR,South-East Asia Region,1985.0,TTETANUS,Total tetanus,"per 1,000,000 total population",39.9
WHO_REGIONS,SEAR,South-East Asia Region,1985.0,YFEVER,Yellow fever,"per 1,000,000 total population",
WHO_REGIONS,SEAR,South-East Asia Region,1984.0,DIPHTHERIA,Diphtheria,"per 1,000,000 total population",19.7
WHO_REGIONS,SEAR,South-East Asia Region,1984.0,MEASLES,Measles,"per 1,000,000 total population",261.8
WHO_REGIONS,SEAR,South-East Asia Region,1984.0,NTETANUS,Neonatal tetanus,per 1000 live births,0.3
WHO_REGIONS,SEAR,South-East Asia Region,1984.0,PERTUSSIS,Pertussis,"per 1,000,000 total population",189.9
WHO_REGIONS,SEAR,South-East Asia Region,1984.0,POLIO,Poliomyelitis,"per 1,000,000 <15 population",
WHO_REGIONS,SEAR,South-East Asia Region,1984.0,TTETANUS,Total tetanus,"per 1,000,000 total population",37.8
WHO_REGIONS,SEAR,South-East Asia Region,1984.0,YFEVER,Yellow fever,"per 1,000,000 total population",
WHO_REGIONS,SEAR,South-East Asia Region,1983.0,DIPHTHERIA,Diphtheria,"per 1,000,000 total population",18.1
WHO_REGIONS,SEAR,South-East Asia Region,1983.0,MEASLES,Measles,"per 1,000,000 total population",184.6
WHO_REGIONS,SEAR,South-East Asia Region,1983.0,NTETANUS,Neonatal tetanus,per 1000 live births,0.2
WHO_REGIONS,SEAR,South-East Asia Region,1983.0,PERTUSSIS,Pertussis,"per 1,000,000 total population",237.2
WHO_REGIONS,SEAR,South-East Asia Region,1983.0,POLIO,Poliomyelitis,"per 1,000,000 <15 population",
WHO_REGIONS,SEAR,South-East Asia Region,1983.0,TTETANUS,Total tetanus,"per 1,000,000 total population",45.3
WHO_REGIONS,SEAR,South-East Asia Region,1983.0,YFEVER,Yellow fever,"per 1,000,000 total population",
WHO_REGIONS,SEAR,South-East Asia Region,1982.0,DIPHTHERIA,Diphtheria,"per 1,000,000 total population",22.1
WHO_REGIONS,SEAR,South-East Asia Region,1982.0,MEASLES,Measles,"per 1,000,000 total population",234.7
WHO_REGIONS,SEAR,South-East Asia Region,1982.0,NTETANUS,Neonatal tetanus,per 1000 live births,0.3
WHO_REGIONS,SEAR,South-East Asia Region,1982.0,PERTUSSIS,Pertussis,"per 1,000,000 total population",352.3
WHO_REGIONS,SEAR,South-East Asia Region,1982.0,POLIO,Poliomyelitis,"per 1,000,000 <15 population",
WHO_REGIONS,SEAR,South-East Asia Region,1982.0,TTETANUS,Total tetanus,"per 1,000,000 total population",52.8
WHO_REGIONS,SEAR,South-East Asia Region,1982.0,YFEVER,Yellow fever,"per 1,000,000 total population",
WHO_REGIONS,SEAR,South-East Asia Region,1981.0,DIPHTHERIA,Diphtheria,"per 1,000,000 total population",30.6
WHO_REGIONS,SEAR,South-East Asia Region,1981.0,MEASLES,Measles,"per 1,000,000 total population",283.9
WHO_REGIONS,SEAR,South-East Asia Region,1981.0,NTETANUS,Neonatal tetanus,per 1000 live births,0.3
WHO_REGIONS,SEAR,South-East Asia Region,1981.0,PERTUSSIS,Pertussis,"per 1,000,000 total population",405.3
WHO_REGIONS,SEAR,South-East Asia Region,1981.0,POLIO,Poliomyelitis,"per 1,000,000 <15 population",
WHO_REGIONS,SEAR,South-East Asia Region,1981.0,TTETANUS,Total tetanus,"per 1,000,000 total population",51.1
WHO_REGIONS,SEAR,South-East Asia Region,1981.0,YFEVER,Yellow fever,"per 1,000,000 total population",
WHO_REGIONS,SEAR,South-East Asia Region,1980.0,DIPHTHERIA,Diphtheria,"per 1,000,000 total population",45.0
WHO_REGIONS,SEAR,South-East Asia Region,1980.0,MEASLES,Measles,"per 1,000,000 total population",189.6
WHO_REGIONS,SEAR,South-East Asia Region,1980.0,NTETANUS,Neonatal tetanus,per 1000 live births,0.3
WHO_REGIONS,SEAR,South-East Asia Region,1980.0,PERTUSSIS,Pertussis,"per 1,000,000 total population",379.4
WHO_REGIONS,SEAR,South-East Asia Region,1980.0,POLIO,Poliomyelitis,"per 1,000,000 <15 population",
WHO_REGIONS,SEAR,South-East Asia Region,1980.0,TTETANUS,Total tetanus,"per 1,000,000 total population",59.1
WHO_REGIONS,SEAR,South-East Asia Region,1980.0,YFEVER,Yellow fever,"per 1,000,000 total population",
WHO_REGIONS,WPR,Western Pacific Region,2023.0,CRS,Congenital rubella syndrome,"per 10,000 live births",0.1
WHO_REGIONS,WPR,Western Pacific Region,2023.0,DIPHTHERIA,Diphtheria,"per 1,000,000 total population",1.0
WHO_REGIONS,WPR,Western Pacific Region,2023.0,INVASIVE_MENING,Invasive meningococcal disease,"per 1,000,000 total population",0.8
WHO_REGIONS,WPR,Western Pacific Region,2023.0,JAPENC,Japanese encephalitis,"per 1,000,000 total population",0.3
WHO_REGIONS,WPR,Western Pacific Region,2023.0,MEASLES,Measles,"per 1,000,000 total population",3.1
WHO_REGIONS,WPR,Western Pacific Region,2023.0,MUMPS,Mumps,"per 1,000,000 total population",64.1
WHO_REGIONS,WPR,Western Pacific Region,2023.0,NTETANUS,Neonatal tetanus,per 1000 live births,0.0
WHO_REGIONS,WPR,Western Pacific Region,2023.0,PERTUSSIS,Pertussis,"per 1,000,000 total population",26.4
WHO_REGIONS,WPR,Western Pacific Region,2023.0,POLIO,Poliomyelitis,"per 1,000,000 <15 population",
WHO_REGIONS,WPR,Western Pacific Region,2023.0,RUBELLA,Rubella,"per 1,000,000 total population",0.5
WHO_REGIONS,WPR,Western Pacific Region,2023.0,TTETANUS,Total tetanus,"per 1,000,000 total population",4.6
WHO_REGIONS,WPR,Western Pacific Region,2023.0,TYPHOID,Typhoid,"per 1,000,000 total population",75.8
WHO_REGIONS,WPR,Western Pacific Region,2023.0,YFEVER,Yellow fever,"per 1,000,000 total population",0.0
WHO_REGIONS,WPR,Western Pacific Region,2022.0,CRS,Congenital rubella syndrome,"per 10,000 live births",0.1
WHO_REGIONS,WPR,Western Pacific Region,2022.0,DIPHTHERIA,Diphtheria,"per 1,000,000 total population",0.1
WHO_REGIONS,WPR,Western Pacific Region,2022.0,INVASIVE_MENING,Invasive meningococcal disease,"per 1,000,000 total population",0.2
WHO_REGIONS,WPR,Western Pacific Region,2022.0,JAPENC,Japanese encephalitis,"per 1,000,000 total population",0.2
WHO_REGIONS,WPR,Western Pacific Region,2022.0,MEASLES,Measles,"per 1,000,000 total population",0.8
WHO_REGIONS,WPR,Western Pacific Region,2022.0,MUMPS,Mumps,"per 1,000,000 total population",72.6
WHO_REGIONS,WPR,Western Pacific Region,2022.0,NTETANUS,Neonatal tetanus,per 1000 live births,0.0
WHO_REGIONS,WPR,Western Pacific Region,2022.0,PERTUSSIS,Pertussis,"per 1,000,000 total population",21.7
WHO_REGIONS,WPR,Western Pacific Region,2022.0,POLIO,Poliomyelitis,"per 1,000,000 <15 population",0.0
WHO_REGIONS,WPR,Western Pacific Region,2022.0,RUBELLA,Rubella,"per 1,000,000 total population",0.6
WHO_REGIONS,WPR,Western Pacific Region,2022.0,TTETANUS,Total tetanus,"per 1,000,000 total population",0.6
WHO_REGIONS,WPR,Western Pacific Region,2022.0,TYPHOID,Typhoid,"per 1,000,000 total population",1.7
WHO_REGIONS,WPR,Western Pacific Region,2022.0,YFEVER,Yellow fever,"per 1,000,000 total population",0.0
WHO_REGIONS,WPR,Western Pacific Region,2021.0,CRS,Congenital rubella syndrome,"per 10,000 live births",0.0
WHO_REGIONS,WPR,Western Pacific Region,2021.0,DIPHTHERIA,Diphtheria,"per 1,000,000 total population",0.0
WHO_REGIONS,WPR,Western Pacific Region,2021.0,INVASIVE_MENING,Invasive meningococcal disease,"per 1,000,000 total population",0.2
WHO_REGIONS,WPR,Western Pacific Region,2021.0,JAPENC,Japanese encephalitis,"per 1,000,000 total population",0.2
WHO_REGIONS,WPR,Western Pacific Region,2021.0,MEASLES,Measles,"per 1,000,000 total population",0.6
WHO_REGIONS,WPR,Western Pacific Region,2021.0,MUMPS,Mumps,"per 1,000,000 total population",80.7
WHO_REGIONS,WPR,Western Pacific Region,2021.0,NTETANUS,Neonatal tetanus,per 1000 live births,0.0
WHO_REGIONS,WPR,Western Pacific Region,2021.0,PERTUSSIS,Pertussis,"per 1,000,000 total population",5.8
WHO_REGIONS,WPR,Western Pacific Region,2021.0,POLIO,Poliomyelitis,"per 1,000,000 <15 population",0.0
WHO_REGIONS,WPR,Western Pacific Region,2021.0,RUBELLA,Rubella,"per 1,000,000 total population",0.5
WHO_REGIONS,WPR,Western Pacific Region,2021.0,TTETANUS,Total tetanus,"per 1,000,000 total population",0.5
WHO_REGIONS,WPR,Western Pacific Region,2021.0,TYPHOID,Typhoid,"per 1,000,000 total population",1.8
WHO_REGIONS,WPR,Western Pacific Region,2021.0,YFEVER,Yellow fever,"per 1,000,000 total population",0.0
WHO_REGIONS,WPR,Western Pacific Region,2020.0,CRS,Congenital rubella syndrome,"per 10,000 live births",0.0
WHO_REGIONS,WPR,Western Pacific Region,2020.0,DIPHTHERIA,Diphtheria,"per 1,000,000 total population",0.2
WHO_REGIONS,WPR,Western Pacific Region,2020.0,INVASIVE_MENING,Invasive meningococcal disease,"per 1,000,000 total population",0.5
WHO_REGIONS,WPR,Western Pacific Region,2020.0,JAPENC,Japanese encephalitis,"per 1,000,000 total population",0.3
WHO_REGIONS,WPR,Western Pacific Region,2020.0,MEASLES,Measles,"per 1,000,000 total population",3.4
WHO_REGIONS,WPR,Western Pacific Region,2020.0,MUMPS,Mumps,"per 1,000,000 total population",87.2
WHO_REGIONS,WPR,Western Pacific Region,2020.0,NTETANUS,Neonatal tetanus,per 1000 live births,0.0
WHO_REGIONS,WPR,Western Pacific Region,2020.0,PERTUSSIS,Pertussis,"per 1,000,000 total population",6.1
WHO_REGIONS,WPR,Western Pacific Region,2020.0,POLIO,Poliomyelitis,"per 1,000,000 <15 population",0.0
WHO_REGIONS,WPR,Western Pacific Region,2020.0,RUBELLA,Rubella,"per 1,000,000 total population",1.6
WHO_REGIONS,WPR,Western Pacific Region,2020.0,TTETANUS,Total tetanus,"per 1,000,000 total population",0.6
WHO_REGIONS,WPR,Western Pacific Region,2020.0,TYPHOID,Typhoid,"per 1,000,000 total population",1.4
WHO_REGIONS,WPR,Western Pacific Region,2020.0,YFEVER,Yellow fever,"per 1,000,000 total population",0.0
WHO_REGIONS,WPR,Western Pacific Region,2019.0,CRS,Congenital rubella syndrome,"per 10,000 live births",0.0
WHO_REGIONS,WPR,Western Pacific Region,2019.0,DIPHTHERIA,Diphtheria,"per 1,000,000 total population",0.2
WHO_REGIONS,WPR,Western Pacific Region,2019.0,JAPENC,Japanese encephalitis,"per 1,000,000 total population",0.5
WHO_REGIONS,WPR,Western Pacific Region,2019.0,MEASLES,Measles,"per 1,000,000 total population",40.9
WHO_REGIONS,WPR,Western Pacific Region,2019.0,MUMPS,Mumps,"per 1,000,000 total population",127.6
WHO_REGIONS,WPR,Western Pacific Region,2019.0,NTETANUS,Neonatal tetanus,per 1000 live births,0.0
WHO_REGIONS,WPR,Western Pacific Region,2019.0,PERTUSSIS,Pertussis,"per 1,000,000 total population",33.2
WHO_REGIONS,WPR,Western Pacific Region,2019.0,POLIO,Poliomyelitis,"per 1,000,000 <15 population",0.0
WHO_REGIONS,WPR,Western Pacific Region,2019.0,RUBELLA,Rubella,"per 1,000,000 total population",18.4
WHO_REGIONS,WPR,Western Pacific Region,2019.0,TTETANUS,Total tetanus,"per 1,000,000 total population",3.3
WHO_REGIONS,WPR,Western Pacific Region,2019.0,TYPHOID,Typhoid,"per 1,000,000 total population",5.3
WHO_REGIONS,WPR,Western Pacific Region,2019.0,YFEVER,Yellow fever,"per 1,000,000 total population",0.0
WHO_REGIONS,WPR,Western Pacific Region,2018.0,CRS,Congenital rubella syndrome,"per 10,000 live births",0.1
WHO_REGIONS,WPR,Western Pacific Region,2018.0,DIPHTHERIA,Diphtheria,"per 1,000,000 total population",0.1
WHO_REGIONS,WPR,Western Pacific Region,2018.0,JAPENC,Japanese encephalitis,"per 1,000,000 total population",1.3
WHO_REGIONS,WPR,Western Pacific Region,2018.0,MEASLES,Measles,"per 1,000,000 total population",15.4
WHO_REGIONS,WPR,Western Pacific Region,2018.0,MUMPS,Mumps,"per 1,000,000 total population",183.9
WHO_REGIONS,WPR,Western Pacific Region,2018.0,NTETANUS,Neonatal tetanus,per 1000 live births,0.0
WHO_REGIONS,WPR,Western Pacific Region,2018.0,PERTUSSIS,Pertussis,"per 1,000,000 total population",27.9
WHO_REGIONS,WPR,Western Pacific Region,2018.0,POLIO,Poliomyelitis,"per 1,000,000 <15 population",0.1
WHO_REGIONS,WPR,Western Pacific Region,2018.0,RUBELLA,Rubella,"per 1,000,000 total population",3.8
WHO_REGIONS,WPR,Western Pacific Region,2018.0,TTETANUS,Total tetanus,"per 1,000,000 total population",3.3
WHO_REGIONS,WPR,Western Pacific Region,2018.0,TYPHOID,Typhoid,"per 1,000,000 total population",3.6
WHO_REGIONS,WPR,Western Pacific Region,2018.0,YFEVER,Yellow fever,"per 1,000,000 total population",0.0
WHO_REGIONS,WPR,Western Pacific Region,2017.0,CRS,Congenital rubella syndrome,"per 10,000 live births",0.1
WHO_REGIONS,WPR,Western Pacific Region,2017.0,DIPHTHERIA,Diphtheria,"per 1,000,000 total population",0.1
WHO_REGIONS,WPR,Western Pacific Region,2017.0,JAPENC,Japanese encephalitis,"per 1,000,000 total population",0.9
WHO_REGIONS,WPR,Western Pacific Region,2017.0,MEASLES,Measles,"per 1,000,000 total population",5.6
WHO_REGIONS,WPR,Western Pacific Region,2017.0,MUMPS,Mumps,"per 1,000,000 total population",204.3
WHO_REGIONS,WPR,Western Pacific Region,2017.0,NTETANUS,Neonatal tetanus,per 1000 live births,0.0
WHO_REGIONS,WPR,Western Pacific Region,2017.0,PERTUSSIS,Pertussis,"per 1,000,000 total population",14.6
WHO_REGIONS,WPR,Western Pacific Region,2017.0,POLIO,Poliomyelitis,"per 1,000,000 <15 population",0.0
WHO_REGIONS,WPR,Western Pacific Region,2017.0,RUBELLA,Rubella,"per 1,000,000 total population",1.3
WHO_REGIONS,WPR,Western Pacific Region,2017.0,TTETANUS,Total tetanus,"per 1,000,000 total population",3.6
WHO_REGIONS,WPR,Western Pacific Region,2017.0,YFEVER,Yellow fever,"per 1,000,000 total population",0.0
WHO_REGIONS,WPR,Western Pacific Region,2016.0,CRS,Congenital rubella syndrome,"per 10,000 live births",0.0
WHO_REGIONS,WPR,Western Pacific Region,2016.0,DIPHTHERIA,Diphtheria,"per 1,000,000 total population",0.1
WHO_REGIONS,WPR,Western Pacific Region,2016.0,JAPENC,Japanese encephalitis,"per 1,000,000 total population",1.0
WHO_REGIONS,WPR,Western Pacific Region,2016.0,MEASLES,Measles,"per 1,000,000 total population",30.8
WHO_REGIONS,WPR,Western Pacific Region,2016.0,MUMPS,Mumps,"per 1,000,000 total population",209.2
WHO_REGIONS,WPR,Western Pacific Region,2016.0,NTETANUS,Neonatal tetanus,per 1000 live births,0.0
WHO_REGIONS,WPR,Western Pacific Region,2016.0,PERTUSSIS,Pertussis,"per 1,000,000 total population",16.2
WHO_REGIONS,WPR,Western Pacific Region,2016.0,POLIO,Poliomyelitis,"per 1,000,000 <15 population",0.0
WHO_REGIONS,WPR,Western Pacific Region,2016.0,RUBELLA,Rubella,"per 1,000,000 total population",2.9
WHO_REGIONS,WPR,Western Pacific Region,2016.0,TTETANUS,Total tetanus,"per 1,000,000 total population",3.2
WHO_REGIONS,WPR,Western Pacific Region,2016.0,YFEVER,Yellow fever,"per 1,000,000 total population",0.0
WHO_REGIONS,WPR,Western Pacific Region,2015.0,CRS,Congenital rubella syndrome,"per 10,000 live births",0.0
WHO_REGIONS,WPR,Western Pacific Region,2015.0,DIPHTHERIA,Diphtheria,"per 1,000,000 total population",0.1
WHO_REGIONS,WPR,Western Pacific Region,2015.0,JAPENC,Japanese encephalitis,"per 1,000,000 total population",0.7
WHO_REGIONS,WPR,Western Pacific Region,2015.0,MEASLES,Measles,"per 1,000,000 total population",34.9
WHO_REGIONS,WPR,Western Pacific Region,2015.0,MUMPS,Mumps,"per 1,000,000 total population",157.3
WHO_REGIONS,WPR,Western Pacific Region,2015.0,NTETANUS,Neonatal tetanus,per 1000 live births,0.0
WHO_REGIONS,WPR,Western Pacific Region,2015.0,PERTUSSIS,Pertussis,"per 1,000,000 total population",18.5
WHO_REGIONS,WPR,Western Pacific Region,2015.0,POLIO,Poliomyelitis,"per 1,000,000 <15 population",0.0
WHO_REGIONS,WPR,Western Pacific Region,2015.0,RUBELLA,Rubella,"per 1,000,000 total population",5.0
WHO_REGIONS,WPR,Western Pacific Region,2015.0,TTETANUS,Total tetanus,"per 1,000,000 total population",3.1
WHO_REGIONS,WPR,Western Pacific Region,2015.0,YFEVER,Yellow fever,"per 1,000,000 total population",0.0
WHO_REGIONS,WPR,Western Pacific Region,2014.0,CRS,Congenital rubella syndrome,"per 10,000 live births",0.0
WHO_REGIONS,WPR,Western Pacific Region,2014.0,DIPHTHERIA,Diphtheria,"per 1,000,000 total population",0.0
WHO_REGIONS,WPR,Western Pacific Region,2014.0,JAPENC,Japanese encephalitis,"per 1,000,000 total population",0.8
WHO_REGIONS,WPR,Western Pacific Region,2014.0,MEASLES,Measles,"per 1,000,000 total population",70.7
WHO_REGIONS,WPR,Western Pacific Region,2014.0,MUMPS,Mumps,"per 1,000,000 total population",149.4
WHO_REGIONS,WPR,Western Pacific Region,2014.0,NTETANUS,Neonatal tetanus,per 1000 live births,0.0
WHO_REGIONS,WPR,Western Pacific Region,2014.0,PERTUSSIS,Pertussis,"per 1,000,000 total population",10.3
WHO_REGIONS,WPR,Western Pacific Region,2014.0,POLIO,Poliomyelitis,"per 1,000,000 <15 population",0.0
WHO_REGIONS,WPR,Western Pacific Region,2014.0,RUBELLA,Rubella,"per 1,000,000 total population",6.9
WHO_REGIONS,WPR,Western Pacific Region,2014.0,TTETANUS,Total tetanus,"per 1,000,000 total population",0.9
WHO_REGIONS,WPR,Western Pacific Region,2014.0,YFEVER,Yellow fever,"per 1,000,000 total population",0.0
WHO_REGIONS,WPR,Western Pacific Region,2013.0,CRS,Congenital rubella syndrome,"per 10,000 live births",0.1
WHO_REGIONS,WPR,Western Pacific Region,2013.0,DIPHTHERIA,Diphtheria,"per 1,000,000 total population",0.0
WHO_REGIONS,WPR,Western Pacific Region,2013.0,JAPENC,Japanese encephalitis,"per 1,000,000 total population",1.4
WHO_REGIONS,WPR,Western Pacific Region,2013.0,MEASLES,Measles,"per 1,000,000 total population",17.2
WHO_REGIONS,WPR,Western Pacific Region,2013.0,MUMPS,Mumps,"per 1,000,000 total population",242.6
WHO_REGIONS,WPR,Western Pacific Region,2013.0,NTETANUS,Neonatal tetanus,per 1000 live births,0.0
WHO_REGIONS,WPR,Western Pacific Region,2013.0,PERTUSSIS,Pertussis,"per 1,000,000 total population",12.3
WHO_REGIONS,WPR,Western Pacific Region,2013.0,POLIO,Poliomyelitis,"per 1,000,000 <15 population",0.0
WHO_REGIONS,WPR,Western Pacific Region,2013.0,RUBELLA,Rubella,"per 1,000,000 total population",18.2
WHO_REGIONS,WPR,Western Pacific Region,2013.0,TTETANUS,Total tetanus,"per 1,000,000 total population",1.2
WHO_REGIONS,WPR,Western Pacific Region,2013.0,YFEVER,Yellow fever,"per 1,000,000 total population",0.0
WHO_REGIONS,WPR,Western Pacific Region,2012.0,CRS,Congenital rubella syndrome,"per 10,000 live births",0.3
WHO_REGIONS,WPR,Western Pacific Region,2012.0,DIPHTHERIA,Diphtheria,"per 1,000,000 total population",0.1
WHO_REGIONS,WPR,Western Pacific Region,2012.0,JAPENC,Japanese encephalitis,"per 1,000,000 total population",1.2
WHO_REGIONS,WPR,Western Pacific Region,2012.0,MEASLES,Measles,"per 1,000,000 total population",5.9
WHO_REGIONS,WPR,Western Pacific Region,2012.0,MUMPS,Mumps,"per 1,000,000 total population",355.3
WHO_REGIONS,WPR,Western Pacific Region,2012.0,NTETANUS,Neonatal tetanus,per 1000 live births,0.0
WHO_REGIONS,WPR,Western Pacific Region,2012.0,PERTUSSIS,Pertussis,"per 1,000,000 total population",23.6
WHO_REGIONS,WPR,Western Pacific Region,2012.0,POLIO,Poliomyelitis,"per 1,000,000 <15 population",0.0
WHO_REGIONS,WPR,Western Pacific Region,2012.0,RUBELLA,Rubella,"per 1,000,000 total population",24.2
WHO_REGIONS,WPR,Western Pacific Region,2012.0,TTETANUS,Total tetanus,"per 1,000,000 total population",1.4
WHO_REGIONS,WPR,Western Pacific Region,2012.0,YFEVER,Yellow fever,"per 1,000,000 total population",0.0
WHO_REGIONS,WPR,Western Pacific Region,2011.0,CRS,Congenital rubella syndrome,"per 10,000 live births",0.6
WHO_REGIONS,WPR,Western Pacific Region,2011.0,DIPHTHERIA,Diphtheria,"per 1,000,000 total population",0.0
WHO_REGIONS,WPR,Western Pacific Region,2011.0,JAPENC,Japanese encephalitis,"per 1,000,000 total population",1.1
WHO_REGIONS,WPR,Western Pacific Region,2011.0,MEASLES,Measles,"per 1,000,000 total population",11.6
WHO_REGIONS,WPR,Western Pacific Region,2011.0,MUMPS,Mumps,"per 1,000,000 total population",379.4
WHO_REGIONS,WPR,Western Pacific Region,2011.0,NTETANUS,Neonatal tetanus,per 1000 live births,0.0
WHO_REGIONS,WPR,Western Pacific Region,2011.0,PERTUSSIS,Pertussis,"per 1,000,000 total population",30.5
WHO_REGIONS,WPR,Western Pacific Region,2011.0,POLIO,Poliomyelitis,"per 1,000,000 <15 population",0.1
WHO_REGIONS,WPR,Western Pacific Region,2011.0,RUBELLA,Rubella,"per 1,000,000 total population",41.8
WHO_REGIONS,WPR,Western Pacific Region,2011.0,TTETANUS,Total tetanus,"per 1,000,000 total population",4.4
WHO_REGIONS,WPR,Western Pacific Region,2011.0,YFEVER,Yellow fever,"per 1,000,000 total population",0.0
WHO_REGIONS,WPR,Western Pacific Region,2010.0,CRS,Congenital rubella syndrome,"per 10,000 live births",0.0
WHO_REGIONS,WPR,Western Pacific Region,2010.0,DIPHTHERIA,Diphtheria,"per 1,000,000 total population",0.1
WHO_REGIONS,WPR,Western Pacific Region,2010.0,JAPENC,Japanese encephalitis,"per 1,000,000 total population",1.7
WHO_REGIONS,WPR,Western Pacific Region,2010.0,MEASLES,Measles,"per 1,000,000 total population",27.4
WHO_REGIONS,WPR,Western Pacific Region,2010.0,MUMPS,Mumps,"per 1,000,000 total population",310.9
WHO_REGIONS,WPR,Western Pacific Region,2010.0,NTETANUS,Neonatal tetanus,per 1000 live births,0.1
WHO_REGIONS,WPR,Western Pacific Region,2010.0,PERTUSSIS,Pertussis,"per 1,000,000 total population",26.3
WHO_REGIONS,WPR,Western Pacific Region,2010.0,POLIO,Poliomyelitis,"per 1,000,000 <15 population",0.0
WHO_REGIONS,WPR,Western Pacific Region,2010.0,RUBELLA,Rubella,"per 1,000,000 total population",26.9
WHO_REGIONS,WPR,Western Pacific Region,2010.0,TTETANUS,Total tetanus,"per 1,000,000 total population",3.5
WHO_REGIONS,WPR,Western Pacific Region,2010.0,YFEVER,Yellow fever,"per 1,000,000 total population",0.0
WHO_REGIONS,WPR,Western Pacific Region,2009.0,CRS,Congenital rubella syndrome,"per 10,000 live births",0.1
WHO_REGIONS,WPR,Western Pacific Region,2009.0,DIPHTHERIA,Diphtheria,"per 1,000,000 total population",0.1
WHO_REGIONS,WPR,Western Pacific Region,2009.0,JAPENC,Japanese encephalitis,"per 1,000,000 total population",2.4
WHO_REGIONS,WPR,Western Pacific Region,2009.0,MEASLES,Measles,"per 1,000,000 total population",37.2
WHO_REGIONS,WPR,Western Pacific Region,2009.0,MUMPS,Mumps,"per 1,000,000 total population",265.7
WHO_REGIONS,WPR,Western Pacific Region,2009.0,NTETANUS,Neonatal tetanus,per 1000 live births,0.1
WHO_REGIONS,WPR,Western Pacific Region,2009.0,PERTUSSIS,Pertussis,"per 1,000,000 total population",22.7
WHO_REGIONS,WPR,Western Pacific Region,2009.0,POLIO,Poliomyelitis,"per 1,000,000 <15 population",0.0
WHO_REGIONS,WPR,Western Pacific Region,2009.0,RUBELLA,Rubella,"per 1,000,000 total population",41.4
WHO_REGIONS,WPR,Western Pacific Region,2009.0,TTETANUS,Total tetanus,"per 1,000,000 total population",3.5
WHO_REGIONS,WPR,Western Pacific Region,2009.0,YFEVER,Yellow fever,"per 1,000,000 total population",0.0
WHO_REGIONS,WPR,Western Pacific Region,2008.0,CRS,Congenital rubella syndrome,"per 10,000 live births",0.0
WHO_REGIONS,WPR,Western Pacific Region,2008.0,DIPHTHERIA,Diphtheria,"per 1,000,000 total population",0.1
WHO_REGIONS,WPR,Western Pacific Region,2008.0,JAPENC,Japanese encephalitis,"per 1,000,000 total population",1.9
WHO_REGIONS,WPR,Western Pacific Region,2008.0,MEASLES,Measles,"per 1,000,000 total population",83.4
WHO_REGIONS,WPR,Western Pacific Region,2008.0,MUMPS,Mumps,"per 1,000,000 total population",248.0
WHO_REGIONS,WPR,Western Pacific Region,2008.0,NTETANUS,Neonatal tetanus,per 1000 live births,0.1
WHO_REGIONS,WPR,Western Pacific Region,2008.0,PERTUSSIS,Pertussis,"per 1,000,000 total population",14.3
WHO_REGIONS,WPR,Western Pacific Region,2008.0,POLIO,Poliomyelitis,"per 1,000,000 <15 population",0.0
WHO_REGIONS,WPR,Western Pacific Region,2008.0,RUBELLA,Rubella,"per 1,000,000 total population",72.4
WHO_REGIONS,WPR,Western Pacific Region,2008.0,TTETANUS,Total tetanus,"per 1,000,000 total population",1.9
WHO_REGIONS,WPR,Western Pacific Region,2008.0,YFEVER,Yellow fever,"per 1,000,000 total population",0.0
WHO_REGIONS,WPR,Western Pacific Region,2007.0,CRS,Congenital rubella syndrome,"per 10,000 live births",0.4
WHO_REGIONS,WPR,Western Pacific Region,2007.0,DIPHTHERIA,Diphtheria,"per 1,000,000 total population",0.0
WHO_REGIONS,WPR,Western Pacific Region,2007.0,JAPENC,Japanese encephalitis,"per 1,000,000 total population",3.2
WHO_REGIONS,WPR,Western Pacific Region,2007.0,MEASLES,Measles,"per 1,000,000 total population",68.6
WHO_REGIONS,WPR,Western Pacific Region,2007.0,MUMPS,Mumps,"per 1,000,000 total population",185.3
WHO_REGIONS,WPR,Western Pacific Region,2007.0,NTETANUS,Neonatal tetanus,per 1000 live births,0.1
WHO_REGIONS,WPR,Western Pacific Region,2007.0,PERTUSSIS,Pertussis,"per 1,000,000 total population",21.8
WHO_REGIONS,WPR,Western Pacific Region,2007.0,POLIO,Poliomyelitis,"per 1,000,000 <15 population",0.0
WHO_REGIONS,WPR,Western Pacific Region,2007.0,RUBELLA,Rubella,"per 1,000,000 total population",56.1
WHO_REGIONS,WPR,Western Pacific Region,2007.0,TTETANUS,Total tetanus,"per 1,000,000 total population",2.4
WHO_REGIONS,WPR,Western Pacific Region,2007.0,YFEVER,Yellow fever,"per 1,000,000 total population",0.0
WHO_REGIONS,WPR,Western Pacific Region,2006.0,CRS,Congenital rubella syndrome,"per 10,000 live births",0.0
WHO_REGIONS,WPR,Western Pacific Region,2006.0,DIPHTHERIA,Diphtheria,"per 1,000,000 total population",0.0
WHO_REGIONS,WPR,Western Pacific Region,2006.0,JAPENC,Japanese encephalitis,"per 1,000,000 total population",5.1
WHO_REGIONS,WPR,Western Pacific Region,2006.0,MEASLES,Measles,"per 1,000,000 total population",59.6
WHO_REGIONS,WPR,Western Pacific Region,2006.0,MUMPS,Mumps,"per 1,000,000 total population",320.4
WHO_REGIONS,WPR,Western Pacific Region,2006.0,NTETANUS,Neonatal tetanus,per 1000 live births,0.1
WHO_REGIONS,WPR,Western Pacific Region,2006.0,PERTUSSIS,Pertussis,"per 1,000,000 total population",5.3
WHO_REGIONS,WPR,Western Pacific Region,2006.0,POLIO,Poliomyelitis,"per 1,000,000 <15 population",0.0
WHO_REGIONS,WPR,Western Pacific Region,2006.0,RUBELLA,Rubella,"per 1,000,000 total population",26.8
WHO_REGIONS,WPR,Western Pacific Region,2006.0,TTETANUS,Total tetanus,"per 1,000,000 total population",5.7
WHO_REGIONS,WPR,Western Pacific Region,2006.0,YFEVER,Yellow fever,"per 1,000,000 total population",0.0
WHO_REGIONS,WPR,Western Pacific Region,2005.0,CRS,Congenital rubella syndrome,"per 10,000 live births",0.0
WHO_REGIONS,WPR,Western Pacific Region,2005.0,DIPHTHERIA,Diphtheria,"per 1,000,000 total population",0.5
WHO_REGIONS,WPR,Western Pacific Region,2005.0,MEASLES,Measles,"per 1,000,000 total population",79.4
WHO_REGIONS,WPR,Western Pacific Region,2005.0,MUMPS,Mumps,"per 1,000,000 total population",200.3
WHO_REGIONS,WPR,Western Pacific Region,2005.0,NTETANUS,Neonatal tetanus,per 1000 live births,0.1
WHO_REGIONS,WPR,Western Pacific Region,2005.0,PERTUSSIS,Pertussis,"per 1,000,000 total population",13.4
WHO_REGIONS,WPR,Western Pacific Region,2005.0,POLIO,Poliomyelitis,"per 1,000,000 <15 population",0.0
WHO_REGIONS,WPR,Western Pacific Region,2005.0,RUBELLA,Rubella,"per 1,000,000 total population",18.4
WHO_REGIONS,WPR,Western Pacific Region,2005.0,TTETANUS,Total tetanus,"per 1,000,000 total population",2.5
WHO_REGIONS,WPR,Western Pacific Region,2005.0,YFEVER,Yellow fever,"per 1,000,000 total population",0.0
WHO_REGIONS,WPR,Western Pacific Region,2004.0,CRS,Congenital rubella syndrome,"per 10,000 live births",0.0
WHO_REGIONS,WPR,Western Pacific Region,2004.0,DIPHTHERIA,Diphtheria,"per 1,000,000 total population",0.1
WHO_REGIONS,WPR,Western Pacific Region,2004.0,MEASLES,Measles,"per 1,000,000 total population",53.1
WHO_REGIONS,WPR,Western Pacific Region,2004.0,MUMPS,Mumps,"per 1,000,000 total population",208.3
WHO_REGIONS,WPR,Western Pacific Region,2004.0,NTETANUS,Neonatal tetanus,per 1000 live births,0.2
WHO_REGIONS,WPR,Western Pacific Region,2004.0,PERTUSSIS,Pertussis,"per 1,000,000 total population",12.2
WHO_REGIONS,WPR,Western Pacific Region,2004.0,POLIO,Poliomyelitis,"per 1,000,000 <15 population",0.0
WHO_REGIONS,WPR,Western Pacific Region,2004.0,RUBELLA,Rubella,"per 1,000,000 total population",17.0
WHO_REGIONS,WPR,Western Pacific Region,2004.0,TTETANUS,Total tetanus,"per 1,000,000 total population",6.1
WHO_REGIONS,WPR,Western Pacific Region,2004.0,YFEVER,Yellow fever,"per 1,000,000 total population",0.0
WHO_REGIONS,WPR,Western Pacific Region,2003.0,CRS,Congenital rubella syndrome,"per 10,000 live births",0.0
WHO_REGIONS,WPR,Western Pacific Region,2003.0,DIPHTHERIA,Diphtheria,"per 1,000,000 total population",0.4
WHO_REGIONS,WPR,Western Pacific Region,2003.0,MEASLES,Measles,"per 1,000,000 total population",59.3
WHO_REGIONS,WPR,Western Pacific Region,2003.0,MUMPS,Mumps,"per 1,000,000 total population",423.2
WHO_REGIONS,WPR,Western Pacific Region,2003.0,NTETANUS,Neonatal tetanus,per 1000 live births,0.1
WHO_REGIONS,WPR,Western Pacific Region,2003.0,PERTUSSIS,Pertussis,"per 1,000,000 total population",6.6
WHO_REGIONS,WPR,Western Pacific Region,2003.0,POLIO,Poliomyelitis,"per 1,000,000 <15 population",0.0
WHO_REGIONS,WPR,Western Pacific Region,2003.0,RUBELLA,Rubella,"per 1,000,000 total population",24.1
WHO_REGIONS,WPR,Western Pacific Region,2003.0,TTETANUS,Total tetanus,"per 1,000,000 total population",5.3
WHO_REGIONS,WPR,Western Pacific Region,2003.0,YFEVER,Yellow fever,"per 1,000,000 total population",0.0
WHO_REGIONS,WPR,Western Pacific Region,2002.0,CRS,Congenital rubella syndrome,"per 10,000 live births",0.0
WHO_REGIONS,WPR,Western Pacific Region,2002.0,DIPHTHERIA,Diphtheria,"per 1,000,000 total population",0.2
WHO_REGIONS,WPR,Western Pacific Region,2002.0,MEASLES,Measles,"per 1,000,000 total population",75.9
WHO_REGIONS,WPR,Western Pacific Region,2002.0,MUMPS,Mumps,"per 1,000,000 total population",1247.8
WHO_REGIONS,WPR,Western Pacific Region,2002.0,NTETANUS,Neonatal tetanus,per 1000 live births,0.1
WHO_REGIONS,WPR,Western Pacific Region,2002.0,PERTUSSIS,Pertussis,"per 1,000,000 total population",18.1
WHO_REGIONS,WPR,Western Pacific Region,2002.0,POLIO,Poliomyelitis,"per 1,000,000 <15 population",0.0
WHO_REGIONS,WPR,Western Pacific Region,2002.0,RUBELLA,Rubella,"per 1,000,000 total population",15.6
WHO_REGIONS,WPR,Western Pacific Region,2002.0,TTETANUS,Total tetanus,"per 1,000,000 total population",6.7
WHO_REGIONS,WPR,Western Pacific Region,2002.0,YFEVER,Yellow fever,"per 1,000,000 total population",0.0
WHO_REGIONS,WPR,Western Pacific Region,2001.0,CRS,Congenital rubella syndrome,"per 10,000 live births",0.0
WHO_REGIONS,WPR,Western Pacific Region,2001.0,DIPHTHERIA,Diphtheria,"per 1,000,000 total population",0.3
WHO_REGIONS,WPR,Western Pacific Region,2001.0,MEASLES,Measles,"per 1,000,000 total population",103.7
WHO_REGIONS,WPR,Western Pacific Region,2001.0,MUMPS,Mumps,"per 1,000,000 total population",673.3
WHO_REGIONS,WPR,Western Pacific Region,2001.0,NTETANUS,Neonatal tetanus,per 1000 live births,0.1
WHO_REGIONS,WPR,Western Pacific Region,2001.0,PERTUSSIS,Pertussis,"per 1,000,000 total population",19.0
WHO_REGIONS,WPR,Western Pacific Region,2001.0,POLIO,Poliomyelitis,"per 1,000,000 <15 population",0.0
WHO_REGIONS,WPR,Western Pacific Region,2001.0,RUBELLA,Rubella,"per 1,000,000 total population",25.6
WHO_REGIONS,WPR,Western Pacific Region,2001.0,TTETANUS,Total tetanus,"per 1,000,000 total population",6.8
WHO_REGIONS,WPR,Western Pacific Region,2001.0,YFEVER,Yellow fever,"per 1,000,000 total population",0.0
WHO_REGIONS,WPR,Western Pacific Region,2000.0,CRS,Congenital rubella syndrome,"per 10,000 live births",0.0
WHO_REGIONS,WPR,Western Pacific Region,2000.0,DIPHTHERIA,Diphtheria,"per 1,000,000 total population",0.1
WHO_REGIONS,WPR,Western Pacific Region,2000.0,MEASLES,Measles,"per 1,000,000 total population",105.6
WHO_REGIONS,WPR,Western Pacific Region,2000.0,MUMPS,Mumps,"per 1,000,000 total population",700.7
WHO_REGIONS,WPR,Western Pacific Region,2000.0,NTETANUS,Neonatal tetanus,per 1000 live births,0.2
WHO_REGIONS,WPR,Western Pacific Region,2000.0,PERTUSSIS,Pertussis,"per 1,000,000 total population",15.1
WHO_REGIONS,WPR,Western Pacific Region,2000.0,POLIO,Poliomyelitis,"per 1,000,000 <15 population",0.0
WHO_REGIONS,WPR,Western Pacific Region,2000.0,RUBELLA,Rubella,"per 1,000,000 total population",26.9
WHO_REGIONS,WPR,Western Pacific Region,2000.0,TTETANUS,Total tetanus,"per 1,000,000 total population",5.0
WHO_REGIONS,WPR,Western Pacific Region,2000.0,YFEVER,Yellow fever,"per 1,000,000 total population",0.0
WHO_REGIONS,WPR,Western Pacific Region,1999.0,CRS,Congenital rubella syndrome,"per 10,000 live births",0.2
WHO_REGIONS,WPR,Western Pacific Region,1999.0,DIPHTHERIA,Diphtheria,"per 1,000,000 total population",0.1
WHO_REGIONS,WPR,Western Pacific Region,1999.0,MEASLES,Measles,"per 1,000,000 total population",70.1
WHO_REGIONS,WPR,Western Pacific Region,1999.0,MUMPS,Mumps,"per 1,000,000 total population",236.5
WHO_REGIONS,WPR,Western Pacific Region,1999.0,NTETANUS,Neonatal tetanus,per 1000 live births,0.2
WHO_REGIONS,WPR,Western Pacific Region,1999.0,PERTUSSIS,Pertussis,"per 1,000,000 total population",12.0
WHO_REGIONS,WPR,Western Pacific Region,1999.0,POLIO,Poliomyelitis,"per 1,000,000 <15 population",
WHO_REGIONS,WPR,Western Pacific Region,1999.0,RUBELLA,Rubella,"per 1,000,000 total population",8.1
WHO_REGIONS,WPR,Western Pacific Region,1999.0,TTETANUS,Total tetanus,"per 1,000,000 total population",11.8
WHO_REGIONS,WPR,Western Pacific Region,1999.0,YFEVER,Yellow fever,"per 1,000,000 total population",0.0
WHO_REGIONS,WPR,Western Pacific Region,1998.0,DIPHTHERIA,Diphtheria,"per 1,000,000 total population",0.6
WHO_REGIONS,WPR,Western Pacific Region,1998.0,MEASLES,Measles,"per 1,000,000 total population",46.6
WHO_REGIONS,WPR,Western Pacific Region,1998.0,NTETANUS,Neonatal tetanus,per 1000 live births,0.2
WHO_REGIONS,WPR,Western Pacific Region,1998.0,PERTUSSIS,Pertussis,"per 1,000,000 total population",9.6
WHO_REGIONS,WPR,Western Pacific Region,1998.0,POLIO,Poliomyelitis,"per 1,000,000 <15 population",
WHO_REGIONS,WPR,Western Pacific Region,1998.0,TTETANUS,Total tetanus,"per 1,000,000 total population",3.8
WHO_REGIONS,WPR,Western Pacific Region,1998.0,YFEVER,Yellow fever,"per 1,000,000 total population",0.0
WHO_REGIONS,WPR,Western Pacific Region,1997.0,DIPHTHERIA,Diphtheria,"per 1,000,000 total population",0.3
WHO_REGIONS,WPR,Western Pacific Region,1997.0,MEASLES,Measles,"per 1,000,000 total population",71.4
WHO_REGIONS,WPR,Western Pacific Region,1997.0,NTETANUS,Neonatal tetanus,per 1000 live births,0.2
WHO_REGIONS,WPR,Western Pacific Region,1997.0,PERTUSSIS,Pertussis,"per 1,000,000 total population",17.2
WHO_REGIONS,WPR,Western Pacific Region,1997.0,POLIO,Poliomyelitis,"per 1,000,000 <15 population",
WHO_REGIONS,WPR,Western Pacific Region,1997.0,TTETANUS,Total tetanus,"per 1,000,000 total population",8.3
WHO_REGIONS,WPR,Western Pacific Region,1997.0,YFEVER,Yellow fever,"per 1,000,000 total population",
WHO_REGIONS,WPR,Western Pacific Region,1996.0,DIPHTHERIA,Diphtheria,"per 1,000,000 total population",1.8
WHO_REGIONS,WPR,Western Pacific Region,1996.0,MEASLES,Measles,"per 1,000,000 total population",53.6
WHO_REGIONS,WPR,Western Pacific Region,1996.0,NTETANUS,Neonatal tetanus,per 1000 live births,0.1
WHO_REGIONS,WPR,Western Pacific Region,1996.0,PERTUSSIS,Pertussis,"per 1,000,000 total population",26.9
WHO_REGIONS,WPR,Western Pacific Region,1996.0,POLIO,Poliomyelitis,"per 1,000,000 <15 population",
WHO_REGIONS,WPR,Western Pacific Region,1996.0,TTETANUS,Total tetanus,"per 1,000,000 total population",4.1
WHO_REGIONS,WPR,Western Pacific Region,1996.0,YFEVER,Yellow fever,"per 1,000,000 total population",0.0
WHO_REGIONS,WPR,Western Pacific Region,1995.0,DIPHTHERIA,Diphtheria,"per 1,000,000 total population",0.4
WHO_REGIONS,WPR,Western Pacific Region,1995.0,MEASLES,Measles,"per 1,000,000 total population",51.1
WHO_REGIONS,WPR,Western Pacific Region,1995.0,NTETANUS,Neonatal tetanus,per 1000 live births,0.1
WHO_REGIONS,WPR,Western Pacific Region,1995.0,PERTUSSIS,Pertussis,"per 1,000,000 total population",10.3
WHO_REGIONS,WPR,Western Pacific Region,1995.0,POLIO,Poliomyelitis,"per 1,000,000 <15 population",
WHO_REGIONS,WPR,Western Pacific Region,1995.0,TTETANUS,Total tetanus,"per 1,000,000 total population",11.4
WHO_REGIONS,WPR,Western Pacific Region,1995.0,YFEVER,Yellow fever,"per 1,000,000 total population",
WHO_REGIONS,WPR,Western Pacific Region,1994.0,DIPHTHERIA,Diphtheria,"per 1,000,000 total population",0.6
WHO_REGIONS,WPR,Western Pacific Region,1994.0,MEASLES,Measles,"per 1,000,000 total population",78.9
WHO_REGIONS,WPR,Western Pacific Region,1994.0,NTETANUS,Neonatal tetanus,per 1000 live births,0.2
WHO_REGIONS,WPR,Western Pacific Region,1994.0,PERTUSSIS,Pertussis,"per 1,000,000 total population",13.4
WHO_REGIONS,WPR,Western Pacific Region,1994.0,POLIO,Poliomyelitis,"per 1,000,000 <15 population",
WHO_REGIONS,WPR,Western Pacific Region,1994.0,TTETANUS,Total tetanus,"per 1,000,000 total population",14.8
WHO_REGIONS,WPR,Western Pacific Region,1994.0,YFEVER,Yellow fever,"per 1,000,000 total population",
WHO_REGIONS,WPR,Western Pacific Region,1993.0,DIPHTHERIA,Diphtheria,"per 1,000,000 total population",0.5
WHO_REGIONS,WPR,Western Pacific Region,1993.0,MEASLES,Measles,"per 1,000,000 total population",103.2
WHO_REGIONS,WPR,Western Pacific Region,1993.0,NTETANUS,Neonatal tetanus,per 1000 live births,0.2
WHO_REGIONS,WPR,Western Pacific Region,1993.0,PERTUSSIS,Pertussis,"per 1,000,000 total population",12.7
WHO_REGIONS,WPR,Western Pacific Region,1993.0,POLIO,Poliomyelitis,"per 1,000,000 <15 population",
WHO_REGIONS,WPR,Western Pacific Region,1993.0,TTETANUS,Total tetanus,"per 1,000,000 total population",9.6
WHO_REGIONS,WPR,Western Pacific Region,1993.0,YFEVER,Yellow fever,"per 1,000,000 total population",
WHO_REGIONS,WPR,Western Pacific Region,1992.0,DIPHTHERIA,Diphtheria,"per 1,000,000 total population",1.0
WHO_REGIONS,WPR,Western Pacific Region,1992.0,MEASLES,Measles,"per 1,000,000 total population",152.4
WHO_REGIONS,WPR,Western Pacific Region,1992.0,NTETANUS,Neonatal tetanus,per 1000 live births,0.1
WHO_REGIONS,WPR,Western Pacific Region,1992.0,PERTUSSIS,Pertussis,"per 1,000,000 total population",18.6
WHO_REGIONS,WPR,Western Pacific Region,1992.0,POLIO,Poliomyelitis,"per 1,000,000 <15 population",
WHO_REGIONS,WPR,Western Pacific Region,1992.0,TTETANUS,Total tetanus,"per 1,000,000 total population",7.4
WHO_REGIONS,WPR,Western Pacific Region,1992.0,YFEVER,Yellow fever,"per 1,000,000 total population",
WHO_REGIONS,WPR,Western Pacific Region,1991.0,DIPHTHERIA,Diphtheria,"per 1,000,000 total population",1.2
WHO_REGIONS,WPR,Western Pacific Region,1991.0,MEASLES,Measles,"per 1,000,000 total population",125.5
WHO_REGIONS,WPR,Western Pacific Region,1991.0,NTETANUS,Neonatal tetanus,per 1000 live births,0.1
WHO_REGIONS,WPR,Western Pacific Region,1991.0,PERTUSSIS,Pertussis,"per 1,000,000 total population",16.2
WHO_REGIONS,WPR,Western Pacific Region,1991.0,POLIO,Poliomyelitis,"per 1,000,000 <15 population",
WHO_REGIONS,WPR,Western Pacific Region,1991.0,TTETANUS,Total tetanus,"per 1,000,000 total population",8.0
WHO_REGIONS,WPR,Western Pacific Region,1991.0,YFEVER,Yellow fever,"per 1,000,000 total population",
WHO_REGIONS,WPR,Western Pacific Region,1990.0,DIPHTHERIA,Diphtheria,"per 1,000,000 total population",1.4
WHO_REGIONS,WPR,Western Pacific Region,1990.0,MEASLES,Measles,"per 1,000,000 total population",103.2
WHO_REGIONS,WPR,Western Pacific Region,1990.0,NTETANUS,Neonatal tetanus,per 1000 live births,0.1
WHO_REGIONS,WPR,Western Pacific Region,1990.0,PERTUSSIS,Pertussis,"per 1,000,000 total population",23.6
WHO_REGIONS,WPR,Western Pacific Region,1990.0,POLIO,Poliomyelitis,"per 1,000,000 <15 population",
WHO_REGIONS,WPR,Western Pacific Region,1990.0,TTETANUS,Total tetanus,"per 1,000,000 total population",9.6
WHO_REGIONS,WPR,Western Pacific Region,1990.0,YFEVER,Yellow fever,"per 1,000,000 total population",
WHO_REGIONS,WPR,Western Pacific Region,1989.0,DIPHTHERIA,Diphtheria,"per 1,000,000 total population",1.4
WHO_REGIONS,WPR,Western Pacific Region,1989.0,MEASLES,Measles,"per 1,000,000 total population",149.6
WHO_REGIONS,WPR,Western Pacific Region,1989.0,NTETANUS,Neonatal tetanus,per 1000 live births,0.1
WHO_REGIONS,WPR,Western Pacific Region,1989.0,PERTUSSIS,Pertussis,"per 1,000,000 total population",38.1
WHO_REGIONS,WPR,Western Pacific Region,1989.0,POLIO,Poliomyelitis,"per 1,000,000 <15 population",
WHO_REGIONS,WPR,Western Pacific Region,1989.0,TTETANUS,Total tetanus,"per 1,000,000 total population",15.4
WHO_REGIONS,WPR,Western Pacific Region,1989.0,YFEVER,Yellow fever,"per 1,000,000 total population",
WHO_REGIONS,WPR,Western Pacific Region,1988.0,DIPHTHERIA,Diphtheria,"per 1,000,000 total population",1.8
WHO_REGIONS,WPR,Western Pacific Region,1988.0,MEASLES,Measles,"per 1,000,000 total population",148.8
WHO_REGIONS,WPR,Western Pacific Region,1988.0,NTETANUS,Neonatal tetanus,per 1000 live births,0.2
WHO_REGIONS,WPR,Western Pacific Region,1988.0,PERTUSSIS,Pertussis,"per 1,000,000 total population",49.8
WHO_REGIONS,WPR,Western Pacific Region,1988.0,POLIO,Poliomyelitis,"per 1,000,000 <15 population",
WHO_REGIONS,WPR,Western Pacific Region,1988.0,TTETANUS,Total tetanus,"per 1,000,000 total population",17.2
WHO_REGIONS,WPR,Western Pacific Region,1988.0,YFEVER,Yellow fever,"per 1,000,000 total population",
WHO_REGIONS,WPR,Western Pacific Region,1987.0,DIPHTHERIA,Diphtheria,"per 1,000,000 total population",2.8
WHO_REGIONS,WPR,Western Pacific Region,1987.0,MEASLES,Measles,"per 1,000,000 total population",180.0
WHO_REGIONS,WPR,Western Pacific Region,1987.0,NTETANUS,Neonatal tetanus,per 1000 live births,0.4
WHO_REGIONS,WPR,Western Pacific Region,1987.0,PERTUSSIS,Pertussis,"per 1,000,000 total population",76.4
WHO_REGIONS,WPR,Western Pacific Region,1987.0,POLIO,Poliomyelitis,"per 1,000,000 <15 population",
WHO_REGIONS,WPR,Western Pacific Region,1987.0,TTETANUS,Total tetanus,"per 1,000,000 total population",15.2
WHO_REGIONS,WPR,Western Pacific Region,1987.0,YFEVER,Yellow fever,"per 1,000,000 total population",
WHO_REGIONS,WPR,Western Pacific Region,1986.0,DIPHTHERIA,Diphtheria,"per 1,000,000 total population",3.4
WHO_REGIONS,WPR,Western Pacific Region,1986.0,MEASLES,Measles,"per 1,000,000 total population",272.4
WHO_REGIONS,WPR,Western Pacific Region,1986.0,NTETANUS,Neonatal tetanus,per 1000 live births,0.5
WHO_REGIONS,WPR,Western Pacific Region,1986.0,PERTUSSIS,Pertussis,"per 1,000,000 total population",113.9
WHO_REGIONS,WPR,Western Pacific Region,1986.0,POLIO,Poliomyelitis,"per 1,000,000 <15 population",
WHO_REGIONS,WPR,Western Pacific Region,1986.0,TTETANUS,Total tetanus,"per 1,000,000 total population",17.1
WHO_REGIONS,WPR,Western Pacific Region,1986.0,YFEVER,Yellow fever,"per 1,000,000 total population",
WHO_REGIONS,WPR,Western Pacific Region,1985.0,DIPHTHERIA,Diphtheria,"per 1,000,000 total population",4.3
WHO_REGIONS,WPR,Western Pacific Region,1985.0,MEASLES,Measles,"per 1,000,000 total population",459.7
WHO_REGIONS,WPR,Western Pacific Region,1985.0,NTETANUS,Neonatal tetanus,per 1000 live births,0.5
WHO_REGIONS,WPR,Western Pacific Region,1985.0,PERTUSSIS,Pertussis,"per 1,000,000 total population",176.5
WHO_REGIONS,WPR,Western Pacific Region,1985.0,POLIO,Poliomyelitis,"per 1,000,000 <15 population",
WHO_REGIONS,WPR,Western Pacific Region,1985.0,TTETANUS,Total tetanus,"per 1,000,000 total population",19.9
WHO_REGIONS,WPR,Western Pacific Region,1985.0,YFEVER,Yellow fever,"per 1,000,000 total population",
WHO_REGIONS,WPR,Western Pacific Region,1984.0,DIPHTHERIA,Diphtheria,"per 1,000,000 total population",6.0
WHO_REGIONS,WPR,Western Pacific Region,1984.0,MEASLES,Measles,"per 1,000,000 total population",660.2
WHO_REGIONS,WPR,Western Pacific Region,1984.0,NTETANUS,Neonatal tetanus,per 1000 live births,0.5
WHO_REGIONS,WPR,Western Pacific Region,1984.0,PERTUSSIS,Pertussis,"per 1,000,000 total population",234.9
WHO_REGIONS,WPR,Western Pacific Region,1984.0,POLIO,Poliomyelitis,"per 1,000,000 <15 population",
WHO_REGIONS,WPR,Western Pacific Region,1984.0,TTETANUS,Total tetanus,"per 1,000,000 total population",17.7
WHO_REGIONS,WPR,Western Pacific Region,1984.0,YFEVER,Yellow fever,"per 1,000,000 total population",
WHO_REGIONS,WPR,Western Pacific Region,1983.0,DIPHTHERIA,Diphtheria,"per 1,000,000 total population",9.7
WHO_REGIONS,WPR,Western Pacific Region,1983.0,MEASLES,Measles,"per 1,000,000 total population",747.0
WHO_REGIONS,WPR,Western Pacific Region,1983.0,NTETANUS,Neonatal tetanus,per 1000 live births,0.4
WHO_REGIONS,WPR,Western Pacific Region,1983.0,PERTUSSIS,Pertussis,"per 1,000,000 total population",344.1
WHO_REGIONS,WPR,Western Pacific Region,1983.0,POLIO,Poliomyelitis,"per 1,000,000 <15 population",
WHO_REGIONS,WPR,Western Pacific Region,1983.0,TTETANUS,Total tetanus,"per 1,000,000 total population",15.1
WHO_REGIONS,WPR,Western Pacific Region,1983.0,YFEVER,Yellow fever,"per 1,000,000 total population",
WHO_REGIONS,WPR,Western Pacific Region,1982.0,DIPHTHERIA,Diphtheria,"per 1,000,000 total population",10.5
WHO_REGIONS,WPR,Western Pacific Region,1982.0,MEASLES,Measles,"per 1,000,000 total population",841.4
WHO_REGIONS,WPR,Western Pacific Region,1982.0,NTETANUS,Neonatal tetanus,per 1000 live births,0.5
WHO_REGIONS,WPR,Western Pacific Region,1982.0,PERTUSSIS,Pertussis,"per 1,000,000 total population",435.2
WHO_REGIONS,WPR,Western Pacific Region,1982.0,POLIO,Poliomyelitis,"per 1,000,000 <15 population",
WHO_REGIONS,WPR,Western Pacific Region,1982.0,TTETANUS,Total tetanus,"per 1,000,000 total population",21.5
WHO_REGIONS,WPR,Western Pacific Region,1982.0,YFEVER,Yellow fever,"per 1,000,000 total population",
WHO_REGIONS,WPR,Western Pacific Region,1981.0,DIPHTHERIA,Diphtheria,"per 1,000,000 total population",10.2
WHO_REGIONS,WPR,Western Pacific Region,1981.0,MEASLES,Measles,"per 1,000,000 total population",927.3
WHO_REGIONS,WPR,Western Pacific Region,1981.0,NTETANUS,Neonatal tetanus,per 1000 live births,0.4
WHO_REGIONS,WPR,Western Pacific Region,1981.0,PERTUSSIS,Pertussis,"per 1,000,000 total population",513.8
WHO_REGIONS,WPR,Western Pacific Region,1981.0,POLIO,Poliomyelitis,"per 1,000,000 <15 population",
WHO_REGIONS,WPR,Western Pacific Region,1981.0,TTETANUS,Total tetanus,"per 1,000,000 total population",17.2
WHO_REGIONS,WPR,Western Pacific Region,1981.0,YFEVER,Yellow fever,"per 1,000,000 total population",
WHO_REGIONS,WPR,Western Pacific Region,1980.0,DIPHTHERIA,Diphtheria,"per 1,000,000 total population",11.8
WHO_REGIONS,WPR,Western Pacific Region,1980.0,MEASLES,Measles,"per 1,000,000 total population",1040.7
WHO_REGIONS,WPR,Western Pacific Region,1980.0,NTETANUS,Neonatal tetanus,per 1000 live births,0.7
WHO_REGIONS,WPR,Western Pacific Region,1980.0,PERTUSSIS,Pertussis,"per 1,000,000 total population",643.6
WHO_REGIONS,WPR,Western Pacific Region,1980.0,POLIO,Poliomyelitis,"per 1,000,000 <15 population",
WHO_REGIONS,WPR,Western Pacific Region,1980.0,TTETANUS,Total tetanus,"per 1,000,000 total population",27.6
WHO_REGIONS,WPR,Western Pacific Region,1980.0,YFEVER,Yellow fever,"per 1,000,000 total population",
